season,date,matchday,home,away,final_score,score_after_goal,minute,scorer,scorer_team,own_goal,tm_match_id,checked_fussballdaten
2000/01,2000-11-04,11,Bayern Munich,Dortmund,6:2,0:1,2,Heiko Herrlich,Dortmund,no,18547,yes
2000/01,2000-11-04,11,Bayern Munich,Dortmund,6:2,1:1,7,Hasan Salihamidzic,Bayern Munich,no,18547,yes
2000/01,2000-11-04,11,Bayern Munich,Dortmund,6:2,2:1,10,Giovane Elber,Bayern Munich,no,18547,yes
2000/01,2000-11-04,11,Bayern Munich,Dortmund,6:2,3:1,39,Mehmet Scholl,Bayern Munich,no,18547,yes
2000/01,2000-11-04,11,Bayern Munich,Dortmund,6:2,4:1,58,Mehmet Scholl,Bayern Munich,no,18547,yes
2000/01,2000-11-04,11,Bayern Munich,Dortmund,6:2,5:1,64,Paulo Sergio,Bayern Munich,no,18547,yes
2000/01,2000-11-04,11,Bayern Munich,Dortmund,6:2,5:2,72,Otto Addo,Dortmund,no,18547,yes
2000/01,2000-11-04,11,Bayern Munich,Dortmund,6:2,6:2,83,Hasan Salihamidzic,Bayern Munich,no,18547,yes
2000/01,2001-04-07,28,Dortmund,Bayern Munich,1:1,0:1,6,Roque Santa Cruz,Bayern Munich,no,18705,yes
2000/01,2001-04-07,28,Dortmund,Bayern Munich,1:1,1:1,52,Fredi Bobic,Dortmund,no,18705,yes
2001/02,2001-09-08,5,Dortmund,Bayern Munich,0:2,0:1,22,Hasan Salihamidzic,Bayern Munich,no,18804,yes
2001/02,2001-09-08,5,Dortmund,Bayern Munich,0:2,0:2,58,Roque Santa Cruz,Bayern Munich,no,18804,yes
2001/02,2002-02-09,22,Bayern Munich,Dortmund,1:1,0:1,78,Marcio Amoroso,Dortmund,no,18955,yes
2001/02,2002-02-09,22,Bayern Munich,Dortmund,1:1,1:1,83,Giovane Elber,Bayern Munich,no,18955,yes
2002/03,2002-11-09,12,Bayern Munich,Dortmund,2:1,0:1,7,Jan Koller,Dortmund,no,19171,yes
2002/03,2002-11-09,12,Bayern Munich,Dortmund,2:1,1:1,62,Roque Santa Cruz,Bayern Munich,no,19171,yes
2002/03,2002-11-09,12,Bayern Munich,Dortmund,2:1,2:1,66,Claudio Pizarro,Bayern Munich,no,19171,yes
2002/03,2003-04-19,29,Dortmund,Bayern Munich,1:0,1:0,61,Marcio Amoroso,Dortmund,no,19326,yes
2003/04,2003-11-09,12,Bayern Munich,Dortmund,4:1,1:0,27,Michael Ballack,Bayern Munich,no,2669,yes
2003/04,2003-11-09,12,Bayern Munich,Dortmund,4:1,1:1,47,Jan Koller,Dortmund,no,2669,yes
2003/04,2003-11-09,12,Bayern Munich,Dortmund,4:1,2:1,50,Willy Sagnol,Bayern Munich,no,2669,yes
2003/04,2003-11-09,12,Bayern Munich,Dortmund,4:1,3:1,72,Hasan Salihamidzic,Bayern Munich,no,2669,yes
2003/04,2003-11-09,12,Bayern Munich,Dortmund,4:1,4:1,90,Claudio Pizarro,Bayern Munich,no,2669,yes
2003/04,2004-04-17,29,Dortmund,Bayern Munich,2:0,1:0,55,Ewerthon,Dortmund,no,6037,yes
2003/04,2004-04-17,29,Dortmund,Bayern Munich,2:0,2:0,61,Christian Worns,Dortmund,no,6037,yes
2004/05,2004-09-18,5,Dortmund,Bayern Munich,2:2,1:0,44,Ewerthon,Dortmund,no,21380,yes
2004/05,2004-09-18,5,Dortmund,Bayern Munich,2:2,2:0,69,Ewerthon,Dortmund,no,21380,yes
2004/05,2004-09-18,5,Dortmund,Bayern Munich,2:2,2:1,88,Lucio,Bayern Munich,no,21380,yes
2004/05,2004-09-18,5,Dortmund,Bayern Munich,2:2,2:2,90,Roy Makaay,Bayern Munich,no,21380,yes
2004/05,2005-02-19,22,Bayern Munich,Dortmund,5:0,1:0,4,Hasan Salihamidzic,Bayern Munich,no,21533,yes
2004/05,2005-02-19,22,Bayern Munich,Dortmund,5:0,2:0,6,Roy Makaay,Bayern Munich,no,21533,yes
2004/05,2005-02-19,22,Bayern Munich,Dortmund,5:0,3:0,28,Claudio Pizarro,Bayern Munich,no,21533,yes
2004/05,2005-02-19,22,Bayern Munich,Dortmund,5:0,4:0,34,Roy Makaay,Bayern Munich,no,21533,yes
2004/05,2005-02-19,22,Bayern Munich,Dortmund,5:0,5:0,55,Roy Makaay,Bayern Munich,no,21533,yes
2005/06,2005-12-17,17,Dortmund,Bayern Munich,1:2,0:1,53,Ali Karimi,Bayern Munich,no,31494,yes
2005/06,2005-12-17,17,Dortmund,Bayern Munich,1:2,0:2,73,Claudio Pizarro,Bayern Munich,no,31494,yes
2005/06,2005-12-17,17,Dortmund,Bayern Munich,1:2,1:2,79,Florian Kringe,Dortmund,no,31494,yes
2005/06,2006-05-13,34,Bayern Munich,Dortmund,3:3,0:1,2,Jan Koller,Dortmund,no,31809,yes
2005/06,2006-05-13,34,Bayern Munich,Dortmund,3:3,1:1,6,Roy Makaay,Bayern Munich,no,31809,yes
2005/06,2006-05-13,34,Bayern Munich,Dortmund,3:3,2:1,48,Bastian Schweinsteiger,Bayern Munich,no,31809,yes
2005/06,2006-05-13,34,Bayern Munich,Dortmund,3:3,3:1,50,Michael Ballack,Bayern Munich,no,31809,yes
2005/06,2006-05-13,34,Bayern Munich,Dortmund,3:3,3:2,64,Philipp Degen,Dortmund,no,31809,yes
2005/06,2006-05-13,34,Bayern Munich,Dortmund,3:3,3:3,76,Jan Koller,Dortmund,no,31809,yes
2006/07,2006-08-11,1,Bayern Munich,Dortmund,2:0,1:0,24,Roy Makaay,Bayern Munich,no,53492,yes
2006/07,2006-08-11,1,Bayern Munich,Dortmund,2:0,2:0,55,Bastian Schweinsteiger,Bayern Munich,no,53492,yes
2006/07,2007-01-26,18,Dortmund,Bayern Munich,3:2,1:0,12,Alex Frei,Dortmund,no,53645,yes
2006/07,2007-01-26,18,Dortmund,Bayern Munich,3:2,1:1,25,Daniel Van Buyten,Bayern Munich,no,53645,yes
2006/07,2007-01-26,18,Dortmund,Bayern Munich,3:2,1:2,42,Roy Makaay,Bayern Munich,no,53645,yes
2006/07,2007-01-26,18,Dortmund,Bayern Munich,3:2,2:2,57,Alex Frei,Dortmund,no,53645,yes
2006/07,2007-01-26,18,Dortmund,Bayern Munich,3:2,3:2,59,Tinga,Dortmund,no,53645,yes
2007/08,2007-10-28,11,Dortmund,Bayern Munich,0:0,,,(no goals),,,69115,yes
2007/08,2008-04-13,28,Bayern Munich,Dortmund,5:0,1:0,3,Lukas Podolski,Bayern Munich,no,69268,yes
2007/08,2008-04-13,28,Bayern Munich,Dortmund,5:0,2:0,8,Ze Roberto,Bayern Munich,no,69268,yes
2007/08,2008-04-13,28,Bayern Munich,Dortmund,5:0,3:0,18,Luca Toni,Bayern Munich,no,69268,yes
2007/08,2008-04-13,28,Bayern Munich,Dortmund,5:0,4:0,22,Luca Toni,Bayern Munich,no,69268,yes
2007/08,2008-04-13,28,Bayern Munich,Dortmund,5:0,5:0,67,Andreas Ottl,Bayern Munich,no,69268,yes
2008/09,2008-08-23,2,Dortmund,Bayern Munich,1:1,1:0,8,Jakub Blaszczykowski,Dortmund,no,912446,yes
2008/09,2008-08-23,2,Dortmund,Bayern Munich,1:1,1:1,74,Tim Borowski,Bayern Munich,no,912446,yes
2008/09,2009-02-08,19,Bayern Munich,Dortmund,3:1,0:1,2,Nelson Valdez,Dortmund,no,912599,yes
2008/09,2009-02-08,19,Bayern Munich,Dortmund,3:1,1:1,24,Ze Roberto,Bayern Munich,no,912599,yes
2008/09,2009-02-08,19,Bayern Munich,Dortmund,3:1,2:1,88,Miroslav Klose,Bayern Munich,no,912599,yes
2008/09,2009-02-08,19,Bayern Munich,Dortmund,3:1,3:1,90,Miroslav Klose,Bayern Munich,no,912599,yes
2009/10,2009-09-12,5,Dortmund,Bayern Munich,1:5,1:0,11,Mats Hummels,Dortmund,no,955520,yes
2009/10,2009-09-12,5,Dortmund,Bayern Munich,1:5,1:1,36,Mario Gomez,Bayern Munich,no,955520,yes
2009/10,2009-09-12,5,Dortmund,Bayern Munich,1:5,1:2,49,Bastian Schweinsteiger,Bayern Munich,no,955520,yes
2009/10,2009-09-12,5,Dortmund,Bayern Munich,1:5,1:3,65,Franck Ribery,Bayern Munich,no,955520,yes
2009/10,2009-09-12,5,Dortmund,Bayern Munich,1:5,1:4,78,Thomas Muller,Bayern Munich,no,955520,yes
2009/10,2009-09-12,5,Dortmund,Bayern Munich,1:5,1:5,88,Thomas Muller,Bayern Munich,no,955520,yes
2009/10,2010-02-13,22,Bayern Munich,Dortmund,3:1,0:1,5,Mohamed Zidan,Dortmund,no,959189,yes
2009/10,2010-02-13,22,Bayern Munich,Dortmund,3:1,1:1,21,Mark van Bommel,Bayern Munich,no,959189,yes
2009/10,2010-02-13,22,Bayern Munich,Dortmund,3:1,2:1,50,Arjen Robben,Bayern Munich,no,959189,yes
2009/10,2010-02-13,22,Bayern Munich,Dortmund,3:1,3:1,65,Mario Gomez,Bayern Munich,no,959189,yes
2010/11,2010-10-03,7,Dortmund,Bayern Munich,2:0,1:0,52,Lucas Barrios,Dortmund,no,1030007,yes
2010/11,2010-10-03,7,Dortmund,Bayern Munich,2:0,2:0,60,Nuri Sahin,Dortmund,no,1030007,yes
2010/11,2011-02-26,24,Bayern Munich,Dortmund,1:3,0:1,9,Lucas Barrios,Dortmund,no,1030215,yes
2010/11,2011-02-26,24,Bayern Munich,Dortmund,1:3,1:1,15,Luiz Gustavo,Bayern Munich,no,1030215,yes
2010/11,2011-02-26,24,Bayern Munich,Dortmund,1:3,1:2,18,Nuri Sahin,Dortmund,no,1030215,yes
2010/11,2011-02-26,24,Bayern Munich,Dortmund,1:3,1:3,60,Mats Hummels,Dortmund,no,1030215,yes
2011/12,2011-11-19,13,Bayern Munich,Dortmund,0:1,0:1,65,Mario Gotze,Dortmund,no,1121131,yes
2011/12,2012-04-11,30,Dortmund,Bayern Munich,1:0,1:0,77,Robert Lewandowski,Dortmund,no,1121284,yes
2012/13,2012-12-01,15,Bayern Munich,Dortmund,1:1,1:0,67,Toni Kroos,Bayern Munich,no,2231446,yes
2012/13,2012-12-01,15,Bayern Munich,Dortmund,1:1,1:1,74,Mario Gotze,Dortmund,no,2231446,yes
2012/13,2013-05-04,32,Dortmund,Bayern Munich,1:1,1:0,11,Kevin Grosskreutz,Dortmund,no,2231680,yes
2012/13,2013-05-04,32,Dortmund,Bayern Munich,1:1,1:1,23,Mario Gomez,Bayern Munich,no,2231680,yes
2013/14,2013-11-23,13,Dortmund,Bayern Munich,0:3,0:1,66,Mario Gotze,Bayern Munich,no,2321162,yes
2013/14,2013-11-23,13,Dortmund,Bayern Munich,0:3,0:2,85,Arjen Robben,Bayern Munich,no,2321162,yes
2013/14,2013-11-23,13,Dortmund,Bayern Munich,0:3,0:3,87,Thomas Muller,Bayern Munich,no,2321162,yes
2013/14,2014-04-12,30,Bayern Munich,Dortmund,0:3,0:1,20,Henrikh Mkhitaryan,Dortmund,no,2321316,yes
2013/14,2014-04-12,30,Bayern Munich,Dortmund,0:3,0:2,49,Marco Reus,Dortmund,no,2321316,yes
2013/14,2014-04-12,30,Bayern Munich,Dortmund,0:3,0:3,56,Jonas Hofmann,Dortmund,no,2321316,yes
2014/15,2014-11-01,10,Bayern Munich,Dortmund,2:1,0:1,31,Marco Reus,Dortmund,no,2460707,yes
2014/15,2014-11-01,10,Bayern Munich,Dortmund,2:1,1:1,72,Robert Lewandowski,Bayern Munich,no,2460707,yes
2014/15,2014-11-01,10,Bayern Munich,Dortmund,2:1,2:1,85,Arjen Robben,Bayern Munich,no,2460707,yes
2014/15,2015-04-04,27,Dortmund,Bayern Munich,0:1,0:1,36,Robert Lewandowski,Bayern Munich,no,2460860,yes
2015/16,2015-10-04,8,Bayern Munich,Dortmund,5:1,1:0,26,Thomas Muller,Bayern Munich,no,2581666,yes
2015/16,2015-10-04,8,Bayern Munich,Dortmund,5:1,2:0,35,Thomas Muller,Bayern Munich,no,2581666,yes
2015/16,2015-10-04,8,Bayern Munich,Dortmund,5:1,2:1,37,Pierre-Emerick Aubameyang,Dortmund,no,2581666,yes
2015/16,2015-10-04,8,Bayern Munich,Dortmund,5:1,3:1,46,Robert Lewandowski,Bayern Munich,no,2581666,yes
2015/16,2015-10-04,8,Bayern Munich,Dortmund,5:1,4:1,58,Robert Lewandowski,Bayern Munich,no,2581666,yes
2015/16,2015-10-04,8,Bayern Munich,Dortmund,5:1,5:1,66,Mario Gotze,Bayern Munich,no,2581666,yes
2015/16,2016-03-05,25,Dortmund,Bayern Munich,0:0,,,(no goals),,,2581903,yes
2016/17,2016-11-19,11,Dortmund,Bayern Munich,1:0,1:0,11,Pierre-Emerick Aubameyang,Dortmund,no,2704331,yes
2016/17,2017-04-08,28,Bayern Munich,Dortmund,4:1,1:0,4,Franck Ribery,Bayern Munich,no,2704623,yes
2016/17,2017-04-08,28,Bayern Munich,Dortmund,4:1,2:0,10,Robert Lewandowski,Bayern Munich,no,2704623,yes
2016/17,2017-04-08,28,Bayern Munich,Dortmund,4:1,2:1,20,Raphael Guerreiro,Dortmund,no,2704623,yes
2016/17,2017-04-08,28,Bayern Munich,Dortmund,4:1,3:1,49,Arjen Robben,Bayern Munich,no,2704623,yes
2016/17,2017-04-08,28,Bayern Munich,Dortmund,4:1,4:1,68,Robert Lewandowski,Bayern Munich,no,2704623,yes
2017/18,2017-11-04,11,Dortmund,Bayern Munich,1:3,0:1,17,Arjen Robben,Bayern Munich,no,2871953,yes
2017/18,2017-11-04,11,Dortmund,Bayern Munich,1:3,0:2,37,Robert Lewandowski,Bayern Munich,no,2871953,yes
2017/18,2017-11-04,11,Dortmund,Bayern Munich,1:3,0:3,67,David Alaba,Bayern Munich,no,2871953,yes
2017/18,2017-11-04,11,Dortmund,Bayern Munich,1:3,1:3,88,Marc Bartra,Dortmund,no,2871953,yes
2017/18,2018-03-31,28,Bayern Munich,Dortmund,6:0,1:0,5,Robert Lewandowski,Bayern Munich,no,2872016,yes
2017/18,2018-03-31,28,Bayern Munich,Dortmund,6:0,2:0,14,James Rodriguez,Bayern Munich,no,2872016,yes
2017/18,2018-03-31,28,Bayern Munich,Dortmund,6:0,3:0,23,Thomas Muller,Bayern Munich,no,2872016,yes
2017/18,2018-03-31,28,Bayern Munich,Dortmund,6:0,4:0,44,Robert Lewandowski,Bayern Munich,no,2872016,yes
2017/18,2018-03-31,28,Bayern Munich,Dortmund,6:0,5:0,45,Franck Ribery,Bayern Munich,no,2872016,yes
2017/18,2018-03-31,28,Bayern Munich,Dortmund,6:0,6:0,87,Robert Lewandowski,Bayern Munich,no,2872016,yes
2018/19,2018-11-10,11,Dortmund,Bayern Munich,3:2,0:1,26,Robert Lewandowski,Bayern Munich,no,3058506,yes
2018/19,2018-11-10,11,Dortmund,Bayern Munich,3:2,1:1,49,Marco Reus,Dortmund,no,3058506,yes
2018/19,2018-11-10,11,Dortmund,Bayern Munich,3:2,1:2,52,Robert Lewandowski,Bayern Munich,no,3058506,yes
2018/19,2018-11-10,11,Dortmund,Bayern Munich,3:2,2:2,67,Marco Reus,Dortmund,no,3058506,yes
2018/19,2018-11-10,11,Dortmund,Bayern Munich,3:2,3:2,73,Paco Alcacer,Dortmund,no,3058506,yes
2018/19,2019-04-06,28,Bayern Munich,Dortmund,5:0,1:0,10,Mats Hummels,Bayern Munich,no,3058666,yes
2018/19,2019-04-06,28,Bayern Munich,Dortmund,5:0,2:0,17,Robert Lewandowski,Bayern Munich,no,3058666,yes
2018/19,2019-04-06,28,Bayern Munich,Dortmund,5:0,3:0,40,Javi Martinez,Bayern Munich,no,3058666,yes
2018/19,2019-04-06,28,Bayern Munich,Dortmund,5:0,4:0,43,Serge Gnabry,Bayern Munich,no,3058666,yes
2018/19,2019-04-06,28,Bayern Munich,Dortmund,5:0,5:0,89,Robert Lewandowski,Bayern Munich,no,3058666,yes
2019/20,2019-11-09,11,Bayern Munich,Dortmund,4:0,1:0,17,Robert Lewandowski,Bayern Munich,no,3203523,yes
2019/20,2019-11-09,11,Bayern Munich,Dortmund,4:0,2:0,48,Serge Gnabry,Bayern Munich,no,3203523,yes
2019/20,2019-11-09,11,Bayern Munich,Dortmund,4:0,3:0,76,Robert Lewandowski,Bayern Munich,no,3203523,yes
2019/20,2019-11-09,11,Bayern Munich,Dortmund,4:0,4:0,80,Mats Hummels,Bayern Munich,yes,3203523,yes
2019/20,2020-05-26,28,Dortmund,Bayern Munich,0:1,0:1,43,Joshua Kimmich,Bayern Munich,no,3203676,yes
2020/21,2020-11-07,7,Dortmund,Bayern Munich,2:3,1:0,45,Marco Reus,Dortmund,no,3412991,yes
2020/21,2020-11-07,7,Dortmund,Bayern Munich,2:3,1:1,45,David Alaba,Bayern Munich,no,3412991,yes
2020/21,2020-11-07,7,Dortmund,Bayern Munich,2:3,1:2,48,Robert Lewandowski,Bayern Munich,no,3412991,yes
2020/21,2020-11-07,7,Dortmund,Bayern Munich,2:3,1:3,80,Leroy Sane,Bayern Munich,no,3412991,yes
2020/21,2020-11-07,7,Dortmund,Bayern Munich,2:3,2:3,83,Erling Haaland,Dortmund,no,3412991,yes
2020/21,2021-03-06,24,Bayern Munich,Dortmund,4:2,0:1,2,Erling Haaland,Dortmund,no,3413063,yes
2020/21,2021-03-06,24,Bayern Munich,Dortmund,4:2,0:2,9,Erling Haaland,Dortmund,no,3413063,yes
2020/21,2021-03-06,24,Bayern Munich,Dortmund,4:2,1:2,26,Robert Lewandowski,Bayern Munich,no,3413063,yes
2020/21,2021-03-06,24,Bayern Munich,Dortmund,4:2,2:2,44,Robert Lewandowski,Bayern Munich,no,3413063,yes
2020/21,2021-03-06,24,Bayern Munich,Dortmund,4:2,3:2,88,Leon Goretzka,Bayern Munich,no,3413063,yes
2020/21,2021-03-06,24,Bayern Munich,Dortmund,4:2,4:2,90,Robert Lewandowski,Bayern Munich,no,3413063,yes
2021/22,2021-12-04,14,Dortmund,Bayern Munich,2:3,1:0,5,Julian Brandt,Dortmund,no,3588337,yes
2021/22,2021-12-04,14,Dortmund,Bayern Munich,2:3,1:1,9,Robert Lewandowski,Bayern Munich,no,3588337,yes
2021/22,2021-12-04,14,Dortmund,Bayern Munich,2:3,1:2,44,Kingsley Coman,Bayern Munich,no,3588337,yes
2021/22,2021-12-04,14,Dortmund,Bayern Munich,2:3,2:2,48,Erling Haaland,Dortmund,no,3588337,yes
2021/22,2021-12-04,14,Dortmund,Bayern Munich,2:3,2:3,77,Robert Lewandowski,Bayern Munich,no,3588337,yes
2021/22,2022-04-23,31,Bayern Munich,Dortmund,3:1,1:0,15,Serge Gnabry,Bayern Munich,no,3588607,yes
2021/22,2022-04-23,31,Bayern Munich,Dortmund,3:1,2:0,34,Robert Lewandowski,Bayern Munich,no,3588607,yes
2021/22,2022-04-23,31,Bayern Munich,Dortmund,3:1,2:1,52,Emre Can,Dortmund,no,3588607,yes
2021/22,2022-04-23,31,Bayern Munich,Dortmund,3:1,3:1,83,Jamal Musiala,Bayern Munich,no,3588607,yes
2022/23,2022-10-08,9,Dortmund,Bayern Munich,2:2,0:1,33,Leon Goretzka,Bayern Munich,no,3839159,yes
2022/23,2022-10-08,9,Dortmund,Bayern Munich,2:2,0:2,53,Leroy Sane,Bayern Munich,no,3839159,yes
2022/23,2022-10-08,9,Dortmund,Bayern Munich,2:2,1:2,74,Youssoufa Moukoko,Dortmund,no,3839159,yes
2022/23,2022-10-08,9,Dortmund,Bayern Munich,2:2,2:2,90,Anthony Modeste,Dortmund,no,3839159,yes
2022/23,2023-04-01,26,Bayern Munich,Dortmund,4:2,1:0,13,Gregor Kobel,Bayern Munich,yes,3839447,yes
2022/23,2023-04-01,26,Bayern Munich,Dortmund,4:2,2:0,18,Thomas Muller,Bayern Munich,no,3839447,yes
2022/23,2023-04-01,26,Bayern Munich,Dortmund,4:2,3:0,23,Thomas Muller,Bayern Munich,no,3839447,yes
2022/23,2023-04-01,26,Bayern Munich,Dortmund,4:2,4:0,50,Kingsley Coman,Bayern Munich,no,3839447,yes
2022/23,2023-04-01,26,Bayern Munich,Dortmund,4:2,4:1,72,Emre Can,Dortmund,no,3839447,yes
2022/23,2023-04-01,26,Bayern Munich,Dortmund,4:2,4:2,90,Donyell Malen,Dortmund,no,3839447,yes
2023/24,2023-11-04,10,Dortmund,Bayern Munich,0:4,0:1,4,Dayot Upamecano,Bayern Munich,no,4096048,yes
2023/24,2023-11-04,10,Dortmund,Bayern Munich,0:4,0:2,9,Harry Kane,Bayern Munich,no,4096048,yes
2023/24,2023-11-04,10,Dortmund,Bayern Munich,0:4,0:3,72,Harry Kane,Bayern Munich,no,4096048,yes
2023/24,2023-11-04,10,Dortmund,Bayern Munich,0:4,0:4,90,Harry Kane,Bayern Munich,no,4096048,yes
2023/24,2024-03-30,27,Bayern Munich,Dortmund,0:2,0:1,10,Karim Adeyemi,Dortmund,no,4096201,yes
2023/24,2024-03-30,27,Bayern Munich,Dortmund,0:2,0:2,83,Julian Ryerson,Dortmund,no,4096201,yes
2024/25,2024-11-30,12,Dortmund,Bayern Munich,1:1,1:0,27,Jamie Gittens,Dortmund,no,4373492,yes
2024/25,2024-11-30,12,Dortmund,Bayern Munich,1:1,1:1,85,Jamal Musiala,Bayern Munich,no,4373492,yes
2024/25,2025-04-12,29,Bayern Munich,Dortmund,2:2,0:1,48,Maximilian Beier,Dortmund,no,4373799,yes
2024/25,2025-04-12,29,Bayern Munich,Dortmund,2:2,1:1,65,Raphael Guerreiro,Bayern Munich,no,4373799,yes
2024/25,2025-04-12,29,Bayern Munich,Dortmund,2:2,2:1,69,Serge Gnabry,Bayern Munich,no,4373799,yes
2024/25,2025-04-12,29,Bayern Munich,Dortmund,2:2,2:2,75,Waldemar Anton,Dortmund,no,4373799,yes
2025/26,2025-10-18,7,Bayern Munich,Dortmund,2:1,1:0,22,Harry Kane,Bayern Munich,no,4634182,yes
2025/26,2025-10-18,7,Bayern Munich,Dortmund,2:1,2:0,78,Michael Olise,Bayern Munich,no,4634182,yes
2025/26,2025-10-18,7,Bayern Munich,Dortmund,2:1,2:1,84,Julian Brandt,Dortmund,no,4634182,yes
2025/26,2026-02-28,24,Dortmund,Bayern Munich,2:3,1:0,26,Nico Schlotterbeck,Dortmund,no,4634380,yes
2025/26,2026-02-28,24,Dortmund,Bayern Munich,2:3,1:1,54,Harry Kane,Bayern Munich,no,4634380,yes
2025/26,2026-02-28,24,Dortmund,Bayern Munich,2:3,1:2,70,Harry Kane,Bayern Munich,no,4634380,yes
2025/26,2026-02-28,24,Dortmund,Bayern Munich,2:3,2:2,83,Daniel Svensson,Dortmund,no,4634380,yes
2025/26,2026-02-28,24,Dortmund,Bayern Munich,2:3,2:3,87,Joshua Kimmich,Bayern Munich,no,4634380,yes
