final,date,match,score,scorer,team,minute
1996,1996-06-30,Czech Republic v Germany,1-2,Patrik Berger,Czech Republic,59
1996,1996-06-30,Czech Republic v Germany,1-2,Oliver Bierhoff,Germany,73
1996,1996-06-30,Czech Republic v Germany,1-2,Oliver Bierhoff,Germany,95
2000,2000-07-02,France v Italy,2-1,Marco Delvecchio,Italy,55
2000,2000-07-02,France v Italy,2-1,Sylvain Wiltord,France,90
2000,2000-07-02,France v Italy,2-1,David Trezeguet,France,103
2004,2004-07-04,Portugal v Greece,0-1,Angelos Charisteas,Greece,57
2008,2008-06-29,Germany v Spain,0-1,Fernando Torres,Spain,33
2012,2012-07-01,Spain v Italy,4-0,David Silva,Spain,14
2012,2012-07-01,Spain v Italy,4-0,Jordi Alba,Spain,41
2012,2012-07-01,Spain v Italy,4-0,Fernando Torres,Spain,84
2012,2012-07-01,Spain v Italy,4-0,Juan Mata,Spain,88
2016,2016-07-10,France v Portugal,0-1,Eder,Portugal,109
2020,2021-07-11,England v Italy,1-1,Luke Shaw,England,2
2020,2021-07-11,England v Italy,1-1,Leonardo Bonucci,Italy,67
2024,2024-07-14,Spain v England,2-1,Nico Williams,Spain,47
2024,2024-07-14,Spain v England,2-1,Cole Palmer,England,73
2024,2024-07-14,Spain v England,2-1,Mikel Oyarzabal,Spain,86
