rank_order,uefa_player_id,player,goals
1,250011037,Pierre-Emerick Aubameyang,34
2,53931,Klaas Jan Huntelaar,30
3,250011928,Radamel Falcao,30
4,72048,Edin Džeko,28
5,250010802,Romelu Lukaku,27
6,250078886,Bruno Fernandes,27
7,250015849,Aritz Aduriz,26
8,1908196,Alexandre Lacazette,26
9,19587,Henrik Larsson,24
10,101528,Kevin Gameiro,24
11,250027827,Munas Dabbur,24
12,94885,Vágner Love,23
13,43513,Dimitris Salpingidis,22
14,1905150,Óscar Cardozo,21
15,47251,Mladen Petrić,19
16,57316,Aleksandr Kerzhakov,19
17,72594,Liedson,19
18,48512,Jermain Defoe,19
19,250044941,Carlos Bacca,19
20,250020851,Olivier Giroud,19
21,51675,Claudio Pizarro,18
22,250003481,Guillaume Hoarau,18
23,1905813,Edinson Cavani,18
24,250019924,Dries Mertens,18
25,250062142,Ricardo Horta,18
26,12887,Alan Shearer,17
27,38888,Frédéric Kanouté,17
28,69741,Giuseppe Rossi,17
29,250005343,Luuk de Jong,17
30,31345,Simão,16
31,69176,Fernando Llorente,16
32,250074565,Gerard Moreno,16
33,250005254,Ciro Immobile,16
34,48839,Pauleta,15
35,34690,Mateja Kežman,15
36,46891,Pierre-Alain Frau,15
37,250000069,Andriy Yarmolenko,15
38,108036,Raul Rusescu,15
39,64269,Jonatan Soriano,15
40,1909617,Aleksandr Kokorin,15
41,250098451,Alfredo Morelos,15
42,56589,Miroslav Klose,14
43,46032,Bonaventure Kalou,14
44,22558,Shota Arveladze,14
45,31840,Alexander Frei,14
46,31465,Ivica Olić,14
47,60961,Javier Saviola,14
48,1903543,Sergio Agüero,14
49,250022354,Taison,14
50,250088246,Marcus Rashford,14
51,250070130,Lorenzo Pellegrini,14
52,250036166,Júnior Moraes,14
53,31544,Robbie Keane,13
54,15936,Nuno Gomes,13
55,47551,Dirk Kuyt,13
56,57943,Kevin Kuranyi,13
57,69498,Obafemi Martins,13
58,55516,Claudiu Niculescu,13
59,60390,Marco Streller,13
60,55067,Andrey Arshavin,13
61,62588,Mario Gomez,13
62,1905153,Ángel Di María,13
63,1904694,Luiz Adriano,13
64,106777,Jeremain Lens,13
65,250000089,Ricky van Wolfswinkel,13
66,97212,Nikola Kalinić,13
67,250007584,Paco Alcácer,13
68,250061597,Federico Bernardeschi,13
69,250019497,Cédric Bakambu,13
70,250002701,Pedro Rodríguez,13
71,250024176,Mislav Oršić,13
72,250081555,Donyell Malen,13
73,46333,Harry Kewell,12
74,27023,Maciej Żurawski,12
75,66737,Derlei,12
76,72538,Emmanuel Adebayor,12
77,51453,Dimitar Berbatov,12
78,59688,Marc Janko,12
79,58686,Fernando Torres,12
80,104558,Rodrigo Palacio,12
81,68316,Oleh Gusev,12
82,67193,Lior Refaelov,12
83,52596,David Lafata,12
84,250021611,Alan,12
85,1900739,Gonzalo Higuaín,12
86,250074671,Iñaki Williams,12
87,250025970,Wissam Ben Yedder,12
88,250109210,Youssef En-Nesyri,12
89,250087432,Moussa Diaby,12
90,250139445,Florian Wirtz,12
91,47516,Rafael van der Vaart,11
92,32555,Mark Viduka,11
93,42677,Djibril Cissé,11
94,70378,Antonio Di Natale,11
95,56433,Walter Pandiani,11
96,91640,Diego,11
97,106375,Luis Suárez,11
98,68758,Pavel Pogrebnyak,11
99,63683,Diego Forlán,11
100,1906102,Dame N'Doye,11
