season,final_year,winner,runner_up,score,winning_manager,venue
2000/01,2001,Liverpool,Alaves,5-4 golden goal (4-4 after 90 minutes),Gerard Houllier,"Westfalenstadion, Dortmund"
2001/02,2002,Feyenoord,Dortmund,3-2,Bert van Marwijk,"De Kuip, Rotterdam"
2002/03,2003,Porto,Celtic,3-2 after extra time,Jose Mourinho,"Estadio Olimpico, Seville"
2003/04,2004,Valencia,Marseille,2-0,Rafael Benitez,"Ullevi, Gothenburg"
2004/05,2005,CSKA Moscow,Sporting,3-1,Valery Gazzaev,"Estadio Jose Alvalade, Lisbon"
2005/06,2006,Sevilla,Middlesbrough,4-0,Juande Ramos,"Philips Stadion, Eindhoven"
2006/07,2007,Sevilla,Espanyol,2-2 after extra time (3-1 on penalties),Juande Ramos,"Hampden Park, Glasgow"
2007/08,2008,Zenit St Petersburg,Rangers,2-0,Dick Advocaat,"City of Manchester Stadium, Manchester"
2008/09,2009,Shakhtar,Werder Bremen,2-1 after extra time,Mircea Lucescu,"Sukru Saracoglu Stadium, Istanbul"
2009/10,2010,Atletico Madrid,Fulham,2-1 after extra time,Quique Sanchez Flores,"Volksparkstadion, Hamburg"
2010/11,2011,Porto,Braga,1-0,Andre Villas-Boas,"Lansdowne Road, Dublin"
2011/12,2012,Atletico Madrid,Athletic Bilbao,3-0,Diego Simeone,"Arena Nationala, Bucharest"
2012/13,2013,Chelsea,Benfica,2-1,Rafael Benitez,"Amsterdam Arena, Amsterdam"
2013/14,2014,Sevilla,Benfica,0-0 after extra time (4-2 on penalties),Unai Emery,"Juventus Stadium, Turin"
2014/15,2015,Sevilla,Dnipro,3-2,Unai Emery,"National Stadium, Warsaw"
2015/16,2016,Sevilla,Liverpool,3-1,Unai Emery,"St. Jakob-Park, Basel"
2016/17,2017,Man Utd,Ajax,2-0,Jose Mourinho,"Friends Arena, Solna"
2017/18,2018,Atletico Madrid,Marseille,3-0,Diego Simeone,"Parc Olympique Lyonnais, Decines-Charpieu"
2018/19,2019,Chelsea,Arsenal,4-1,Maurizio Sarri,"Olympic Stadium, Baku"
2019/20,2020,Sevilla,Inter,3-2,Julen Lopetegui,"Stadion Koln, Cologne"
2020/21,2021,Villarreal,Man Utd,1-1 after extra time (11-10 on penalties),Unai Emery,"Stadion Gdansk, Gdansk"
2021/22,2022,Eintracht Frankfurt,Rangers,1-1 after extra time (5-4 on penalties),Oliver Glasner,"Ramon Sanchez Pizjuan, Seville"
2022/23,2023,Sevilla,Roma,1-1 after extra time (4-1 on penalties),Jose Luis Mendilibar,"Puskas Arena, Budapest"
2023/24,2024,Atalanta,Leverkusen,3-0,Gian Piero Gasperini,"Dublin Arena, Dublin"
2024/25,2025,Spurs,Man Utd,1-0,Ange Postecoglou,"San Mames, Bilbao"
2025/26,2026,Aston Villa,Freiburg,3-0,Unai Emery,"Besiktas Stadium, Istanbul"
