pick,final,team,position,player,shirt
el13-2001-lfc,"2001 UEFA Cup final, Dortmund, 16 May 2001",Liverpool,RB,Markus Babbel,6
el13-2001-lfc,"2001 UEFA Cup final, Dortmund, 16 May 2001",Liverpool,CB,Stephane Henchoz,2
el13-2001-lfc,"2001 UEFA Cup final, Dortmund, 16 May 2001",Liverpool,CB,Sami Hyypia,12
el13-2001-lfc,"2001 UEFA Cup final, Dortmund, 16 May 2001",Liverpool,LB,Jamie Carragher,23
el13-2001-lfc,"2001 UEFA Cup final, Dortmund, 16 May 2001",Liverpool,RM,Steven Gerrard,17
el13-2001-lfc,"2001 UEFA Cup final, Dortmund, 16 May 2001",Liverpool,CM,Dietmar Hamann,16
el13-2001-lfc,"2001 UEFA Cup final, Dortmund, 16 May 2001",Liverpool,CM,Gary McAllister,21
el13-2001-lfc,"2001 UEFA Cup final, Dortmund, 16 May 2001",Liverpool,LM,Danny Murphy,13
el13-2001-lfc,"2001 UEFA Cup final, Dortmund, 16 May 2001",Liverpool,CF,Michael Owen,10
el13-2001-lfc,"2001 UEFA Cup final, Dortmund, 16 May 2001",Liverpool,CF,Emile Heskey,8
el13-2006-mid,"2006 UEFA Cup final, Eindhoven, 10 May 2006",Middlesbrough,RB,Stuart Parnaby,21
el13-2006-mid,"2006 UEFA Cup final, Eindhoven, 10 May 2006",Middlesbrough,CB,Chris Riggott,5
el13-2006-mid,"2006 UEFA Cup final, Eindhoven, 10 May 2006",Middlesbrough,CB,Gareth Southgate,6
el13-2006-mid,"2006 UEFA Cup final, Eindhoven, 10 May 2006",Middlesbrough,LB,Franck Queudrue,3
el13-2006-mid,"2006 UEFA Cup final, Eindhoven, 10 May 2006",Middlesbrough,RM,James Morrison,25
el13-2006-mid,"2006 UEFA Cup final, Eindhoven, 10 May 2006",Middlesbrough,CM,Fabio Rochemback,10
el13-2006-mid,"2006 UEFA Cup final, Eindhoven, 10 May 2006",Middlesbrough,CM,George Boateng,7
el13-2006-mid,"2006 UEFA Cup final, Eindhoven, 10 May 2006",Middlesbrough,LM,Stewart Downing,19
el13-2006-mid,"2006 UEFA Cup final, Eindhoven, 10 May 2006",Middlesbrough,CF,Mark Viduka,36
el13-2006-mid,"2006 UEFA Cup final, Eindhoven, 10 May 2006",Middlesbrough,CF,Jimmy Floyd Hasselbaink,9
el13-2010-ful,"2010 Europa League final, Hamburg, 12 May 2010",Fulham,RB,Chris Baird,6
el13-2010-ful,"2010 Europa League final, Hamburg, 12 May 2010",Fulham,CB,Aaron Hughes,18
el13-2010-ful,"2010 Europa League final, Hamburg, 12 May 2010",Fulham,CB,Brede Hangeland,5
el13-2010-ful,"2010 Europa League final, Hamburg, 12 May 2010",Fulham,LB,Paul Konchesky,3
el13-2010-ful,"2010 Europa League final, Hamburg, 12 May 2010",Fulham,RM,Damien Duff,16
el13-2010-ful,"2010 Europa League final, Hamburg, 12 May 2010",Fulham,CM,Dickson Etuhu,20
el13-2010-ful,"2010 Europa League final, Hamburg, 12 May 2010",Fulham,CM,Danny Murphy,13
el13-2010-ful,"2010 Europa League final, Hamburg, 12 May 2010",Fulham,LM,Simon Davies,29
el13-2010-ful,"2010 Europa League final, Hamburg, 12 May 2010",Fulham,AM,Zoltan Gera,11
el13-2010-ful,"2010 Europa League final, Hamburg, 12 May 2010",Fulham,CF,Bobby Zamora,25
el13-2013-cfc,"2013 Europa League final, Amsterdam, 15 May 2013",Chelsea,RB,Cesar Azpilicueta,28
el13-2013-cfc,"2013 Europa League final, Amsterdam, 15 May 2013",Chelsea,CB,Branislav Ivanovic,2
el13-2013-cfc,"2013 Europa League final, Amsterdam, 15 May 2013",Chelsea,CB,Gary Cahill,24
el13-2013-cfc,"2013 Europa League final, Amsterdam, 15 May 2013",Chelsea,LB,Ashley Cole,3
el13-2013-cfc,"2013 Europa League final, Amsterdam, 15 May 2013",Chelsea,CM,Frank Lampard,8
el13-2013-cfc,"2013 Europa League final, Amsterdam, 15 May 2013",Chelsea,CM,David Luiz,4
el13-2013-cfc,"2013 Europa League final, Amsterdam, 15 May 2013",Chelsea,RW,Ramires,7
el13-2013-cfc,"2013 Europa League final, Amsterdam, 15 May 2013",Chelsea,AM,Juan Mata,10
el13-2013-cfc,"2013 Europa League final, Amsterdam, 15 May 2013",Chelsea,LW,Oscar,11
el13-2013-cfc,"2013 Europa League final, Amsterdam, 15 May 2013",Chelsea,CF,Fernando Torres,9
el13-2016-lfc,"2016 Europa League final, Basel, 18 May 2016",Liverpool,RB,Nathaniel Clyne,2
el13-2016-lfc,"2016 Europa League final, Basel, 18 May 2016",Liverpool,CB,Dejan Lovren,6
el13-2016-lfc,"2016 Europa League final, Basel, 18 May 2016",Liverpool,CB,Kolo Toure,4
el13-2016-lfc,"2016 Europa League final, Basel, 18 May 2016",Liverpool,LB,Alberto Moreno,18
el13-2016-lfc,"2016 Europa League final, Basel, 18 May 2016",Liverpool,CM,James Milner,7
el13-2016-lfc,"2016 Europa League final, Basel, 18 May 2016",Liverpool,CM,Emre Can,23
el13-2016-lfc,"2016 Europa League final, Basel, 18 May 2016",Liverpool,RW,Adam Lallana,20
el13-2016-lfc,"2016 Europa League final, Basel, 18 May 2016",Liverpool,AM,Roberto Firmino,11
el13-2016-lfc,"2016 Europa League final, Basel, 18 May 2016",Liverpool,LW,Philippe Coutinho,10
el13-2016-lfc,"2016 Europa League final, Basel, 18 May 2016",Liverpool,CF,Daniel Sturridge,15
el13-2017-mu,"2017 Europa League final, Solna, 24 May 2017",Man Utd,RB,Antonio Valencia,25
el13-2017-mu,"2017 Europa League final, Solna, 24 May 2017",Man Utd,CB,Chris Smalling,12
el13-2017-mu,"2017 Europa League final, Solna, 24 May 2017",Man Utd,CB,Daley Blind,17
el13-2017-mu,"2017 Europa League final, Solna, 24 May 2017",Man Utd,LB,Matteo Darmian,36
el13-2017-mu,"2017 Europa League final, Solna, 24 May 2017",Man Utd,DM,Ander Herrera,21
el13-2017-mu,"2017 Europa League final, Solna, 24 May 2017",Man Utd,RM,Juan Mata,8
el13-2017-mu,"2017 Europa League final, Solna, 24 May 2017",Man Utd,CM,Marouane Fellaini,27
el13-2017-mu,"2017 Europa League final, Solna, 24 May 2017",Man Utd,CM,Paul Pogba,6
el13-2017-mu,"2017 Europa League final, Solna, 24 May 2017",Man Utd,LM,Henrikh Mkhitaryan,22
el13-2017-mu,"2017 Europa League final, Solna, 24 May 2017",Man Utd,CF,Marcus Rashford,19
el13-2019-afc,"2019 Europa League final, Baku, 29 May 2019",Arsenal,CB,Sokratis Papastathopoulos,5
el13-2019-afc,"2019 Europa League final, Baku, 29 May 2019",Arsenal,CB,Laurent Koscielny,6
el13-2019-afc,"2019 Europa League final, Baku, 29 May 2019",Arsenal,CB,Nacho Monreal,18
el13-2019-afc,"2019 Europa League final, Baku, 29 May 2019",Arsenal,RM,Ainsley Maitland-Niles,15
el13-2019-afc,"2019 Europa League final, Baku, 29 May 2019",Arsenal,CM,Lucas Torreira,11
el13-2019-afc,"2019 Europa League final, Baku, 29 May 2019",Arsenal,CM,Granit Xhaka,34
el13-2019-afc,"2019 Europa League final, Baku, 29 May 2019",Arsenal,LM,Sead Kolasinac,31
el13-2019-afc,"2019 Europa League final, Baku, 29 May 2019",Arsenal,AM,Mesut Ozil,10
el13-2019-afc,"2019 Europa League final, Baku, 29 May 2019",Arsenal,CF,Alexandre Lacazette,9
el13-2019-afc,"2019 Europa League final, Baku, 29 May 2019",Arsenal,CF,Pierre-Emerick Aubameyang,14
el13-2019-cfc,"2019 Europa League final, Baku, 29 May 2019",Chelsea,RB,Cesar Azpilicueta,28
el13-2019-cfc,"2019 Europa League final, Baku, 29 May 2019",Chelsea,CB,Andreas Christensen,27
el13-2019-cfc,"2019 Europa League final, Baku, 29 May 2019",Chelsea,CB,David Luiz,30
el13-2019-cfc,"2019 Europa League final, Baku, 29 May 2019",Chelsea,LB,Emerson,33
el13-2019-cfc,"2019 Europa League final, Baku, 29 May 2019",Chelsea,CM,N'Golo Kante,7
el13-2019-cfc,"2019 Europa League final, Baku, 29 May 2019",Chelsea,CM,Jorginho,5
el13-2019-cfc,"2019 Europa League final, Baku, 29 May 2019",Chelsea,CM,Mateo Kovacic,17
el13-2019-cfc,"2019 Europa League final, Baku, 29 May 2019",Chelsea,RF,Pedro,11
el13-2019-cfc,"2019 Europa League final, Baku, 29 May 2019",Chelsea,CF,Olivier Giroud,18
el13-2019-cfc,"2019 Europa League final, Baku, 29 May 2019",Chelsea,LF,Eden Hazard,10
el13-2021-mu,"2021 Europa League final, Gdansk, 26 May 2021",Man Utd,RB,Aaron Wan-Bissaka,29
el13-2021-mu,"2021 Europa League final, Gdansk, 26 May 2021",Man Utd,CB,Victor Lindelof,2
el13-2021-mu,"2021 Europa League final, Gdansk, 26 May 2021",Man Utd,CB,Eric Bailly,3
el13-2021-mu,"2021 Europa League final, Gdansk, 26 May 2021",Man Utd,LB,Luke Shaw,23
el13-2021-mu,"2021 Europa League final, Gdansk, 26 May 2021",Man Utd,CM,Paul Pogba,6
el13-2021-mu,"2021 Europa League final, Gdansk, 26 May 2021",Man Utd,CM,Scott McTominay,39
el13-2021-mu,"2021 Europa League final, Gdansk, 26 May 2021",Man Utd,RW,Mason Greenwood,11
el13-2021-mu,"2021 Europa League final, Gdansk, 26 May 2021",Man Utd,AM,Bruno Fernandes,18
el13-2021-mu,"2021 Europa League final, Gdansk, 26 May 2021",Man Utd,LW,Marcus Rashford,10
el13-2021-mu,"2021 Europa League final, Gdansk, 26 May 2021",Man Utd,CF,Edinson Cavani,7
el13-2025-mu,"2025 Europa League final, Bilbao, 21 May 2025",Man Utd,CB,Leny Yoro,15
el13-2025-mu,"2025 Europa League final, Bilbao, 21 May 2025",Man Utd,CB,Harry Maguire,5
el13-2025-mu,"2025 Europa League final, Bilbao, 21 May 2025",Man Utd,CB,Luke Shaw,23
el13-2025-mu,"2025 Europa League final, Bilbao, 21 May 2025",Man Utd,RM,Noussair Mazraoui,3
el13-2025-mu,"2025 Europa League final, Bilbao, 21 May 2025",Man Utd,CM,Casemiro,18
el13-2025-mu,"2025 Europa League final, Bilbao, 21 May 2025",Man Utd,CM,Bruno Fernandes,8
el13-2025-mu,"2025 Europa League final, Bilbao, 21 May 2025",Man Utd,LM,Patrick Dorgu,13
el13-2025-mu,"2025 Europa League final, Bilbao, 21 May 2025",Man Utd,RF,Amad Diallo,16
el13-2025-mu,"2025 Europa League final, Bilbao, 21 May 2025",Man Utd,CF,Rasmus Hojlund,9
el13-2025-mu,"2025 Europa League final, Bilbao, 21 May 2025",Man Utd,LF,Mason Mount,7
el13-2025-tot,"2025 Europa League final, Bilbao, 21 May 2025",Spurs,RB,Pedro Porro,23
el13-2025-tot,"2025 Europa League final, Bilbao, 21 May 2025",Spurs,CB,Cristian Romero,17
el13-2025-tot,"2025 Europa League final, Bilbao, 21 May 2025",Spurs,CB,Micky van de Ven,37
el13-2025-tot,"2025 Europa League final, Bilbao, 21 May 2025",Spurs,LB,Destiny Udogie,13
el13-2025-tot,"2025 Europa League final, Bilbao, 21 May 2025",Spurs,CM,Pape Matar Sarr,29
el13-2025-tot,"2025 Europa League final, Bilbao, 21 May 2025",Spurs,CM,Yves Bissouma,8
el13-2025-tot,"2025 Europa League final, Bilbao, 21 May 2025",Spurs,CM,Rodrigo Bentancur,30
el13-2025-tot,"2025 Europa League final, Bilbao, 21 May 2025",Spurs,RF,Brennan Johnson,22
el13-2025-tot,"2025 Europa League final, Bilbao, 21 May 2025",Spurs,CF,Dominic Solanke,19
el13-2025-tot,"2025 Europa League final, Bilbao, 21 May 2025",Spurs,LF,Richarlison,9
el13-2026-avl,"2026 Europa League final, Istanbul, 20 May 2026",Aston Villa,RB,Matty Cash,2
el13-2026-avl,"2026 Europa League final, Istanbul, 20 May 2026",Aston Villa,CB,Ezri Konsa,4
el13-2026-avl,"2026 Europa League final, Istanbul, 20 May 2026",Aston Villa,CB,Pau Torres,14
el13-2026-avl,"2026 Europa League final, Istanbul, 20 May 2026",Aston Villa,LB,Lucas Digne,12
el13-2026-avl,"2026 Europa League final, Istanbul, 20 May 2026",Aston Villa,CM,Victor Lindelof,3
el13-2026-avl,"2026 Europa League final, Istanbul, 20 May 2026",Aston Villa,CM,Youri Tielemans,8
el13-2026-avl,"2026 Europa League final, Istanbul, 20 May 2026",Aston Villa,RW,John McGinn,7
el13-2026-avl,"2026 Europa League final, Istanbul, 20 May 2026",Aston Villa,AM,Morgan Rogers,27
el13-2026-avl,"2026 Europa League final, Istanbul, 20 May 2026",Aston Villa,LW,Emiliano Buendia,10
el13-2026-avl,"2026 Europa League final, Istanbul, 20 May 2026",Aston Villa,CF,Ollie Watkins,11
