season,club,table_goals_for,player_goals,gap,flag,assists_recorded,players_used,source
2000/01,Real Madrid,81,78,3,,yes,23,https://www.transfermarkt.co.uk/real-madrid/leistungsdaten/verein/418/plus/1?reldata=ES1%262000
2000/01,Deportivo,73,73,0,,partial (treated as unknown),24,https://www.transfermarkt.co.uk/deportivo-la-coruna/leistungsdaten/verein/897/plus/1?reldata=ES1%262000
2000/01,Mallorca,61,59,2,,partial (treated as unknown),27,https://www.transfermarkt.co.uk/rcd-mallorca/leistungsdaten/verein/237/plus/1?reldata=ES1%262000
2000/01,Barcelona,80,80,0,,yes,24,https://www.transfermarkt.co.uk/fc-barcelona/leistungsdaten/verein/131/plus/1?reldata=ES1%262000
2000/01,Valencia,55,52,3,,yes,24,https://www.transfermarkt.co.uk/fc-valencia/leistungsdaten/verein/1049/plus/1?reldata=ES1%262000
2000/01,Celta Vigo,51,50,1,,yes,24,https://www.transfermarkt.co.uk/celta-vigo/leistungsdaten/verein/940/plus/1?reldata=ES1%262000
2000/01,Villarreal,58,57,1,,partial (treated as unknown),24,https://www.transfermarkt.co.uk/fc-villarreal/leistungsdaten/verein/1050/plus/1?reldata=ES1%262000
2000/01,Malaga,60,60,0,,partial (treated as unknown),27,https://www.transfermarkt.co.uk/fc-malaga/leistungsdaten/verein/1084/plus/1?reldata=ES1%262000
2000/01,Espanyol,46,44,2,,partial (treated as unknown),29,https://www.transfermarkt.co.uk/espanyol-barcelona/leistungsdaten/verein/714/plus/1?reldata=ES1%262000
2000/01,Alaves,58,54,4,,yes,23,https://www.transfermarkt.co.uk/deportivo-alaves/leistungsdaten/verein/1108/plus/1?reldata=ES1%262000
2000/01,Las Palmas,42,41,1,,partial (treated as unknown),29,https://www.transfermarkt.co.uk/ud-las-palmas/leistungsdaten/verein/472/plus/1?reldata=ES1%262000
2000/01,Athletic Bilbao,44,43,1,,yes,26,https://www.transfermarkt.co.uk/athletic-bilbao/leistungsdaten/verein/621/plus/1?reldata=ES1%262000
2000/01,Real Sociedad,52,51,1,,yes,30,https://www.transfermarkt.co.uk/real-sociedad-san-sebastian/leistungsdaten/verein/681/plus/1?reldata=ES1%262000
2000/01,Rayo Vallecano,56,53,3,,yes,24,https://www.transfermarkt.co.uk/rayo-vallecano/leistungsdaten/verein/367/plus/1?reldata=ES1%262000
2000/01,Osasuna,43,41,2,,partial (treated as unknown),27,https://www.transfermarkt.co.uk/ca-osasuna/leistungsdaten/verein/331/plus/1?reldata=ES1%262000
2000/01,Real Valladolid,42,41,1,,partial (treated as unknown),24,https://www.transfermarkt.co.uk/real-valladolid/leistungsdaten/verein/366/plus/1?reldata=ES1%262000
2000/01,Real Zaragoza,54,53,1,,partial (treated as unknown),25,https://www.transfermarkt.co.uk/real-saragossa/leistungsdaten/verein/142/plus/1?reldata=ES1%262000
2000/01,Real Oviedo,51,51,0,,partial (treated as unknown),28,https://www.transfermarkt.co.uk/real-oviedo/leistungsdaten/verein/2497/plus/1?reldata=ES1%262000
2000/01,Racing Santander,48,47,1,,yes,28,https://www.transfermarkt.co.uk/racing-santander/leistungsdaten/verein/630/plus/1?reldata=ES1%262000
2000/01,Numancia,40,39,1,,yes,26,https://www.transfermarkt.co.uk/cd-numancia/leistungsdaten/verein/2296/plus/1?reldata=ES1%262000
2001/02,Valencia,51,49,2,,yes,27,https://www.transfermarkt.co.uk/fc-valencia/leistungsdaten/verein/1049/plus/1?reldata=ES1%262001
2001/02,Deportivo,65,63,2,,yes,25,https://www.transfermarkt.co.uk/deportivo-la-coruna/leistungsdaten/verein/897/plus/1?reldata=ES1%262001
2001/02,Real Madrid,69,66,3,,yes,27,https://www.transfermarkt.co.uk/real-madrid/leistungsdaten/verein/418/plus/1?reldata=ES1%262001
2001/02,Barcelona,65,61,4,,yes,27,https://www.transfermarkt.co.uk/fc-barcelona/leistungsdaten/verein/131/plus/1?reldata=ES1%262001
2001/02,Celta Vigo,64,62,2,,yes,25,https://www.transfermarkt.co.uk/celta-vigo/leistungsdaten/verein/940/plus/1?reldata=ES1%262001
2001/02,Real Betis,42,40,2,,yes,28,https://www.transfermarkt.co.uk/real-betis-sevilla/leistungsdaten/verein/150/plus/1?reldata=ES1%262001
2001/02,Alaves,41,39,2,,yes,22,https://www.transfermarkt.co.uk/deportivo-alaves/leistungsdaten/verein/1108/plus/1?reldata=ES1%262001
2001/02,Sevilla,51,51,0,,yes,26,https://www.transfermarkt.co.uk/fc-sevilla/leistungsdaten/verein/368/plus/1?reldata=ES1%262001
2001/02,Athletic Bilbao,54,54,0,,yes,26,https://www.transfermarkt.co.uk/athletic-bilbao/leistungsdaten/verein/621/plus/1?reldata=ES1%262001
2001/02,Malaga,44,43,1,,yes,25,https://www.transfermarkt.co.uk/fc-malaga/leistungsdaten/verein/1084/plus/1?reldata=ES1%262001
2001/02,Rayo Vallecano,46,42,4,,yes,28,https://www.transfermarkt.co.uk/rayo-vallecano/leistungsdaten/verein/367/plus/1?reldata=ES1%262001
2001/02,Real Valladolid,45,44,1,,yes,25,https://www.transfermarkt.co.uk/real-valladolid/leistungsdaten/verein/366/plus/1?reldata=ES1%262001
2001/02,Real Sociedad,48,48,0,,yes,28,https://www.transfermarkt.co.uk/real-sociedad-san-sebastian/leistungsdaten/verein/681/plus/1?reldata=ES1%262001
2001/02,Espanyol,47,47,0,,yes,30,https://www.transfermarkt.co.uk/espanyol-barcelona/leistungsdaten/verein/714/plus/1?reldata=ES1%262001
2001/02,Villarreal,46,46,0,,yes,22,https://www.transfermarkt.co.uk/fc-villarreal/leistungsdaten/verein/1050/plus/1?reldata=ES1%262001
2001/02,Mallorca,40,40,0,,yes,24,https://www.transfermarkt.co.uk/rcd-mallorca/leistungsdaten/verein/237/plus/1?reldata=ES1%262001
2001/02,Osasuna,36,33,3,,yes,26,https://www.transfermarkt.co.uk/ca-osasuna/leistungsdaten/verein/331/plus/1?reldata=ES1%262001
2001/02,Las Palmas,40,39,1,,yes,25,https://www.transfermarkt.co.uk/ud-las-palmas/leistungsdaten/verein/472/plus/1?reldata=ES1%262001
2001/02,Tenerife,32,32,0,,yes,30,https://www.transfermarkt.co.uk/cd-teneriffa/leistungsdaten/verein/648/plus/1?reldata=ES1%262001
2001/02,Real Zaragoza,35,35,0,,yes,28,https://www.transfermarkt.co.uk/real-saragossa/leistungsdaten/verein/142/plus/1?reldata=ES1%262001
2002/03,Real Madrid,86,86,0,,yes,23,https://www.transfermarkt.co.uk/real-madrid/leistungsdaten/verein/418/plus/1?reldata=ES1%262002
2002/03,Real Sociedad,71,70,1,,yes,22,https://www.transfermarkt.co.uk/real-sociedad-san-sebastian/leistungsdaten/verein/681/plus/1?reldata=ES1%262002
2002/03,Deportivo,67,65,2,,yes,24,https://www.transfermarkt.co.uk/deportivo-la-coruna/leistungsdaten/verein/897/plus/1?reldata=ES1%262002
2002/03,Celta Vigo,45,44,1,,yes,28,https://www.transfermarkt.co.uk/celta-vigo/leistungsdaten/verein/940/plus/1?reldata=ES1%262002
2002/03,Valencia,56,53,3,,yes,31,https://www.transfermarkt.co.uk/fc-valencia/leistungsdaten/verein/1049/plus/1?reldata=ES1%262002
2002/03,Barcelona,63,61,2,,yes,28,https://www.transfermarkt.co.uk/fc-barcelona/leistungsdaten/verein/131/plus/1?reldata=ES1%262002
2002/03,Athletic Bilbao,63,59,4,,yes,27,https://www.transfermarkt.co.uk/athletic-bilbao/leistungsdaten/verein/621/plus/1?reldata=ES1%262002
2002/03,Real Betis,56,56,0,,yes,28,https://www.transfermarkt.co.uk/real-betis-sevilla/leistungsdaten/verein/150/plus/1?reldata=ES1%262002
2002/03,Mallorca,49,45,4,,yes,27,https://www.transfermarkt.co.uk/rcd-mallorca/leistungsdaten/verein/237/plus/1?reldata=ES1%262002
2002/03,Sevilla,38,32,6,CHECK,yes,28,https://www.transfermarkt.co.uk/fc-sevilla/leistungsdaten/verein/368/plus/1?reldata=ES1%262002
2002/03,Osasuna,40,40,0,,yes,28,https://www.transfermarkt.co.uk/ca-osasuna/leistungsdaten/verein/331/plus/1?reldata=ES1%262002
2002/03,Atletico Madrid,51,50,1,,yes,25,https://www.transfermarkt.co.uk/atletico-madrid/leistungsdaten/verein/13/plus/1?reldata=ES1%262002
2002/03,Malaga,44,43,1,,yes,31,https://www.transfermarkt.co.uk/fc-malaga/leistungsdaten/verein/1084/plus/1?reldata=ES1%262002
2002/03,Real Valladolid,37,36,1,,yes,27,https://www.transfermarkt.co.uk/real-valladolid/leistungsdaten/verein/366/plus/1?reldata=ES1%262002
2002/03,Villarreal,44,43,1,,yes,30,https://www.transfermarkt.co.uk/fc-villarreal/leistungsdaten/verein/1050/plus/1?reldata=ES1%262002
2002/03,Racing Santander,54,53,1,,yes,32,https://www.transfermarkt.co.uk/racing-santander/leistungsdaten/verein/630/plus/1?reldata=ES1%262002
2002/03,Espanyol,48,48,0,,yes,30,https://www.transfermarkt.co.uk/espanyol-barcelona/leistungsdaten/verein/714/plus/1?reldata=ES1%262002
2002/03,Recreativo Huelva,35,34,1,,yes,28,https://www.transfermarkt.co.uk/recreativo-huelva/leistungsdaten/verein/2867/plus/1?reldata=ES1%262002
2002/03,Alaves,38,37,1,,yes,23,https://www.transfermarkt.co.uk/deportivo-alaves/leistungsdaten/verein/1108/plus/1?reldata=ES1%262002
2002/03,Rayo Vallecano,31,30,1,,yes,28,https://www.transfermarkt.co.uk/rayo-vallecano/leistungsdaten/verein/367/plus/1?reldata=ES1%262002
2003/04,Valencia,71,69,2,,yes,23,https://www.transfermarkt.co.uk/fc-valencia/leistungsdaten/verein/1049/plus/1?reldata=ES1%262003
2003/04,Barcelona,63,62,1,,yes,28,https://www.transfermarkt.co.uk/fc-barcelona/leistungsdaten/verein/131/plus/1?reldata=ES1%262003
2003/04,Deportivo,60,53,7,CHECK,yes,25,https://www.transfermarkt.co.uk/deportivo-la-coruna/leistungsdaten/verein/897/plus/1?reldata=ES1%262003
2003/04,Real Madrid,72,71,1,,yes,24,https://www.transfermarkt.co.uk/real-madrid/leistungsdaten/verein/418/plus/1?reldata=ES1%262003
2003/04,Athletic Bilbao,53,51,2,,yes,24,https://www.transfermarkt.co.uk/athletic-bilbao/leistungsdaten/verein/621/plus/1?reldata=ES1%262003
2003/04,Sevilla,56,55,1,,yes,31,https://www.transfermarkt.co.uk/fc-sevilla/leistungsdaten/verein/368/plus/1?reldata=ES1%262003
2003/04,Atletico Madrid,51,51,0,,yes,32,https://www.transfermarkt.co.uk/atletico-madrid/leistungsdaten/verein/13/plus/1?reldata=ES1%262003
2003/04,Villarreal,47,45,2,,yes,23,https://www.transfermarkt.co.uk/fc-villarreal/leistungsdaten/verein/1050/plus/1?reldata=ES1%262003
2003/04,Real Betis,46,45,1,,yes,27,https://www.transfermarkt.co.uk/real-betis-sevilla/leistungsdaten/verein/150/plus/1?reldata=ES1%262003
2003/04,Malaga,50,50,0,,yes,24,https://www.transfermarkt.co.uk/fc-malaga/leistungsdaten/verein/1084/plus/1?reldata=ES1%262003
2003/04,Mallorca,54,53,1,,yes,26,https://www.transfermarkt.co.uk/rcd-mallorca/leistungsdaten/verein/237/plus/1?reldata=ES1%262003
2003/04,Real Zaragoza,46,44,2,,yes,29,https://www.transfermarkt.co.uk/real-saragossa/leistungsdaten/verein/142/plus/1?reldata=ES1%262003
2003/04,Osasuna,38,34,4,,yes,25,https://www.transfermarkt.co.uk/ca-osasuna/leistungsdaten/verein/331/plus/1?reldata=ES1%262003
2003/04,Albacete,40,36,4,,yes,31,https://www.transfermarkt.co.uk/albacete-balompie/leistungsdaten/verein/1532/plus/1?reldata=ES1%262003
2003/04,Real Sociedad,49,47,2,,yes,25,https://www.transfermarkt.co.uk/real-sociedad-san-sebastian/leistungsdaten/verein/681/plus/1?reldata=ES1%262003
2003/04,Espanyol,48,47,1,,yes,31,https://www.transfermarkt.co.uk/espanyol-barcelona/leistungsdaten/verein/714/plus/1?reldata=ES1%262003
2003/04,Racing Santander,48,46,2,,yes,23,https://www.transfermarkt.co.uk/racing-santander/leistungsdaten/verein/630/plus/1?reldata=ES1%262003
2003/04,Real Valladolid,46,46,0,,yes,27,https://www.transfermarkt.co.uk/real-valladolid/leistungsdaten/verein/366/plus/1?reldata=ES1%262003
2003/04,Celta Vigo,48,47,1,,yes,30,https://www.transfermarkt.co.uk/celta-vigo/leistungsdaten/verein/940/plus/1?reldata=ES1%262003
2003/04,Real Murcia,29,29,0,,yes,31,https://www.transfermarkt.co.uk/real-murcia/leistungsdaten/verein/171/plus/1?reldata=ES1%262003
2004/05,Barcelona,73,70,3,,yes,26,https://www.transfermarkt.co.uk/fc-barcelona/leistungsdaten/verein/131/plus/1?reldata=ES1%262004
2004/05,Real Madrid,71,70,1,,yes,27,https://www.transfermarkt.co.uk/real-madrid/leistungsdaten/verein/418/plus/1?reldata=ES1%262004
2004/05,Villarreal,69,68,1,,partial (treated as unknown),25,https://www.transfermarkt.co.uk/fc-villarreal/leistungsdaten/verein/1050/plus/1?reldata=ES1%262004
2004/05,Real Betis,62,62,0,,partial (treated as unknown),25,https://www.transfermarkt.co.uk/real-betis-sevilla/leistungsdaten/verein/150/plus/1?reldata=ES1%262004
2004/05,Espanyol,54,52,2,,partial (treated as unknown),25,https://www.transfermarkt.co.uk/espanyol-barcelona/leistungsdaten/verein/714/plus/1?reldata=ES1%262004
2004/05,Sevilla,44,44,0,,partial (treated as unknown),29,https://www.transfermarkt.co.uk/fc-sevilla/leistungsdaten/verein/368/plus/1?reldata=ES1%262004
2004/05,Valencia,54,51,3,,yes,28,https://www.transfermarkt.co.uk/fc-valencia/leistungsdaten/verein/1049/plus/1?reldata=ES1%262004
2004/05,Deportivo,46,43,3,,partial (treated as unknown),26,https://www.transfermarkt.co.uk/deportivo-la-coruna/leistungsdaten/verein/897/plus/1?reldata=ES1%262004
2004/05,Athletic Bilbao,59,59,0,,yes,28,https://www.transfermarkt.co.uk/athletic-bilbao/leistungsdaten/verein/621/plus/1?reldata=ES1%262004
2004/05,Malaga,40,40,0,,partial (treated as unknown),26,https://www.transfermarkt.co.uk/fc-malaga/leistungsdaten/verein/1084/plus/1?reldata=ES1%262004
2004/05,Atletico Madrid,40,38,2,,partial (treated as unknown),27,https://www.transfermarkt.co.uk/atletico-madrid/leistungsdaten/verein/13/plus/1?reldata=ES1%262004
2004/05,Real Zaragoza,52,51,1,,partial (treated as unknown),25,https://www.transfermarkt.co.uk/real-saragossa/leistungsdaten/verein/142/plus/1?reldata=ES1%262004
2004/05,Getafe,38,36,2,,partial (treated as unknown),28,https://www.transfermarkt.co.uk/fc-getafe/leistungsdaten/verein/3709/plus/1?reldata=ES1%262004
2004/05,Real Sociedad,47,47,0,,partial (treated as unknown),27,https://www.transfermarkt.co.uk/real-sociedad-san-sebastian/leistungsdaten/verein/681/plus/1?reldata=ES1%262004
2004/05,Osasuna,46,43,3,,partial (treated as unknown),25,https://www.transfermarkt.co.uk/ca-osasuna/leistungsdaten/verein/331/plus/1?reldata=ES1%262004
2004/05,Racing Santander,41,41,0,,partial (treated as unknown),29,https://www.transfermarkt.co.uk/racing-santander/leistungsdaten/verein/630/plus/1?reldata=ES1%262004
2004/05,Mallorca,42,40,2,,partial (treated as unknown),29,https://www.transfermarkt.co.uk/rcd-mallorca/leistungsdaten/verein/237/plus/1?reldata=ES1%262004
2004/05,Levante,39,39,0,,partial (treated as unknown),23,https://www.transfermarkt.co.uk/ud-levante/leistungsdaten/verein/3368/plus/1?reldata=ES1%262004
2004/05,Numancia,30,29,1,,partial (treated as unknown),30,https://www.transfermarkt.co.uk/cd-numancia/leistungsdaten/verein/2296/plus/1?reldata=ES1%262004
2004/05,Albacete,33,33,0,,partial (treated as unknown),35,https://www.transfermarkt.co.uk/albacete-balompie/leistungsdaten/verein/1532/plus/1?reldata=ES1%262004
2005/06,Barcelona,80,75,5,CHECK,yes,30,https://www.transfermarkt.co.uk/fc-barcelona/leistungsdaten/verein/131/plus/1?reldata=ES1%262005
2005/06,Real Madrid,70,68,2,,yes,26,https://www.transfermarkt.co.uk/real-madrid/leistungsdaten/verein/418/plus/1?reldata=ES1%262005
2005/06,Valencia,58,58,0,,yes,28,https://www.transfermarkt.co.uk/fc-valencia/leistungsdaten/verein/1049/plus/1?reldata=ES1%262005
2005/06,Osasuna,49,49,0,,partial (treated as unknown),25,https://www.transfermarkt.co.uk/ca-osasuna/leistungsdaten/verein/331/plus/1?reldata=ES1%262005
2005/06,Sevilla,54,52,2,,partial (treated as unknown),30,https://www.transfermarkt.co.uk/fc-sevilla/leistungsdaten/verein/368/plus/1?reldata=ES1%262005
2005/06,Celta Vigo,45,45,0,,partial (treated as unknown),24,https://www.transfermarkt.co.uk/celta-vigo/leistungsdaten/verein/940/plus/1?reldata=ES1%262005
2005/06,Villarreal,50,49,1,,partial (treated as unknown),29,https://www.transfermarkt.co.uk/fc-villarreal/leistungsdaten/verein/1050/plus/1?reldata=ES1%262005
2005/06,Deportivo,47,46,1,,partial (treated as unknown),29,https://www.transfermarkt.co.uk/deportivo-la-coruna/leistungsdaten/verein/897/plus/1?reldata=ES1%262005
2005/06,Getafe,54,53,1,,partial (treated as unknown),24,https://www.transfermarkt.co.uk/fc-getafe/leistungsdaten/verein/3709/plus/1?reldata=ES1%262005
2005/06,Atletico Madrid,45,45,0,,partial (treated as unknown),29,https://www.transfermarkt.co.uk/atletico-madrid/leistungsdaten/verein/13/plus/1?reldata=ES1%262005
2005/06,Real Zaragoza,46,45,1,,partial (treated as unknown),23,https://www.transfermarkt.co.uk/real-saragossa/leistungsdaten/verein/142/plus/1?reldata=ES1%262005
2005/06,Athletic Bilbao,40,38,2,,partial (treated as unknown),26,https://www.transfermarkt.co.uk/athletic-bilbao/leistungsdaten/verein/621/plus/1?reldata=ES1%262005
2005/06,Mallorca,37,37,0,,partial (treated as unknown),28,https://www.transfermarkt.co.uk/rcd-mallorca/leistungsdaten/verein/237/plus/1?reldata=ES1%262005
2005/06,Real Betis,34,32,2,,partial (treated as unknown),28,https://www.transfermarkt.co.uk/real-betis-sevilla/leistungsdaten/verein/150/plus/1?reldata=ES1%262005
2005/06,Espanyol,36,36,0,,partial (treated as unknown),26,https://www.transfermarkt.co.uk/espanyol-barcelona/leistungsdaten/verein/714/plus/1?reldata=ES1%262005
2005/06,Real Sociedad,48,48,0,,partial (treated as unknown),29,https://www.transfermarkt.co.uk/real-sociedad-san-sebastian/leistungsdaten/verein/681/plus/1?reldata=ES1%262005
2005/06,Racing Santander,36,35,1,,partial (treated as unknown),30,https://www.transfermarkt.co.uk/racing-santander/leistungsdaten/verein/630/plus/1?reldata=ES1%262005
2005/06,Alaves,35,35,0,,partial (treated as unknown),28,https://www.transfermarkt.co.uk/deportivo-alaves/leistungsdaten/verein/1108/plus/1?reldata=ES1%262005
2005/06,Cadiz,36,36,0,,partial (treated as unknown),26,https://www.transfermarkt.co.uk/fc-cadiz/leistungsdaten/verein/2687/plus/1?reldata=ES1%262005
2005/06,Malaga,36,36,0,,partial (treated as unknown),31,https://www.transfermarkt.co.uk/fc-malaga/leistungsdaten/verein/1084/plus/1?reldata=ES1%262005
2006/07,Real Madrid,66,65,1,,yes,25,https://www.transfermarkt.co.uk/real-madrid/leistungsdaten/verein/418/plus/1?reldata=ES1%262006
2006/07,Barcelona,78,76,2,,yes,22,https://www.transfermarkt.co.uk/fc-barcelona/leistungsdaten/verein/131/plus/1?reldata=ES1%262006
2006/07,Sevilla,64,62,2,,partial (treated as unknown),25,https://www.transfermarkt.co.uk/fc-sevilla/leistungsdaten/verein/368/plus/1?reldata=ES1%262006
2006/07,Valencia,57,55,2,,yes,29,https://www.transfermarkt.co.uk/fc-valencia/leistungsdaten/verein/1049/plus/1?reldata=ES1%262006
2006/07,Villarreal,48,46,2,,partial (treated as unknown),27,https://www.transfermarkt.co.uk/fc-villarreal/leistungsdaten/verein/1050/plus/1?reldata=ES1%262006
2006/07,Real Zaragoza,55,54,1,,partial (treated as unknown),22,https://www.transfermarkt.co.uk/real-saragossa/leistungsdaten/verein/142/plus/1?reldata=ES1%262006
2006/07,Atletico Madrid,46,44,2,,partial (treated as unknown),26,https://www.transfermarkt.co.uk/atletico-madrid/leistungsdaten/verein/13/plus/1?reldata=ES1%262006
2006/07,Recreativo Huelva,54,53,1,,partial (treated as unknown),23,https://www.transfermarkt.co.uk/recreativo-huelva/leistungsdaten/verein/2867/plus/1?reldata=ES1%262006
2006/07,Getafe,39,39,0,,partial (treated as unknown),24,https://www.transfermarkt.co.uk/fc-getafe/leistungsdaten/verein/3709/plus/1?reldata=ES1%262006
2006/07,Racing Santander,42,39,3,,partial (treated as unknown),28,https://www.transfermarkt.co.uk/racing-santander/leistungsdaten/verein/630/plus/1?reldata=ES1%262006
2006/07,Mallorca,41,40,1,,partial (treated as unknown),23,https://www.transfermarkt.co.uk/rcd-mallorca/leistungsdaten/verein/237/plus/1?reldata=ES1%262006
2006/07,Espanyol,46,46,0,,partial (treated as unknown),28,https://www.transfermarkt.co.uk/espanyol-barcelona/leistungsdaten/verein/714/plus/1?reldata=ES1%262006
2006/07,Deportivo,32,31,1,,partial (treated as unknown),27,https://www.transfermarkt.co.uk/deportivo-la-coruna/leistungsdaten/verein/897/plus/1?reldata=ES1%262006
2006/07,Osasuna,51,50,1,,partial (treated as unknown),28,https://www.transfermarkt.co.uk/ca-osasuna/leistungsdaten/verein/331/plus/1?reldata=ES1%262006
2006/07,Levante,37,36,1,,partial (treated as unknown),27,https://www.transfermarkt.co.uk/ud-levante/leistungsdaten/verein/3368/plus/1?reldata=ES1%262006
2006/07,Real Betis,36,36,0,,partial (treated as unknown),30,https://www.transfermarkt.co.uk/real-betis-sevilla/leistungsdaten/verein/150/plus/1?reldata=ES1%262006
2006/07,Athletic Bilbao,44,43,1,,yes,25,https://www.transfermarkt.co.uk/athletic-bilbao/leistungsdaten/verein/621/plus/1?reldata=ES1%262006
2006/07,Celta Vigo,40,40,0,,partial (treated as unknown),26,https://www.transfermarkt.co.uk/celta-vigo/leistungsdaten/verein/940/plus/1?reldata=ES1%262006
2006/07,Real Sociedad,32,31,1,,partial (treated as unknown),30,https://www.transfermarkt.co.uk/real-sociedad-san-sebastian/leistungsdaten/verein/681/plus/1?reldata=ES1%262006
2006/07,Gimnastic Tarragona,34,33,1,,partial (treated as unknown),29,https://www.transfermarkt.co.uk/gimnastic-de-tarragona/leistungsdaten/verein/5648/plus/1?reldata=ES1%262006
2007/08,Real Madrid,84,83,1,,yes,25,https://www.transfermarkt.co.uk/real-madrid/leistungsdaten/verein/418/plus/1?reldata=ES1%262007
2007/08,Villarreal,63,63,0,,yes,24,https://www.transfermarkt.co.uk/fc-villarreal/leistungsdaten/verein/1050/plus/1?reldata=ES1%262007
2007/08,Barcelona,76,76,0,,yes,28,https://www.transfermarkt.co.uk/fc-barcelona/leistungsdaten/verein/131/plus/1?reldata=ES1%262007
2007/08,Atletico Madrid,66,65,1,,yes,25,https://www.transfermarkt.co.uk/atletico-madrid/leistungsdaten/verein/13/plus/1?reldata=ES1%262007
2007/08,Sevilla,75,72,3,,yes,32,https://www.transfermarkt.co.uk/fc-sevilla/leistungsdaten/verein/368/plus/1?reldata=ES1%262007
2007/08,Racing Santander,42,40,2,,yes,27,https://www.transfermarkt.co.uk/racing-santander/leistungsdaten/verein/630/plus/1?reldata=ES1%262007
2007/08,Mallorca,69,69,0,,yes,25,https://www.transfermarkt.co.uk/rcd-mallorca/leistungsdaten/verein/237/plus/1?reldata=ES1%262007
2007/08,Almeria,41,40,1,,yes,23,https://www.transfermarkt.co.uk/ud-almeria/leistungsdaten/verein/3302/plus/1?reldata=ES1%262007
2007/08,Deportivo,46,44,2,,yes,31,https://www.transfermarkt.co.uk/deportivo-la-coruna/leistungsdaten/verein/897/plus/1?reldata=ES1%262007
2007/08,Valencia,48,47,1,,yes,29,https://www.transfermarkt.co.uk/fc-valencia/leistungsdaten/verein/1049/plus/1?reldata=ES1%262007
2007/08,Athletic Bilbao,40,38,2,,yes,30,https://www.transfermarkt.co.uk/athletic-bilbao/leistungsdaten/verein/621/plus/1?reldata=ES1%262007
2007/08,Espanyol,43,41,2,,yes,26,https://www.transfermarkt.co.uk/espanyol-barcelona/leistungsdaten/verein/714/plus/1?reldata=ES1%262007
2007/08,Real Betis,45,43,2,,yes,28,https://www.transfermarkt.co.uk/real-betis-sevilla/leistungsdaten/verein/150/plus/1?reldata=ES1%262007
2007/08,Getafe,44,43,1,,yes,27,https://www.transfermarkt.co.uk/fc-getafe/leistungsdaten/verein/3709/plus/1?reldata=ES1%262007
2007/08,Real Valladolid,42,42,0,,yes,27,https://www.transfermarkt.co.uk/real-valladolid/leistungsdaten/verein/366/plus/1?reldata=ES1%262007
2007/08,Recreativo Huelva,40,39,1,,yes,25,https://www.transfermarkt.co.uk/recreativo-huelva/leistungsdaten/verein/2867/plus/1?reldata=ES1%262007
2007/08,Osasuna,37,36,1,,yes,29,https://www.transfermarkt.co.uk/ca-osasuna/leistungsdaten/verein/331/plus/1?reldata=ES1%262007
2007/08,Real Zaragoza,50,48,2,,yes,26,https://www.transfermarkt.co.uk/real-saragossa/leistungsdaten/verein/142/plus/1?reldata=ES1%262007
2007/08,Real Murcia,36,35,1,,yes,29,https://www.transfermarkt.co.uk/real-murcia/leistungsdaten/verein/171/plus/1?reldata=ES1%262007
2007/08,Levante,33,33,0,,yes,29,https://www.transfermarkt.co.uk/ud-levante/leistungsdaten/verein/3368/plus/1?reldata=ES1%262007
2008/09,Barcelona,105,102,3,,yes,29,https://www.transfermarkt.co.uk/fc-barcelona/leistungsdaten/verein/131/plus/1?reldata=ES1%262008
2008/09,Real Madrid,83,82,1,,yes,30,https://www.transfermarkt.co.uk/real-madrid/leistungsdaten/verein/418/plus/1?reldata=ES1%262008
2008/09,Sevilla,54,53,1,,yes,29,https://www.transfermarkt.co.uk/fc-sevilla/leistungsdaten/verein/368/plus/1?reldata=ES1%262008
2008/09,Atletico Madrid,80,78,2,,yes,22,https://www.transfermarkt.co.uk/atletico-madrid/leistungsdaten/verein/13/plus/1?reldata=ES1%262008
2008/09,Villarreal,61,61,0,,yes,27,https://www.transfermarkt.co.uk/fc-villarreal/leistungsdaten/verein/1050/plus/1?reldata=ES1%262008
2008/09,Valencia,68,68,0,,yes,26,https://www.transfermarkt.co.uk/fc-valencia/leistungsdaten/verein/1049/plus/1?reldata=ES1%262008
2008/09,Deportivo,48,47,1,,yes,25,https://www.transfermarkt.co.uk/deportivo-la-coruna/leistungsdaten/verein/897/plus/1?reldata=ES1%262008
2008/09,Malaga,55,53,2,,yes,25,https://www.transfermarkt.co.uk/fc-malaga/leistungsdaten/verein/1084/plus/1?reldata=ES1%262008
2008/09,Mallorca,53,53,0,,yes,22,https://www.transfermarkt.co.uk/rcd-mallorca/leistungsdaten/verein/237/plus/1?reldata=ES1%262008
2008/09,Espanyol,46,45,1,,yes,26,https://www.transfermarkt.co.uk/espanyol-barcelona/leistungsdaten/verein/714/plus/1?reldata=ES1%262008
2008/09,Almeria,45,45,0,,yes,24,https://www.transfermarkt.co.uk/ud-almeria/leistungsdaten/verein/3302/plus/1?reldata=ES1%262008
2008/09,Racing Santander,49,48,1,,yes,30,https://www.transfermarkt.co.uk/racing-santander/leistungsdaten/verein/630/plus/1?reldata=ES1%262008
2008/09,Athletic Bilbao,47,45,2,,yes,30,https://www.transfermarkt.co.uk/athletic-bilbao/leistungsdaten/verein/621/plus/1?reldata=ES1%262008
2008/09,Sporting Gijon,47,46,1,,yes,26,https://www.transfermarkt.co.uk/sporting-gijon/leistungsdaten/verein/2448/plus/1?reldata=ES1%262008
2008/09,Osasuna,41,40,1,,yes,28,https://www.transfermarkt.co.uk/ca-osasuna/leistungsdaten/verein/331/plus/1?reldata=ES1%262008
2008/09,Real Valladolid,46,44,2,,yes,25,https://www.transfermarkt.co.uk/real-valladolid/leistungsdaten/verein/366/plus/1?reldata=ES1%262008
2008/09,Getafe,50,49,1,,yes,25,https://www.transfermarkt.co.uk/fc-getafe/leistungsdaten/verein/3709/plus/1?reldata=ES1%262008
2008/09,Real Betis,51,51,0,,yes,29,https://www.transfermarkt.co.uk/real-betis-sevilla/leistungsdaten/verein/150/plus/1?reldata=ES1%262008
2008/09,Numancia,38,38,0,,yes,26,https://www.transfermarkt.co.uk/cd-numancia/leistungsdaten/verein/2296/plus/1?reldata=ES1%262008
2008/09,Recreativo Huelva,34,33,1,,yes,27,https://www.transfermarkt.co.uk/recreativo-huelva/leistungsdaten/verein/2867/plus/1?reldata=ES1%262008
2009/10,Barcelona,98,95,3,,yes,24,https://www.transfermarkt.co.uk/fc-barcelona/leistungsdaten/verein/131/plus/1?reldata=ES1%262009
2009/10,Real Madrid,102,102,0,,yes,25,https://www.transfermarkt.co.uk/real-madrid/leistungsdaten/verein/418/plus/1?reldata=ES1%262009
2009/10,Valencia,59,59,0,,yes,27,https://www.transfermarkt.co.uk/fc-valencia/leistungsdaten/verein/1049/plus/1?reldata=ES1%262009
2009/10,Sevilla,65,63,2,,yes,31,https://www.transfermarkt.co.uk/fc-sevilla/leistungsdaten/verein/368/plus/1?reldata=ES1%262009
2009/10,Mallorca,59,57,2,,yes,24,https://www.transfermarkt.co.uk/rcd-mallorca/leistungsdaten/verein/237/plus/1?reldata=ES1%262009
2009/10,Getafe,58,57,1,,yes,24,https://www.transfermarkt.co.uk/fc-getafe/leistungsdaten/verein/3709/plus/1?reldata=ES1%262009
2009/10,Villarreal,58,58,0,,yes,25,https://www.transfermarkt.co.uk/fc-villarreal/leistungsdaten/verein/1050/plus/1?reldata=ES1%262009
2009/10,Athletic Bilbao,50,48,2,,yes,29,https://www.transfermarkt.co.uk/athletic-bilbao/leistungsdaten/verein/621/plus/1?reldata=ES1%262009
2009/10,Atletico Madrid,57,56,1,,yes,33,https://www.transfermarkt.co.uk/atletico-madrid/leistungsdaten/verein/13/plus/1?reldata=ES1%262009
2009/10,Deportivo,35,34,1,,yes,28,https://www.transfermarkt.co.uk/deportivo-la-coruna/leistungsdaten/verein/897/plus/1?reldata=ES1%262009
2009/10,Espanyol,29,29,0,,yes,28,https://www.transfermarkt.co.uk/espanyol-barcelona/leistungsdaten/verein/714/plus/1?reldata=ES1%262009
2009/10,Osasuna,37,36,1,,yes,25,https://www.transfermarkt.co.uk/ca-osasuna/leistungsdaten/verein/331/plus/1?reldata=ES1%262009
2009/10,Almeria,43,41,2,,yes,24,https://www.transfermarkt.co.uk/ud-almeria/leistungsdaten/verein/3302/plus/1?reldata=ES1%262009
2009/10,Real Zaragoza,46,44,2,,yes,33,https://www.transfermarkt.co.uk/real-saragossa/leistungsdaten/verein/142/plus/1?reldata=ES1%262009
2009/10,Sporting Gijon,36,35,1,,yes,28,https://www.transfermarkt.co.uk/sporting-gijon/leistungsdaten/verein/2448/plus/1?reldata=ES1%262009
2009/10,Racing Santander,42,42,0,,yes,29,https://www.transfermarkt.co.uk/racing-santander/leistungsdaten/verein/630/plus/1?reldata=ES1%262009
2009/10,Malaga,42,41,1,,yes,30,https://www.transfermarkt.co.uk/fc-malaga/leistungsdaten/verein/1084/plus/1?reldata=ES1%262009
2009/10,Real Valladolid,37,34,3,,yes,32,https://www.transfermarkt.co.uk/real-valladolid/leistungsdaten/verein/366/plus/1?reldata=ES1%262009
2009/10,Tenerife,40,40,0,,yes,22,https://www.transfermarkt.co.uk/cd-teneriffa/leistungsdaten/verein/648/plus/1?reldata=ES1%262009
2009/10,Xerez,38,38,0,,yes,24,https://www.transfermarkt.co.uk/deportivo-xerez/leistungsdaten/verein/134/plus/1?reldata=ES1%262009
2010/11,Barcelona,95,94,1,,yes,28,https://www.transfermarkt.co.uk/fc-barcelona/leistungsdaten/verein/131/plus/1?reldata=ES1%262010
2010/11,Real Madrid,102,101,1,,yes,32,https://www.transfermarkt.co.uk/real-madrid/leistungsdaten/verein/418/plus/1?reldata=ES1%262010
2010/11,Valencia,64,63,1,,yes,27,https://www.transfermarkt.co.uk/fc-valencia/leistungsdaten/verein/1049/plus/1?reldata=ES1%262010
2010/11,Villarreal,54,54,0,,yes,28,https://www.transfermarkt.co.uk/fc-villarreal/leistungsdaten/verein/1050/plus/1?reldata=ES1%262010
2010/11,Sevilla,62,62,0,,yes,32,https://www.transfermarkt.co.uk/fc-sevilla/leistungsdaten/verein/368/plus/1?reldata=ES1%262010
2010/11,Athletic Bilbao,59,57,2,,yes,29,https://www.transfermarkt.co.uk/athletic-bilbao/leistungsdaten/verein/621/plus/1?reldata=ES1%262010
2010/11,Atletico Madrid,62,61,1,,yes,24,https://www.transfermarkt.co.uk/atletico-madrid/leistungsdaten/verein/13/plus/1?reldata=ES1%262010
2010/11,Espanyol,46,44,2,,yes,31,https://www.transfermarkt.co.uk/espanyol-barcelona/leistungsdaten/verein/714/plus/1?reldata=ES1%262010
2010/11,Osasuna,45,44,1,,yes,26,https://www.transfermarkt.co.uk/ca-osasuna/leistungsdaten/verein/331/plus/1?reldata=ES1%262010
2010/11,Sporting Gijon,35,33,2,,yes,31,https://www.transfermarkt.co.uk/sporting-gijon/leistungsdaten/verein/2448/plus/1?reldata=ES1%262010
2010/11,Malaga,54,54,0,,yes,34,https://www.transfermarkt.co.uk/fc-malaga/leistungsdaten/verein/1084/plus/1?reldata=ES1%262010
2010/11,Racing Santander,41,38,3,,yes,29,https://www.transfermarkt.co.uk/racing-santander/leistungsdaten/verein/630/plus/1?reldata=ES1%262010
2010/11,Real Zaragoza,40,40,0,,yes,24,https://www.transfermarkt.co.uk/real-saragossa/leistungsdaten/verein/142/plus/1?reldata=ES1%262010
2010/11,Levante,41,41,0,,yes,28,https://www.transfermarkt.co.uk/ud-levante/leistungsdaten/verein/3368/plus/1?reldata=ES1%262010
2010/11,Real Sociedad,49,45,4,,yes,23,https://www.transfermarkt.co.uk/real-sociedad-san-sebastian/leistungsdaten/verein/681/plus/1?reldata=ES1%262010
2010/11,Getafe,49,47,2,,yes,23,https://www.transfermarkt.co.uk/fc-getafe/leistungsdaten/verein/3709/plus/1?reldata=ES1%262010
2010/11,Mallorca,41,41,0,,yes,24,https://www.transfermarkt.co.uk/rcd-mallorca/leistungsdaten/verein/237/plus/1?reldata=ES1%262010
2010/11,Deportivo,31,30,1,,yes,30,https://www.transfermarkt.co.uk/deportivo-la-coruna/leistungsdaten/verein/897/plus/1?reldata=ES1%262010
2010/11,Hercules,36,36,0,,yes,26,https://www.transfermarkt.co.uk/hercules-alicante/leistungsdaten/verein/7971/plus/1?reldata=ES1%262010
2010/11,Almeria,36,36,0,,yes,26,https://www.transfermarkt.co.uk/ud-almeria/leistungsdaten/verein/3302/plus/1?reldata=ES1%262010
2011/12,Real Madrid,121,120,1,,yes,25,https://www.transfermarkt.co.uk/real-madrid/leistungsdaten/verein/418/plus/1?reldata=ES1%262011
2011/12,Barcelona,114,111,3,,yes,29,https://www.transfermarkt.co.uk/fc-barcelona/leistungsdaten/verein/131/plus/1?reldata=ES1%262011
2011/12,Valencia,59,55,4,,yes,26,https://www.transfermarkt.co.uk/fc-valencia/leistungsdaten/verein/1049/plus/1?reldata=ES1%262011
2011/12,Malaga,54,52,2,,yes,26,https://www.transfermarkt.co.uk/fc-malaga/leistungsdaten/verein/1084/plus/1?reldata=ES1%262011
2011/12,Atletico Madrid,53,51,2,,yes,24,https://www.transfermarkt.co.uk/atletico-madrid/leistungsdaten/verein/13/plus/1?reldata=ES1%262011
2011/12,Levante,54,54,0,,yes,27,https://www.transfermarkt.co.uk/ud-levante/leistungsdaten/verein/3368/plus/1?reldata=ES1%262011
2011/12,Osasuna,44,43,1,,yes,28,https://www.transfermarkt.co.uk/ca-osasuna/leistungsdaten/verein/331/plus/1?reldata=ES1%262011
2011/12,Mallorca,42,38,4,,yes,28,https://www.transfermarkt.co.uk/rcd-mallorca/leistungsdaten/verein/237/plus/1?reldata=ES1%262011
2011/12,Sevilla,48,47,1,,yes,28,https://www.transfermarkt.co.uk/fc-sevilla/leistungsdaten/verein/368/plus/1?reldata=ES1%262011
2011/12,Athletic Bilbao,49,49,0,,yes,22,https://www.transfermarkt.co.uk/athletic-bilbao/leistungsdaten/verein/621/plus/1?reldata=ES1%262011
2011/12,Getafe,40,37,3,,yes,29,https://www.transfermarkt.co.uk/fc-getafe/leistungsdaten/verein/3709/plus/1?reldata=ES1%262011
2011/12,Real Sociedad,46,45,1,,yes,24,https://www.transfermarkt.co.uk/real-sociedad-san-sebastian/leistungsdaten/verein/681/plus/1?reldata=ES1%262011
2011/12,Real Betis,47,47,0,,yes,31,https://www.transfermarkt.co.uk/real-betis-sevilla/leistungsdaten/verein/150/plus/1?reldata=ES1%262011
2011/12,Espanyol,46,45,1,,yes,29,https://www.transfermarkt.co.uk/espanyol-barcelona/leistungsdaten/verein/714/plus/1?reldata=ES1%262011
2011/12,Rayo Vallecano,53,52,1,,yes,32,https://www.transfermarkt.co.uk/rayo-vallecano/leistungsdaten/verein/367/plus/1?reldata=ES1%262011
2011/12,Real Zaragoza,36,35,1,,yes,29,https://www.transfermarkt.co.uk/real-saragossa/leistungsdaten/verein/142/plus/1?reldata=ES1%262011
2011/12,Granada,35,35,0,,yes,25,https://www.transfermarkt.co.uk/fc-granada/leistungsdaten/verein/16795/plus/1?reldata=ES1%262011
2011/12,Villarreal,39,38,1,,yes,28,https://www.transfermarkt.co.uk/fc-villarreal/leistungsdaten/verein/1050/plus/1?reldata=ES1%262011
2011/12,Sporting Gijon,42,41,1,,yes,30,https://www.transfermarkt.co.uk/sporting-gijon/leistungsdaten/verein/2448/plus/1?reldata=ES1%262011
2011/12,Racing Santander,28,27,1,,yes,32,https://www.transfermarkt.co.uk/racing-santander/leistungsdaten/verein/630/plus/1?reldata=ES1%262011
2012/13,Barcelona,115,112,3,,yes,25,https://www.transfermarkt.co.uk/fc-barcelona/leistungsdaten/verein/131/plus/1?reldata=ES1%262012
2012/13,Real Madrid,103,100,3,,yes,31,https://www.transfermarkt.co.uk/real-madrid/leistungsdaten/verein/418/plus/1?reldata=ES1%262012
2012/13,Atletico Madrid,65,63,2,,yes,27,https://www.transfermarkt.co.uk/atletico-madrid/leistungsdaten/verein/13/plus/1?reldata=ES1%262012
2012/13,Real Sociedad,70,68,2,,yes,22,https://www.transfermarkt.co.uk/real-sociedad-san-sebastian/leistungsdaten/verein/681/plus/1?reldata=ES1%262012
2012/13,Valencia,67,65,2,,yes,23,https://www.transfermarkt.co.uk/fc-valencia/leistungsdaten/verein/1049/plus/1?reldata=ES1%262012
2012/13,Malaga,53,52,1,,yes,28,https://www.transfermarkt.co.uk/fc-malaga/leistungsdaten/verein/1084/plus/1?reldata=ES1%262012
2012/13,Real Betis,57,55,2,,yes,33,https://www.transfermarkt.co.uk/real-betis-sevilla/leistungsdaten/verein/150/plus/1?reldata=ES1%262012
2012/13,Rayo Vallecano,50,49,1,,yes,29,https://www.transfermarkt.co.uk/rayo-vallecano/leistungsdaten/verein/367/plus/1?reldata=ES1%262012
2012/13,Sevilla,58,56,2,,yes,30,https://www.transfermarkt.co.uk/fc-sevilla/leistungsdaten/verein/368/plus/1?reldata=ES1%262012
2012/13,Getafe,43,43,0,,yes,27,https://www.transfermarkt.co.uk/fc-getafe/leistungsdaten/verein/3709/plus/1?reldata=ES1%262012
2012/13,Levante,40,39,1,,yes,27,https://www.transfermarkt.co.uk/ud-levante/leistungsdaten/verein/3368/plus/1?reldata=ES1%262012
2012/13,Athletic Bilbao,44,44,0,,yes,25,https://www.transfermarkt.co.uk/athletic-bilbao/leistungsdaten/verein/621/plus/1?reldata=ES1%262012
2012/13,Espanyol,43,42,1,,yes,25,https://www.transfermarkt.co.uk/espanyol-barcelona/leistungsdaten/verein/714/plus/1?reldata=ES1%262012
2012/13,Real Valladolid,49,47,2,,yes,23,https://www.transfermarkt.co.uk/real-valladolid/leistungsdaten/verein/366/plus/1?reldata=ES1%262012
2012/13,Granada,37,35,2,,yes,28,https://www.transfermarkt.co.uk/fc-granada/leistungsdaten/verein/16795/plus/1?reldata=ES1%262012
2012/13,Osasuna,33,33,0,,yes,30,https://www.transfermarkt.co.uk/ca-osasuna/leistungsdaten/verein/331/plus/1?reldata=ES1%262012
2012/13,Celta Vigo,37,37,0,,yes,28,https://www.transfermarkt.co.uk/celta-vigo/leistungsdaten/verein/940/plus/1?reldata=ES1%262012
2012/13,Mallorca,43,43,0,,yes,29,https://www.transfermarkt.co.uk/rcd-mallorca/leistungsdaten/verein/237/plus/1?reldata=ES1%262012
2012/13,Deportivo,47,45,2,,yes,28,https://www.transfermarkt.co.uk/deportivo-la-coruna/leistungsdaten/verein/897/plus/1?reldata=ES1%262012
2012/13,Real Zaragoza,37,37,0,,yes,33,https://www.transfermarkt.co.uk/real-saragossa/leistungsdaten/verein/142/plus/1?reldata=ES1%262012
2013/14,Atletico Madrid,77,74,3,,yes,25,https://www.transfermarkt.co.uk/atletico-madrid/leistungsdaten/verein/13/plus/1?reldata=ES1%262013
2013/14,Barcelona,100,96,4,,yes,25,https://www.transfermarkt.co.uk/fc-barcelona/leistungsdaten/verein/131/plus/1?reldata=ES1%262013
2013/14,Real Madrid,104,103,1,,yes,25,https://www.transfermarkt.co.uk/real-madrid/leistungsdaten/verein/418/plus/1?reldata=ES1%262013
2013/14,Athletic Bilbao,66,65,1,,yes,25,https://www.transfermarkt.co.uk/athletic-bilbao/leistungsdaten/verein/621/plus/1?reldata=ES1%262013
2013/14,Sevilla,69,68,1,,yes,31,https://www.transfermarkt.co.uk/fc-sevilla/leistungsdaten/verein/368/plus/1?reldata=ES1%262013
2013/14,Villarreal,60,59,1,,yes,25,https://www.transfermarkt.co.uk/fc-villarreal/leistungsdaten/verein/1050/plus/1?reldata=ES1%262013
2013/14,Real Sociedad,62,60,2,,yes,27,https://www.transfermarkt.co.uk/real-sociedad-san-sebastian/leistungsdaten/verein/681/plus/1?reldata=ES1%262013
2013/14,Valencia,51,51,0,,yes,31,https://www.transfermarkt.co.uk/fc-valencia/leistungsdaten/verein/1049/plus/1?reldata=ES1%262013
2013/14,Celta Vigo,49,47,2,,yes,26,https://www.transfermarkt.co.uk/celta-vigo/leistungsdaten/verein/940/plus/1?reldata=ES1%262013
2013/14,Levante,35,33,2,,yes,28,https://www.transfermarkt.co.uk/ud-levante/leistungsdaten/verein/3368/plus/1?reldata=ES1%262013
2013/14,Malaga,39,39,0,,yes,28,https://www.transfermarkt.co.uk/fc-malaga/leistungsdaten/verein/1084/plus/1?reldata=ES1%262013
2013/14,Rayo Vallecano,46,45,1,,yes,30,https://www.transfermarkt.co.uk/rayo-vallecano/leistungsdaten/verein/367/plus/1?reldata=ES1%262013
2013/14,Getafe,35,34,1,,yes,28,https://www.transfermarkt.co.uk/fc-getafe/leistungsdaten/verein/3709/plus/1?reldata=ES1%262013
2013/14,Espanyol,41,40,1,,yes,24,https://www.transfermarkt.co.uk/espanyol-barcelona/leistungsdaten/verein/714/plus/1?reldata=ES1%262013
2013/14,Granada,32,31,1,,yes,26,https://www.transfermarkt.co.uk/fc-granada/leistungsdaten/verein/16795/plus/1?reldata=ES1%262013
2013/14,Elche,30,29,1,,yes,29,https://www.transfermarkt.co.uk/fc-elche/leistungsdaten/verein/1531/plus/1?reldata=ES1%262013
2013/14,Almeria,43,43,0,,yes,28,https://www.transfermarkt.co.uk/ud-almeria/leistungsdaten/verein/3302/plus/1?reldata=ES1%262013
2013/14,Osasuna,32,31,1,,yes,25,https://www.transfermarkt.co.uk/ca-osasuna/leistungsdaten/verein/331/plus/1?reldata=ES1%262013
2013/14,Real Valladolid,38,37,1,,yes,25,https://www.transfermarkt.co.uk/real-valladolid/leistungsdaten/verein/366/plus/1?reldata=ES1%262013
2013/14,Real Betis,36,34,2,,yes,33,https://www.transfermarkt.co.uk/real-betis-sevilla/leistungsdaten/verein/150/plus/1?reldata=ES1%262013
2014/15,Barcelona,110,108,2,,yes,24,https://www.transfermarkt.co.uk/fc-barcelona/leistungsdaten/verein/131/plus/1?reldata=ES1%262014
2014/15,Real Madrid,118,116,2,,yes,24,https://www.transfermarkt.co.uk/real-madrid/leistungsdaten/verein/418/plus/1?reldata=ES1%262014
2014/15,Atletico Madrid,67,65,2,,yes,25,https://www.transfermarkt.co.uk/atletico-madrid/leistungsdaten/verein/13/plus/1?reldata=ES1%262014
2014/15,Valencia,70,65,5,CHECK,yes,24,https://www.transfermarkt.co.uk/fc-valencia/leistungsdaten/verein/1049/plus/1?reldata=ES1%262014
2014/15,Sevilla,71,68,3,,yes,26,https://www.transfermarkt.co.uk/fc-sevilla/leistungsdaten/verein/368/plus/1?reldata=ES1%262014
2014/15,Villarreal,48,48,0,,yes,29,https://www.transfermarkt.co.uk/fc-villarreal/leistungsdaten/verein/1050/plus/1?reldata=ES1%262014
2014/15,Athletic Bilbao,42,42,0,,yes,26,https://www.transfermarkt.co.uk/athletic-bilbao/leistungsdaten/verein/621/plus/1?reldata=ES1%262014
2014/15,Celta Vigo,47,47,0,,yes,23,https://www.transfermarkt.co.uk/celta-vigo/leistungsdaten/verein/940/plus/1?reldata=ES1%262014
2014/15,Malaga,42,40,2,,yes,23,https://www.transfermarkt.co.uk/fc-malaga/leistungsdaten/verein/1084/plus/1?reldata=ES1%262014
2014/15,Espanyol,47,47,0,,yes,27,https://www.transfermarkt.co.uk/espanyol-barcelona/leistungsdaten/verein/714/plus/1?reldata=ES1%262014
2014/15,Rayo Vallecano,46,46,0,,yes,28,https://www.transfermarkt.co.uk/rayo-vallecano/leistungsdaten/verein/367/plus/1?reldata=ES1%262014
2014/15,Real Sociedad,44,40,4,,yes,25,https://www.transfermarkt.co.uk/real-sociedad-san-sebastian/leistungsdaten/verein/681/plus/1?reldata=ES1%262014
2014/15,Elche,35,35,0,,yes,25,https://www.transfermarkt.co.uk/fc-elche/leistungsdaten/verein/1531/plus/1?reldata=ES1%262014
2014/15,Levante,34,34,0,,yes,29,https://www.transfermarkt.co.uk/ud-levante/leistungsdaten/verein/3368/plus/1?reldata=ES1%262014
2014/15,Getafe,33,32,1,,yes,28,https://www.transfermarkt.co.uk/fc-getafe/leistungsdaten/verein/3709/plus/1?reldata=ES1%262014
2014/15,Deportivo,35,33,2,,yes,27,https://www.transfermarkt.co.uk/deportivo-la-coruna/leistungsdaten/verein/897/plus/1?reldata=ES1%262014
2014/15,Granada,29,28,1,,yes,34,https://www.transfermarkt.co.uk/fc-granada/leistungsdaten/verein/16795/plus/1?reldata=ES1%262014
2014/15,Eibar,34,33,1,,yes,23,https://www.transfermarkt.co.uk/sd-eibar/leistungsdaten/verein/1533/plus/1?reldata=ES1%262014
2014/15,Almeria,35,33,2,,yes,27,https://www.transfermarkt.co.uk/ud-almeria/leistungsdaten/verein/3302/plus/1?reldata=ES1%262014
2014/15,Cordoba,22,21,1,,yes,35,https://www.transfermarkt.co.uk/fc-cordoba/leistungsdaten/verein/993/plus/1?reldata=ES1%262014
2015/16,Barcelona,112,109,3,,yes,25,https://www.transfermarkt.co.uk/fc-barcelona/leistungsdaten/verein/131/plus/1?reldata=ES1%262015
2015/16,Real Madrid,110,108,2,,yes,24,https://www.transfermarkt.co.uk/real-madrid/leistungsdaten/verein/418/plus/1?reldata=ES1%262015
2015/16,Atletico Madrid,63,62,1,,yes,25,https://www.transfermarkt.co.uk/atletico-madrid/leistungsdaten/verein/13/plus/1?reldata=ES1%262015
2015/16,Villarreal,44,42,2,,yes,26,https://www.transfermarkt.co.uk/fc-villarreal/leistungsdaten/verein/1050/plus/1?reldata=ES1%262015
2015/16,Athletic Bilbao,58,57,1,,yes,25,https://www.transfermarkt.co.uk/athletic-bilbao/leistungsdaten/verein/621/plus/1?reldata=ES1%262015
2015/16,Celta Vigo,51,51,0,,yes,27,https://www.transfermarkt.co.uk/celta-vigo/leistungsdaten/verein/940/plus/1?reldata=ES1%262015
2015/16,Sevilla,51,50,1,,yes,33,https://www.transfermarkt.co.uk/fc-sevilla/leistungsdaten/verein/368/plus/1?reldata=ES1%262015
2015/16,Malaga,38,37,1,,yes,30,https://www.transfermarkt.co.uk/fc-malaga/leistungsdaten/verein/1084/plus/1?reldata=ES1%262015
2015/16,Real Sociedad,45,44,1,,yes,27,https://www.transfermarkt.co.uk/real-sociedad-san-sebastian/leistungsdaten/verein/681/plus/1?reldata=ES1%262015
2015/16,Real Betis,34,34,0,,yes,29,https://www.transfermarkt.co.uk/real-betis-sevilla/leistungsdaten/verein/150/plus/1?reldata=ES1%262015
2015/16,Las Palmas,45,42,3,,yes,27,https://www.transfermarkt.co.uk/ud-las-palmas/leistungsdaten/verein/472/plus/1?reldata=ES1%262015
2015/16,Valencia,46,42,4,,yes,30,https://www.transfermarkt.co.uk/fc-valencia/leistungsdaten/verein/1049/plus/1?reldata=ES1%262015
2015/16,Eibar,49,47,2,,yes,28,https://www.transfermarkt.co.uk/sd-eibar/leistungsdaten/verein/1533/plus/1?reldata=ES1%262015
2015/16,Espanyol,40,38,2,,yes,26,https://www.transfermarkt.co.uk/espanyol-barcelona/leistungsdaten/verein/714/plus/1?reldata=ES1%262015
2015/16,Deportivo,45,41,4,,yes,25,https://www.transfermarkt.co.uk/deportivo-la-coruna/leistungsdaten/verein/897/plus/1?reldata=ES1%262015
2015/16,Granada,46,45,1,,yes,28,https://www.transfermarkt.co.uk/fc-granada/leistungsdaten/verein/16795/plus/1?reldata=ES1%262015
2015/16,Sporting Gijon,40,39,1,,yes,28,https://www.transfermarkt.co.uk/sporting-gijon/leistungsdaten/verein/2448/plus/1?reldata=ES1%262015
2015/16,Rayo Vallecano,52,52,0,,yes,29,https://www.transfermarkt.co.uk/rayo-vallecano/leistungsdaten/verein/367/plus/1?reldata=ES1%262015
2015/16,Getafe,37,36,1,,yes,27,https://www.transfermarkt.co.uk/fc-getafe/leistungsdaten/verein/3709/plus/1?reldata=ES1%262015
2015/16,Levante,37,36,1,,yes,27,https://www.transfermarkt.co.uk/ud-levante/leistungsdaten/verein/3368/plus/1?reldata=ES1%262015
2016/17,Real Madrid,106,106,0,,yes,24,https://www.transfermarkt.co.uk/real-madrid/leistungsdaten/verein/418/plus/1?reldata=ES1%262016
2016/17,Barcelona,116,112,4,,yes,25,https://www.transfermarkt.co.uk/fc-barcelona/leistungsdaten/verein/131/plus/1?reldata=ES1%262016
2016/17,Atletico Madrid,70,70,0,,yes,22,https://www.transfermarkt.co.uk/atletico-madrid/leistungsdaten/verein/13/plus/1?reldata=ES1%262016
2016/17,Sevilla,69,67,2,,yes,28,https://www.transfermarkt.co.uk/fc-sevilla/leistungsdaten/verein/368/plus/1?reldata=ES1%262016
2016/17,Villarreal,56,54,2,,yes,27,https://www.transfermarkt.co.uk/fc-villarreal/leistungsdaten/verein/1050/plus/1?reldata=ES1%262016
2016/17,Real Sociedad,59,56,3,,yes,27,https://www.transfermarkt.co.uk/real-sociedad-san-sebastian/leistungsdaten/verein/681/plus/1?reldata=ES1%262016
2016/17,Athletic Bilbao,53,53,0,,yes,25,https://www.transfermarkt.co.uk/athletic-bilbao/leistungsdaten/verein/621/plus/1?reldata=ES1%262016
2016/17,Espanyol,49,48,1,,yes,27,https://www.transfermarkt.co.uk/espanyol-barcelona/leistungsdaten/verein/714/plus/1?reldata=ES1%262016
2016/17,Alaves,41,41,0,,yes,25,https://www.transfermarkt.co.uk/deportivo-alaves/leistungsdaten/verein/1108/plus/1?reldata=ES1%262016
2016/17,Eibar,56,53,3,,yes,24,https://www.transfermarkt.co.uk/sd-eibar/leistungsdaten/verein/1533/plus/1?reldata=ES1%262016
2016/17,Malaga,49,48,1,,yes,29,https://www.transfermarkt.co.uk/fc-malaga/leistungsdaten/verein/1084/plus/1?reldata=ES1%262016
2016/17,Valencia,56,53,3,,yes,31,https://www.transfermarkt.co.uk/fc-valencia/leistungsdaten/verein/1049/plus/1?reldata=ES1%262016
2016/17,Celta Vigo,53,52,1,,yes,27,https://www.transfermarkt.co.uk/celta-vigo/leistungsdaten/verein/940/plus/1?reldata=ES1%262016
2016/17,Las Palmas,53,52,1,,yes,29,https://www.transfermarkt.co.uk/ud-las-palmas/leistungsdaten/verein/472/plus/1?reldata=ES1%262016
2016/17,Real Betis,41,41,0,,yes,27,https://www.transfermarkt.co.uk/real-betis-sevilla/leistungsdaten/verein/150/plus/1?reldata=ES1%262016
2016/17,Deportivo,43,42,1,,yes,28,https://www.transfermarkt.co.uk/deportivo-la-coruna/leistungsdaten/verein/897/plus/1?reldata=ES1%262016
2016/17,Leganes,36,36,0,,yes,31,https://www.transfermarkt.co.uk/cd-leganes/leistungsdaten/verein/1244/plus/1?reldata=ES1%262016
2016/17,Sporting Gijon,42,42,0,,yes,29,https://www.transfermarkt.co.uk/sporting-gijon/leistungsdaten/verein/2448/plus/1?reldata=ES1%262016
2016/17,Osasuna,40,37,3,,yes,35,https://www.transfermarkt.co.uk/ca-osasuna/leistungsdaten/verein/331/plus/1?reldata=ES1%262016
2016/17,Granada,30,29,1,,yes,35,https://www.transfermarkt.co.uk/fc-granada/leistungsdaten/verein/16795/plus/1?reldata=ES1%262016
2017/18,Barcelona,99,96,3,,yes,25,https://www.transfermarkt.co.uk/fc-barcelona/leistungsdaten/verein/131/plus/1?reldata=ES1%262017
2017/18,Atletico Madrid,58,57,1,,yes,26,https://www.transfermarkt.co.uk/atletico-madrid/leistungsdaten/verein/13/plus/1?reldata=ES1%262017
2017/18,Real Madrid,94,91,3,,yes,24,https://www.transfermarkt.co.uk/real-madrid/leistungsdaten/verein/418/plus/1?reldata=ES1%262017
2017/18,Valencia,65,63,2,,yes,25,https://www.transfermarkt.co.uk/fc-valencia/leistungsdaten/verein/1049/plus/1?reldata=ES1%262017
2017/18,Villarreal,57,56,1,,yes,32,https://www.transfermarkt.co.uk/fc-villarreal/leistungsdaten/verein/1050/plus/1?reldata=ES1%262017
2017/18,Real Betis,60,56,4,,yes,29,https://www.transfermarkt.co.uk/real-betis-sevilla/leistungsdaten/verein/150/plus/1?reldata=ES1%262017
2017/18,Sevilla,49,48,1,,yes,31,https://www.transfermarkt.co.uk/fc-sevilla/leistungsdaten/verein/368/plus/1?reldata=ES1%262017
2017/18,Getafe,42,41,1,,yes,32,https://www.transfermarkt.co.uk/fc-getafe/leistungsdaten/verein/3709/plus/1?reldata=ES1%262017
2017/18,Eibar,44,43,1,,yes,27,https://www.transfermarkt.co.uk/sd-eibar/leistungsdaten/verein/1533/plus/1?reldata=ES1%262017
2017/18,Girona,50,50,0,,yes,25,https://www.transfermarkt.co.uk/fc-girona/leistungsdaten/verein/12321/plus/1?reldata=ES1%262017
2017/18,Espanyol,36,33,3,,yes,25,https://www.transfermarkt.co.uk/espanyol-barcelona/leistungsdaten/verein/714/plus/1?reldata=ES1%262017
2017/18,Real Sociedad,66,64,2,,yes,27,https://www.transfermarkt.co.uk/real-sociedad-san-sebastian/leistungsdaten/verein/681/plus/1?reldata=ES1%262017
2017/18,Celta Vigo,59,58,1,,yes,23,https://www.transfermarkt.co.uk/celta-vigo/leistungsdaten/verein/940/plus/1?reldata=ES1%262017
2017/18,Alaves,40,40,0,,yes,30,https://www.transfermarkt.co.uk/deportivo-alaves/leistungsdaten/verein/1108/plus/1?reldata=ES1%262017
2017/18,Levante,44,43,1,,yes,33,https://www.transfermarkt.co.uk/ud-levante/leistungsdaten/verein/3368/plus/1?reldata=ES1%262017
2017/18,Athletic Bilbao,41,39,2,,yes,26,https://www.transfermarkt.co.uk/athletic-bilbao/leistungsdaten/verein/621/plus/1?reldata=ES1%262017
2017/18,Leganes,34,32,2,,yes,28,https://www.transfermarkt.co.uk/cd-leganes/leistungsdaten/verein/1244/plus/1?reldata=ES1%262017
2017/18,Deportivo,38,37,1,,yes,32,https://www.transfermarkt.co.uk/deportivo-la-coruna/leistungsdaten/verein/897/plus/1?reldata=ES1%262017
2017/18,Las Palmas,24,24,0,,yes,36,https://www.transfermarkt.co.uk/ud-las-palmas/leistungsdaten/verein/472/plus/1?reldata=ES1%262017
2017/18,Malaga,24,23,1,,yes,37,https://www.transfermarkt.co.uk/fc-malaga/leistungsdaten/verein/1084/plus/1?reldata=ES1%262017
2018/19,Barcelona,90,86,4,,yes,30,https://www.transfermarkt.co.uk/fc-barcelona/leistungsdaten/verein/131/plus/1?reldata=ES1%262018
2018/19,Atletico Madrid,55,52,3,,yes,29,https://www.transfermarkt.co.uk/atletico-madrid/leistungsdaten/verein/13/plus/1?reldata=ES1%262018
2018/19,Real Madrid,63,61,2,,yes,27,https://www.transfermarkt.co.uk/real-madrid/leistungsdaten/verein/418/plus/1?reldata=ES1%262018
2018/19,Valencia,51,50,1,,yes,25,https://www.transfermarkt.co.uk/fc-valencia/leistungsdaten/verein/1049/plus/1?reldata=ES1%262018
2018/19,Getafe,48,47,1,,yes,26,https://www.transfermarkt.co.uk/fc-getafe/leistungsdaten/verein/3709/plus/1?reldata=ES1%262018
2018/19,Sevilla,62,61,1,,yes,27,https://www.transfermarkt.co.uk/fc-sevilla/leistungsdaten/verein/368/plus/1?reldata=ES1%262018
2018/19,Espanyol,48,43,5,CHECK,yes,25,https://www.transfermarkt.co.uk/espanyol-barcelona/leistungsdaten/verein/714/plus/1?reldata=ES1%262018
2018/19,Athletic Bilbao,41,39,2,,yes,27,https://www.transfermarkt.co.uk/athletic-bilbao/leistungsdaten/verein/621/plus/1?reldata=ES1%262018
2018/19,Real Sociedad,45,44,1,,yes,30,https://www.transfermarkt.co.uk/real-sociedad-san-sebastian/leistungsdaten/verein/681/plus/1?reldata=ES1%262018
2018/19,Real Betis,44,43,1,,yes,25,https://www.transfermarkt.co.uk/real-betis-sevilla/leistungsdaten/verein/150/plus/1?reldata=ES1%262018
2018/19,Alaves,39,39,0,,yes,26,https://www.transfermarkt.co.uk/deportivo-alaves/leistungsdaten/verein/1108/plus/1?reldata=ES1%262018
2018/19,Eibar,46,46,0,,yes,25,https://www.transfermarkt.co.uk/sd-eibar/leistungsdaten/verein/1533/plus/1?reldata=ES1%262018
2018/19,Leganes,37,36,1,,yes,29,https://www.transfermarkt.co.uk/cd-leganes/leistungsdaten/verein/1244/plus/1?reldata=ES1%262018
2018/19,Villarreal,49,47,2,,yes,26,https://www.transfermarkt.co.uk/fc-villarreal/leistungsdaten/verein/1050/plus/1?reldata=ES1%262018
2018/19,Levante,59,57,2,,yes,26,https://www.transfermarkt.co.uk/ud-levante/leistungsdaten/verein/3368/plus/1?reldata=ES1%262018
2018/19,Real Valladolid,32,31,1,,yes,28,https://www.transfermarkt.co.uk/real-valladolid/leistungsdaten/verein/366/plus/1?reldata=ES1%262018
2018/19,Celta Vigo,53,52,1,,yes,28,https://www.transfermarkt.co.uk/celta-vigo/leistungsdaten/verein/940/plus/1?reldata=ES1%262018
2018/19,Girona,37,37,0,,yes,26,https://www.transfermarkt.co.uk/fc-girona/leistungsdaten/verein/12321/plus/1?reldata=ES1%262018
2018/19,Huesca,43,43,0,,yes,30,https://www.transfermarkt.co.uk/sd-huesca/leistungsdaten/verein/5358/plus/1?reldata=ES1%262018
2018/19,Rayo Vallecano,41,40,1,,yes,29,https://www.transfermarkt.co.uk/rayo-vallecano/leistungsdaten/verein/367/plus/1?reldata=ES1%262018
2019/20,Real Madrid,70,69,1,,yes,26,https://www.transfermarkt.co.uk/real-madrid/leistungsdaten/verein/418/plus/1?reldata=ES1%262019
2019/20,Barcelona,86,84,2,,yes,28,https://www.transfermarkt.co.uk/fc-barcelona/leistungsdaten/verein/131/plus/1?reldata=ES1%262019
2019/20,Atletico Madrid,51,50,1,,yes,30,https://www.transfermarkt.co.uk/atletico-madrid/leistungsdaten/verein/13/plus/1?reldata=ES1%262019
2019/20,Sevilla,54,53,1,,yes,26,https://www.transfermarkt.co.uk/fc-sevilla/leistungsdaten/verein/368/plus/1?reldata=ES1%262019
2019/20,Villarreal,63,62,1,,yes,25,https://www.transfermarkt.co.uk/fc-villarreal/leistungsdaten/verein/1050/plus/1?reldata=ES1%262019
2019/20,Real Sociedad,56,54,2,,yes,27,https://www.transfermarkt.co.uk/real-sociedad-san-sebastian/leistungsdaten/verein/681/plus/1?reldata=ES1%262019
2019/20,Granada,52,51,1,,yes,27,https://www.transfermarkt.co.uk/fc-granada/leistungsdaten/verein/16795/plus/1?reldata=ES1%262019
2019/20,Getafe,43,42,1,,yes,30,https://www.transfermarkt.co.uk/fc-getafe/leistungsdaten/verein/3709/plus/1?reldata=ES1%262019
2019/20,Valencia,46,44,2,,yes,28,https://www.transfermarkt.co.uk/fc-valencia/leistungsdaten/verein/1049/plus/1?reldata=ES1%262019
2019/20,Osasuna,46,46,0,,yes,31,https://www.transfermarkt.co.uk/ca-osasuna/leistungsdaten/verein/331/plus/1?reldata=ES1%262019
2019/20,Athletic Bilbao,41,40,1,,yes,26,https://www.transfermarkt.co.uk/athletic-bilbao/leistungsdaten/verein/621/plus/1?reldata=ES1%262019
2019/20,Levante,47,45,2,,yes,29,https://www.transfermarkt.co.uk/ud-levante/leistungsdaten/verein/3368/plus/1?reldata=ES1%262019
2019/20,Real Valladolid,32,31,1,,yes,30,https://www.transfermarkt.co.uk/real-valladolid/leistungsdaten/verein/366/plus/1?reldata=ES1%262019
2019/20,Eibar,39,38,1,,yes,26,https://www.transfermarkt.co.uk/sd-eibar/leistungsdaten/verein/1533/plus/1?reldata=ES1%262019
2019/20,Real Betis,48,48,0,,yes,27,https://www.transfermarkt.co.uk/real-betis-sevilla/leistungsdaten/verein/150/plus/1?reldata=ES1%262019
2019/20,Alaves,34,34,0,,yes,32,https://www.transfermarkt.co.uk/deportivo-alaves/leistungsdaten/verein/1108/plus/1?reldata=ES1%262019
2019/20,Celta Vigo,37,37,0,,yes,30,https://www.transfermarkt.co.uk/celta-vigo/leistungsdaten/verein/940/plus/1?reldata=ES1%262019
2019/20,Leganes,30,30,0,,yes,29,https://www.transfermarkt.co.uk/cd-leganes/leistungsdaten/verein/1244/plus/1?reldata=ES1%262019
2019/20,Mallorca,40,39,1,,yes,32,https://www.transfermarkt.co.uk/rcd-mallorca/leistungsdaten/verein/237/plus/1?reldata=ES1%262019
2019/20,Espanyol,27,25,2,,yes,31,https://www.transfermarkt.co.uk/espanyol-barcelona/leistungsdaten/verein/714/plus/1?reldata=ES1%262019
2020/21,Atletico Madrid,67,65,2,,yes,25,https://www.transfermarkt.co.uk/atletico-madrid/leistungsdaten/verein/13/plus/1?reldata=ES1%262020
2020/21,Real Madrid,67,64,3,,yes,30,https://www.transfermarkt.co.uk/real-madrid/leistungsdaten/verein/418/plus/1?reldata=ES1%262020
2020/21,Barcelona,85,80,5,CHECK,yes,25,https://www.transfermarkt.co.uk/fc-barcelona/leistungsdaten/verein/131/plus/1?reldata=ES1%262020
2020/21,Sevilla,53,52,1,,yes,26,https://www.transfermarkt.co.uk/fc-sevilla/leistungsdaten/verein/368/plus/1?reldata=ES1%262020
2020/21,Real Sociedad,59,58,1,,yes,30,https://www.transfermarkt.co.uk/real-sociedad-san-sebastian/leistungsdaten/verein/681/plus/1?reldata=ES1%262020
2020/21,Real Betis,50,50,0,,yes,25,https://www.transfermarkt.co.uk/real-betis-sevilla/leistungsdaten/verein/150/plus/1?reldata=ES1%262020
2020/21,Villarreal,60,57,3,,yes,29,https://www.transfermarkt.co.uk/fc-villarreal/leistungsdaten/verein/1050/plus/1?reldata=ES1%262020
2020/21,Celta Vigo,55,55,0,,yes,30,https://www.transfermarkt.co.uk/celta-vigo/leistungsdaten/verein/940/plus/1?reldata=ES1%262020
2020/21,Athletic Bilbao,46,43,3,,yes,27,https://www.transfermarkt.co.uk/athletic-bilbao/leistungsdaten/verein/621/plus/1?reldata=ES1%262020
2020/21,Granada,47,46,1,,yes,34,https://www.transfermarkt.co.uk/fc-granada/leistungsdaten/verein/16795/plus/1?reldata=ES1%262020
2020/21,Osasuna,37,36,1,,yes,28,https://www.transfermarkt.co.uk/ca-osasuna/leistungsdaten/verein/331/plus/1?reldata=ES1%262020
2020/21,Cadiz,36,33,3,,yes,34,https://www.transfermarkt.co.uk/fc-cadiz/leistungsdaten/verein/2687/plus/1?reldata=ES1%262020
2020/21,Valencia,50,48,2,,yes,30,https://www.transfermarkt.co.uk/fc-valencia/leistungsdaten/verein/1049/plus/1?reldata=ES1%262020
2020/21,Levante,46,45,1,,yes,29,https://www.transfermarkt.co.uk/ud-levante/leistungsdaten/verein/3368/plus/1?reldata=ES1%262020
2020/21,Getafe,28,27,1,,yes,31,https://www.transfermarkt.co.uk/fc-getafe/leistungsdaten/verein/3709/plus/1?reldata=ES1%262020
2020/21,Alaves,36,35,1,,yes,30,https://www.transfermarkt.co.uk/deportivo-alaves/leistungsdaten/verein/1108/plus/1?reldata=ES1%262020
2020/21,Elche,34,33,1,,yes,30,https://www.transfermarkt.co.uk/fc-elche/leistungsdaten/verein/1531/plus/1?reldata=ES1%262020
2020/21,Huesca,34,32,2,,yes,27,https://www.transfermarkt.co.uk/sd-huesca/leistungsdaten/verein/5358/plus/1?reldata=ES1%262020
2020/21,Real Valladolid,34,34,0,,yes,32,https://www.transfermarkt.co.uk/real-valladolid/leistungsdaten/verein/366/plus/1?reldata=ES1%262020
2020/21,Eibar,29,29,0,,yes,30,https://www.transfermarkt.co.uk/sd-eibar/leistungsdaten/verein/1533/plus/1?reldata=ES1%262020
2021/22,Real Madrid,80,80,0,,yes,31,https://www.transfermarkt.co.uk/real-madrid/leistungsdaten/verein/418/plus/1?reldata=ES1%262021
2021/22,Barcelona,68,68,0,,yes,38,https://www.transfermarkt.co.uk/fc-barcelona/leistungsdaten/verein/131/plus/1?reldata=ES1%262021
2021/22,Atletico Madrid,65,63,2,,yes,26,https://www.transfermarkt.co.uk/atletico-madrid/leistungsdaten/verein/13/plus/1?reldata=ES1%262021
2021/22,Sevilla,53,51,2,,yes,33,https://www.transfermarkt.co.uk/fc-sevilla/leistungsdaten/verein/368/plus/1?reldata=ES1%262021
2021/22,Real Betis,62,61,1,,yes,31,https://www.transfermarkt.co.uk/real-betis-sevilla/leistungsdaten/verein/150/plus/1?reldata=ES1%262021
2021/22,Real Sociedad,40,40,0,,yes,32,https://www.transfermarkt.co.uk/real-sociedad-san-sebastian/leistungsdaten/verein/681/plus/1?reldata=ES1%262021
2021/22,Villarreal,63,62,1,,yes,29,https://www.transfermarkt.co.uk/fc-villarreal/leistungsdaten/verein/1050/plus/1?reldata=ES1%262021
2021/22,Athletic Bilbao,43,40,3,,yes,26,https://www.transfermarkt.co.uk/athletic-bilbao/leistungsdaten/verein/621/plus/1?reldata=ES1%262021
2021/22,Valencia,48,45,3,,yes,34,https://www.transfermarkt.co.uk/fc-valencia/leistungsdaten/verein/1049/plus/1?reldata=ES1%262021
2021/22,Osasuna,37,37,0,,yes,29,https://www.transfermarkt.co.uk/ca-osasuna/leistungsdaten/verein/331/plus/1?reldata=ES1%262021
2021/22,Celta Vigo,43,42,1,,yes,25,https://www.transfermarkt.co.uk/celta-vigo/leistungsdaten/verein/940/plus/1?reldata=ES1%262021
2021/22,Rayo Vallecano,39,38,1,,yes,28,https://www.transfermarkt.co.uk/rayo-vallecano/leistungsdaten/verein/367/plus/1?reldata=ES1%262021
2021/22,Elche,40,39,1,,yes,28,https://www.transfermarkt.co.uk/fc-elche/leistungsdaten/verein/1531/plus/1?reldata=ES1%262021
2021/22,Espanyol,40,38,2,,yes,34,https://www.transfermarkt.co.uk/espanyol-barcelona/leistungsdaten/verein/714/plus/1?reldata=ES1%262021
2021/22,Getafe,33,32,1,,yes,31,https://www.transfermarkt.co.uk/fc-getafe/leistungsdaten/verein/3709/plus/1?reldata=ES1%262021
2021/22,Mallorca,36,33,3,,yes,33,https://www.transfermarkt.co.uk/rcd-mallorca/leistungsdaten/verein/237/plus/1?reldata=ES1%262021
2021/22,Cadiz,35,35,0,,yes,33,https://www.transfermarkt.co.uk/fc-cadiz/leistungsdaten/verein/2687/plus/1?reldata=ES1%262021
2021/22,Granada,44,43,1,,yes,32,https://www.transfermarkt.co.uk/fc-granada/leistungsdaten/verein/16795/plus/1?reldata=ES1%262021
2021/22,Levante,51,51,0,,yes,31,https://www.transfermarkt.co.uk/ud-levante/leistungsdaten/verein/3368/plus/1?reldata=ES1%262021
2021/22,Alaves,31,29,2,,yes,33,https://www.transfermarkt.co.uk/deportivo-alaves/leistungsdaten/verein/1108/plus/1?reldata=ES1%262021
2022/23,Barcelona,70,69,1,,yes,29,https://www.transfermarkt.co.uk/fc-barcelona/leistungsdaten/verein/131/plus/1?reldata=ES1%262022
2022/23,Real Madrid,75,73,2,,yes,26,https://www.transfermarkt.co.uk/real-madrid/leistungsdaten/verein/418/plus/1?reldata=ES1%262022
2022/23,Atletico Madrid,70,68,2,,yes,27,https://www.transfermarkt.co.uk/atletico-madrid/leistungsdaten/verein/13/plus/1?reldata=ES1%262022
2022/23,Real Sociedad,51,47,4,,yes,30,https://www.transfermarkt.co.uk/real-sociedad-san-sebastian/leistungsdaten/verein/681/plus/1?reldata=ES1%262022
2022/23,Villarreal,59,57,2,,yes,32,https://www.transfermarkt.co.uk/fc-villarreal/leistungsdaten/verein/1050/plus/1?reldata=ES1%262022
2022/23,Real Betis,46,43,3,,yes,30,https://www.transfermarkt.co.uk/real-betis-sevilla/leistungsdaten/verein/150/plus/1?reldata=ES1%262022
2022/23,Osasuna,37,36,1,,yes,26,https://www.transfermarkt.co.uk/ca-osasuna/leistungsdaten/verein/331/plus/1?reldata=ES1%262022
2022/23,Athletic Bilbao,47,46,1,,yes,26,https://www.transfermarkt.co.uk/athletic-bilbao/leistungsdaten/verein/621/plus/1?reldata=ES1%262022
2022/23,Mallorca,37,36,1,,yes,31,https://www.transfermarkt.co.uk/rcd-mallorca/leistungsdaten/verein/237/plus/1?reldata=ES1%262022
2022/23,Girona,58,55,3,,yes,29,https://www.transfermarkt.co.uk/fc-girona/leistungsdaten/verein/12321/plus/1?reldata=ES1%262022
2022/23,Sevilla,47,47,0,,yes,35,https://www.transfermarkt.co.uk/fc-sevilla/leistungsdaten/verein/368/plus/1?reldata=ES1%262022
2022/23,Rayo Vallecano,45,41,4,,yes,28,https://www.transfermarkt.co.uk/rayo-vallecano/leistungsdaten/verein/367/plus/1?reldata=ES1%262022
2022/23,Celta Vigo,43,41,2,,yes,26,https://www.transfermarkt.co.uk/celta-vigo/leistungsdaten/verein/940/plus/1?reldata=ES1%262022
2022/23,Valencia,42,40,2,,yes,28,https://www.transfermarkt.co.uk/fc-valencia/leistungsdaten/verein/1049/plus/1?reldata=ES1%262022
2022/23,Getafe,34,34,0,,yes,25,https://www.transfermarkt.co.uk/fc-getafe/leistungsdaten/verein/3709/plus/1?reldata=ES1%262022
2022/23,Cadiz,30,29,1,,yes,38,https://www.transfermarkt.co.uk/fc-cadiz/leistungsdaten/verein/2687/plus/1?reldata=ES1%262022
2022/23,Almeria,49,49,0,,yes,29,https://www.transfermarkt.co.uk/ud-almeria/leistungsdaten/verein/3302/plus/1?reldata=ES1%262022
2022/23,Real Valladolid,33,32,1,,yes,36,https://www.transfermarkt.co.uk/real-valladolid/leistungsdaten/verein/366/plus/1?reldata=ES1%262022
2022/23,Espanyol,52,51,1,,yes,33,https://www.transfermarkt.co.uk/espanyol-barcelona/leistungsdaten/verein/714/plus/1?reldata=ES1%262022
2022/23,Elche,30,30,0,,yes,32,https://www.transfermarkt.co.uk/fc-elche/leistungsdaten/verein/1531/plus/1?reldata=ES1%262022
2023/24,Real Madrid,87,85,2,,yes,27,https://www.transfermarkt.co.uk/real-madrid/leistungsdaten/verein/418/plus/1?reldata=ES1%262023
2023/24,Barcelona,79,76,3,,yes,29,https://www.transfermarkt.co.uk/fc-barcelona/leistungsdaten/verein/131/plus/1?reldata=ES1%262023
2023/24,Girona,85,84,1,,yes,25,https://www.transfermarkt.co.uk/fc-girona/leistungsdaten/verein/12321/plus/1?reldata=ES1%262023
2023/24,Atletico Madrid,70,68,2,,yes,27,https://www.transfermarkt.co.uk/atletico-madrid/leistungsdaten/verein/13/plus/1?reldata=ES1%262023
2023/24,Athletic Bilbao,61,59,2,,yes,27,https://www.transfermarkt.co.uk/athletic-bilbao/leistungsdaten/verein/621/plus/1?reldata=ES1%262023
2023/24,Real Sociedad,51,48,3,,yes,31,https://www.transfermarkt.co.uk/real-sociedad-san-sebastian/leistungsdaten/verein/681/plus/1?reldata=ES1%262023
2023/24,Real Betis,48,46,2,,yes,35,https://www.transfermarkt.co.uk/real-betis-sevilla/leistungsdaten/verein/150/plus/1?reldata=ES1%262023
2023/24,Villarreal,65,64,1,,yes,32,https://www.transfermarkt.co.uk/fc-villarreal/leistungsdaten/verein/1050/plus/1?reldata=ES1%262023
2023/24,Valencia,40,39,1,,yes,29,https://www.transfermarkt.co.uk/fc-valencia/leistungsdaten/verein/1049/plus/1?reldata=ES1%262023
2023/24,Alaves,36,33,3,,yes,30,https://www.transfermarkt.co.uk/deportivo-alaves/leistungsdaten/verein/1108/plus/1?reldata=ES1%262023
2023/24,Osasuna,45,45,0,,yes,29,https://www.transfermarkt.co.uk/ca-osasuna/leistungsdaten/verein/331/plus/1?reldata=ES1%262023
2023/24,Getafe,42,42,0,,yes,33,https://www.transfermarkt.co.uk/fc-getafe/leistungsdaten/verein/3709/plus/1?reldata=ES1%262023
2023/24,Sevilla,48,46,2,,yes,35,https://www.transfermarkt.co.uk/fc-sevilla/leistungsdaten/verein/368/plus/1?reldata=ES1%262023
2023/24,Celta Vigo,46,45,1,,yes,31,https://www.transfermarkt.co.uk/celta-vigo/leistungsdaten/verein/940/plus/1?reldata=ES1%262023
2023/24,Mallorca,33,33,0,,yes,25,https://www.transfermarkt.co.uk/rcd-mallorca/leistungsdaten/verein/237/plus/1?reldata=ES1%262023
2023/24,Las Palmas,33,33,0,,yes,29,https://www.transfermarkt.co.uk/ud-las-palmas/leistungsdaten/verein/472/plus/1?reldata=ES1%262023
2023/24,Rayo Vallecano,29,29,0,,yes,26,https://www.transfermarkt.co.uk/rayo-vallecano/leistungsdaten/verein/367/plus/1?reldata=ES1%262023
2023/24,Cadiz,26,25,1,,yes,34,https://www.transfermarkt.co.uk/fc-cadiz/leistungsdaten/verein/2687/plus/1?reldata=ES1%262023
2023/24,Almeria,43,42,1,,yes,35,https://www.transfermarkt.co.uk/ud-almeria/leistungsdaten/verein/3302/plus/1?reldata=ES1%262023
2023/24,Granada,38,35,3,,yes,40,https://www.transfermarkt.co.uk/fc-granada/leistungsdaten/verein/16795/plus/1?reldata=ES1%262023
2024/25,Barcelona,102,99,3,,yes,28,https://www.transfermarkt.co.uk/fc-barcelona/leistungsdaten/verein/131/plus/1?reldata=ES1%262024
2024/25,Real Madrid,78,78,0,,yes,30,https://www.transfermarkt.co.uk/real-madrid/leistungsdaten/verein/418/plus/1?reldata=ES1%262024
2024/25,Atletico Madrid,68,68,0,,yes,24,https://www.transfermarkt.co.uk/atletico-madrid/leistungsdaten/verein/13/plus/1?reldata=ES1%262024
2024/25,Athletic Bilbao,54,53,1,,yes,31,https://www.transfermarkt.co.uk/athletic-bilbao/leistungsdaten/verein/621/plus/1?reldata=ES1%262024
2024/25,Villarreal,71,69,2,,yes,31,https://www.transfermarkt.co.uk/fc-villarreal/leistungsdaten/verein/1050/plus/1?reldata=ES1%262024
2024/25,Real Betis,57,55,2,,yes,36,https://www.transfermarkt.co.uk/real-betis-sevilla/leistungsdaten/verein/150/plus/1?reldata=ES1%262024
2024/25,Celta Vigo,59,58,1,,yes,30,https://www.transfermarkt.co.uk/celta-vigo/leistungsdaten/verein/940/plus/1?reldata=ES1%262024
2024/25,Rayo Vallecano,41,38,3,,yes,26,https://www.transfermarkt.co.uk/rayo-vallecano/leistungsdaten/verein/367/plus/1?reldata=ES1%262024
2024/25,Osasuna,48,46,2,,yes,25,https://www.transfermarkt.co.uk/ca-osasuna/leistungsdaten/verein/331/plus/1?reldata=ES1%262024
2024/25,Mallorca,35,34,1,,yes,28,https://www.transfermarkt.co.uk/rcd-mallorca/leistungsdaten/verein/237/plus/1?reldata=ES1%262024
2024/25,Real Sociedad,35,34,1,,yes,31,https://www.transfermarkt.co.uk/real-sociedad-san-sebastian/leistungsdaten/verein/681/plus/1?reldata=ES1%262024
2024/25,Valencia,44,43,1,,yes,32,https://www.transfermarkt.co.uk/fc-valencia/leistungsdaten/verein/1049/plus/1?reldata=ES1%262024
2024/25,Getafe,34,34,0,,yes,30,https://www.transfermarkt.co.uk/fc-getafe/leistungsdaten/verein/3709/plus/1?reldata=ES1%262024
2024/25,Espanyol,40,38,2,,yes,27,https://www.transfermarkt.co.uk/espanyol-barcelona/leistungsdaten/verein/714/plus/1?reldata=ES1%262024
2024/25,Alaves,38,38,0,,yes,29,https://www.transfermarkt.co.uk/deportivo-alaves/leistungsdaten/verein/1108/plus/1?reldata=ES1%262024
2024/25,Girona,44,43,1,,yes,30,https://www.transfermarkt.co.uk/fc-girona/leistungsdaten/verein/12321/plus/1?reldata=ES1%262024
2024/25,Sevilla,42,39,3,,yes,35,https://www.transfermarkt.co.uk/fc-sevilla/leistungsdaten/verein/368/plus/1?reldata=ES1%262024
2024/25,Leganes,39,38,1,,yes,26,https://www.transfermarkt.co.uk/cd-leganes/leistungsdaten/verein/1244/plus/1?reldata=ES1%262024
2024/25,Las Palmas,40,38,2,,yes,34,https://www.transfermarkt.co.uk/ud-las-palmas/leistungsdaten/verein/472/plus/1?reldata=ES1%262024
2024/25,Real Valladolid,26,26,0,,yes,38,https://www.transfermarkt.co.uk/real-valladolid/leistungsdaten/verein/366/plus/1?reldata=ES1%262024
2025/26,Barcelona,95,94,1,,yes,29,https://www.transfermarkt.co.uk/fc-barcelona/leistungsdaten/verein/131/plus/1?reldata=ES1%262025
2025/26,Real Madrid,77,77,0,,yes,35,https://www.transfermarkt.co.uk/real-madrid/leistungsdaten/verein/418/plus/1?reldata=ES1%262025
2025/26,Villarreal,72,71,1,,yes,33,https://www.transfermarkt.co.uk/fc-villarreal/leistungsdaten/verein/1050/plus/1?reldata=ES1%262025
2025/26,Atletico Madrid,62,58,4,,yes,36,https://www.transfermarkt.co.uk/atletico-madrid/leistungsdaten/verein/13/plus/1?reldata=ES1%262025
2025/26,Real Betis,59,58,1,,yes,29,https://www.transfermarkt.co.uk/real-betis-sevilla/leistungsdaten/verein/150/plus/1?reldata=ES1%262025
2025/26,Celta Vigo,53,52,1,,yes,31,https://www.transfermarkt.co.uk/celta-vigo/leistungsdaten/verein/940/plus/1?reldata=ES1%262025
2025/26,Getafe,32,31,1,,yes,33,https://www.transfermarkt.co.uk/fc-getafe/leistungsdaten/verein/3709/plus/1?reldata=ES1%262025
2025/26,Rayo Vallecano,41,41,0,,yes,28,https://www.transfermarkt.co.uk/rayo-vallecano/leistungsdaten/verein/367/plus/1?reldata=ES1%262025
2025/26,Valencia,46,46,0,,yes,27,https://www.transfermarkt.co.uk/fc-valencia/leistungsdaten/verein/1049/plus/1?reldata=ES1%262025
2025/26,Real Sociedad,59,57,2,,yes,36,https://www.transfermarkt.co.uk/real-sociedad-san-sebastian/leistungsdaten/verein/681/plus/1?reldata=ES1%262025
2025/26,Espanyol,43,42,1,,yes,25,https://www.transfermarkt.co.uk/espanyol-barcelona/leistungsdaten/verein/714/plus/1?reldata=ES1%262025
2025/26,Athletic Bilbao,43,42,1,,yes,29,https://www.transfermarkt.co.uk/athletic-bilbao/leistungsdaten/verein/621/plus/1?reldata=ES1%262025
2025/26,Sevilla,46,44,2,,yes,33,https://www.transfermarkt.co.uk/fc-sevilla/leistungsdaten/verein/368/plus/1?reldata=ES1%262025
2025/26,Alaves,44,41,3,,yes,28,https://www.transfermarkt.co.uk/deportivo-alaves/leistungsdaten/verein/1108/plus/1?reldata=ES1%262025
2025/26,Elche,49,47,2,,yes,32,https://www.transfermarkt.co.uk/fc-elche/leistungsdaten/verein/1531/plus/1?reldata=ES1%262025
2025/26,Levante,47,47,0,,yes,30,https://www.transfermarkt.co.uk/ud-levante/leistungsdaten/verein/3368/plus/1?reldata=ES1%262025
2025/26,Osasuna,44,42,2,,yes,24,https://www.transfermarkt.co.uk/ca-osasuna/leistungsdaten/verein/331/plus/1?reldata=ES1%262025
2025/26,Mallorca,47,47,0,,yes,30,https://www.transfermarkt.co.uk/rcd-mallorca/leistungsdaten/verein/237/plus/1?reldata=ES1%262025
2025/26,Girona,39,38,1,,yes,32,https://www.transfermarkt.co.uk/fc-girona/leistungsdaten/verein/12321/plus/1?reldata=ES1%262025
2025/26,Real Oviedo,26,26,0,,yes,31,https://www.transfermarkt.co.uk/real-oviedo/leistungsdaten/verein/2497/plus/1?reldata=ES1%262025
