derby,season,date,matchday,home,away,score,scorer,scorer_club,minute,penalty,own_goal,tm_match_id
El Clasico,2000/01,2000-10-21,6,Barcelona,Real Madrid,2-0,Luis Enrique,Barcelona,26,,,1091365
El Clasico,2000/01,2000-10-21,6,Barcelona,Real Madrid,2-0,Simao,Barcelona,79,,,1091365
El Clasico,2000/01,2001-03-03,25,Real Madrid,Barcelona,2-2,Raul,Real Madrid,7,,,1091605
El Clasico,2000/01,2001-03-03,25,Real Madrid,Barcelona,2-2,Rivaldo,Barcelona,36,,,1091605
El Clasico,2000/01,2001-03-03,25,Real Madrid,Barcelona,2-2,Raul,Real Madrid,37,,,1091605
El Clasico,2000/01,2001-03-03,25,Real Madrid,Barcelona,2-2,Rivaldo,Barcelona,69,,,1091605
El Clasico,2001/02,2001-11-04,11,Real Madrid,Barcelona,2-0,Fernando Morientes,Real Madrid,23,,,1083516
El Clasico,2001/02,2001-11-04,11,Real Madrid,Barcelona,2-0,Luis Figo,Real Madrid,90,,,1083516
El Clasico,2001/02,2002-03-16,30,Barcelona,Real Madrid,1-1,Zinedine Zidane,Real Madrid,38,,,1089783
El Clasico,2001/02,2002-03-16,30,Barcelona,Real Madrid,1-1,Xavi,Barcelona,58,,,1089783
El Clasico,2002/03,2002-11-23,11,Barcelona,Real Madrid,0-0,,,,,,1000097
El Clasico,2002/03,2003-04-19,30,Real Madrid,Barcelona,1-1,Ronaldo Nazario,Real Madrid,16,,,1004438
El Clasico,2002/03,2003-04-19,30,Real Madrid,Barcelona,1-1,Luis Enrique,Barcelona,32,,,1004438
El Clasico,2003/04,2003-12-06,15,Barcelona,Real Madrid,1-2,Roberto Carlos,Real Madrid,36,,,3245
El Clasico,2003/04,2003-12-06,15,Barcelona,Real Madrid,1-2,Ronaldo Nazario,Real Madrid,73,,,3245
El Clasico,2003/04,2003-12-06,15,Barcelona,Real Madrid,1-2,Patrick Kluivert,Barcelona,82,,,3245
El Clasico,2003/04,2004-04-25,34,Real Madrid,Barcelona,1-2,Santiago Solari,Real Madrid,54,,,6979
El Clasico,2003/04,2004-04-25,34,Real Madrid,Barcelona,1-2,Patrick Kluivert,Barcelona,58,,,6979
El Clasico,2003/04,2004-04-25,34,Real Madrid,Barcelona,1-2,Xavi,Barcelona,86,,,6979
El Clasico,2004/05,2004-11-20,12,Barcelona,Real Madrid,3-0,Samuel Eto'o,Barcelona,29,,,27991
El Clasico,2004/05,2004-11-20,12,Barcelona,Real Madrid,3-0,Giovanni van Bronckhorst,Barcelona,43,,,27991
El Clasico,2004/05,2004-11-20,12,Barcelona,Real Madrid,3-0,Ronaldinho,Barcelona,77,yes,,27991
El Clasico,2004/05,2005-04-10,31,Real Madrid,Barcelona,4-2,Zinedine Zidane,Real Madrid,7,,,28204
El Clasico,2004/05,2005-04-10,31,Real Madrid,Barcelona,4-2,Ronaldo Nazario,Real Madrid,20,,,28204
El Clasico,2004/05,2005-04-10,31,Real Madrid,Barcelona,4-2,Samuel Eto'o,Barcelona,28,,,28204
El Clasico,2004/05,2005-04-10,31,Real Madrid,Barcelona,4-2,Raul,Real Madrid,45,,,28204
El Clasico,2004/05,2005-04-10,31,Real Madrid,Barcelona,4-2,Michael Owen,Real Madrid,65,,,28204
El Clasico,2004/05,2005-04-10,31,Real Madrid,Barcelona,4-2,Ronaldinho,Barcelona,73,,,28204
El Clasico,2005/06,2005-11-19,12,Real Madrid,Barcelona,0-3,Samuel Eto'o,Barcelona,15,,,36002
El Clasico,2005/06,2005-11-19,12,Real Madrid,Barcelona,0-3,Ronaldinho,Barcelona,60,,,36002
El Clasico,2005/06,2005-11-19,12,Real Madrid,Barcelona,0-3,Ronaldinho,Barcelona,77,,,36002
El Clasico,2005/06,2006-04-02,31,Barcelona,Real Madrid,1-1,Ronaldinho,Barcelona,22,yes,,36056
El Clasico,2005/06,2006-04-02,31,Barcelona,Real Madrid,1-1,Ronaldo Nazario,Real Madrid,37,,,36056
El Clasico,2006/07,2006-10-22,7,Real Madrid,Barcelona,2-0,Raul,Real Madrid,3,,,58485
El Clasico,2006/07,2006-10-22,7,Real Madrid,Barcelona,2-0,Ruud van Nistelrooy,Real Madrid,51,,,58485
El Clasico,2006/07,2007-03-10,26,Barcelona,Real Madrid,3-3,Ruud van Nistelrooy,Real Madrid,5,,,58667
El Clasico,2006/07,2007-03-10,26,Barcelona,Real Madrid,3-3,Lionel Messi,Barcelona,11,,,58667
El Clasico,2006/07,2007-03-10,26,Barcelona,Real Madrid,3-3,Ruud van Nistelrooy,Real Madrid,13,yes,,58667
El Clasico,2006/07,2007-03-10,26,Barcelona,Real Madrid,3-3,Lionel Messi,Barcelona,28,,,58667
El Clasico,2006/07,2007-03-10,26,Barcelona,Real Madrid,3-3,Sergio Ramos,Real Madrid,73,,,58667
El Clasico,2006/07,2007-03-10,26,Barcelona,Real Madrid,3-3,Lionel Messi,Barcelona,90,,,58667
El Clasico,2007/08,2007-12-23,17,Barcelona,Real Madrid,0-1,Julio Baptista,Real Madrid,35,,,78947
El Clasico,2007/08,2008-05-07,36,Real Madrid,Barcelona,4-1,Raul,Real Madrid,12,,,79140
El Clasico,2007/08,2008-05-07,36,Real Madrid,Barcelona,4-1,Arjen Robben,Real Madrid,20,,,79140
El Clasico,2007/08,2008-05-07,36,Real Madrid,Barcelona,4-1,Gonzalo Higuain,Real Madrid,64,,,79140
El Clasico,2007/08,2008-05-07,36,Real Madrid,Barcelona,4-1,Ruud van Nistelrooy,Real Madrid,79,yes,,79140
El Clasico,2007/08,2008-05-07,36,Real Madrid,Barcelona,4-1,Thierry Henry,Barcelona,87,,,79140
El Clasico,2008/09,2008-12-13,15,Barcelona,Real Madrid,2-0,Samuel Eto'o,Barcelona,82,,,920477
El Clasico,2008/09,2008-12-13,15,Barcelona,Real Madrid,2-0,Lionel Messi,Barcelona,90,,,920477
El Clasico,2008/09,2009-05-02,34,Real Madrid,Barcelona,2-6,Gonzalo Higuain,Real Madrid,14,,,920667
El Clasico,2008/09,2009-05-02,34,Real Madrid,Barcelona,2-6,Thierry Henry,Barcelona,18,,,920667
El Clasico,2008/09,2009-05-02,34,Real Madrid,Barcelona,2-6,Carles Puyol,Barcelona,20,,,920667
El Clasico,2008/09,2009-05-02,34,Real Madrid,Barcelona,2-6,Lionel Messi,Barcelona,35,,,920667
El Clasico,2008/09,2009-05-02,34,Real Madrid,Barcelona,2-6,Sergio Ramos,Real Madrid,56,,,920667
El Clasico,2008/09,2009-05-02,34,Real Madrid,Barcelona,2-6,Thierry Henry,Barcelona,58,,,920667
El Clasico,2008/09,2009-05-02,34,Real Madrid,Barcelona,2-6,Lionel Messi,Barcelona,75,,,920667
El Clasico,2008/09,2009-05-02,34,Real Madrid,Barcelona,2-6,Gerard Pique,Barcelona,82,,,920667
El Clasico,2009/10,2009-11-29,12,Barcelona,Real Madrid,1-0,Zlatan Ibrahimovic,Barcelona,56,,,957261
El Clasico,2009/10,2010-04-10,31,Real Madrid,Barcelona,0-2,Lionel Messi,Barcelona,32,,,957612
El Clasico,2009/10,2010-04-10,31,Real Madrid,Barcelona,0-2,Pedro,Barcelona,56,,,957612
El Clasico,2010/11,2010-11-29,13,Barcelona,Real Madrid,5-0,Xavi,Barcelona,9,,,1036195
El Clasico,2010/11,2010-11-29,13,Barcelona,Real Madrid,5-0,Pedro,Barcelona,17,,,1036195
El Clasico,2010/11,2010-11-29,13,Barcelona,Real Madrid,5-0,David Villa,Barcelona,54,,,1036195
El Clasico,2010/11,2010-11-29,13,Barcelona,Real Madrid,5-0,David Villa,Barcelona,56,,,1036195
El Clasico,2010/11,2010-11-29,13,Barcelona,Real Madrid,5-0,Jeffren,Barcelona,90,,,1036195
El Clasico,2010/11,2011-04-16,32,Real Madrid,Barcelona,1-1,Lionel Messi,Barcelona,53,yes,,1036385
El Clasico,2010/11,2011-04-16,32,Real Madrid,Barcelona,1-1,Cristiano Ronaldo,Real Madrid,82,yes,,1036385
El Clasico,2011/12,2011-12-10,16,Real Madrid,Barcelona,1-3,Karim Benzema,Real Madrid,1,,,1125376
El Clasico,2011/12,2011-12-10,16,Real Madrid,Barcelona,1-3,Alexis Sanchez,Barcelona,30,,,1125376
El Clasico,2011/12,2011-12-10,16,Real Madrid,Barcelona,1-3,Xavi,Barcelona,52,,,1125376
El Clasico,2011/12,2011-12-10,16,Real Madrid,Barcelona,1-3,Cesc Fabregas,Barcelona,66,,,1125376
El Clasico,2011/12,2012-04-21,35,Barcelona,Real Madrid,1-2,Sami Khedira,Real Madrid,17,,,1125566
El Clasico,2011/12,2012-04-21,35,Barcelona,Real Madrid,1-2,Alexis Sanchez,Barcelona,70,,,1125566
El Clasico,2011/12,2012-04-21,35,Barcelona,Real Madrid,1-2,Cristiano Ronaldo,Real Madrid,73,,,1125566
El Clasico,2012/13,2012-10-07,7,Barcelona,Real Madrid,2-2,Cristiano Ronaldo,Real Madrid,22,,,2242853
El Clasico,2012/13,2012-10-07,7,Barcelona,Real Madrid,2-2,Lionel Messi,Barcelona,31,,,2242853
El Clasico,2012/13,2012-10-07,7,Barcelona,Real Madrid,2-2,Lionel Messi,Barcelona,60,,,2242853
El Clasico,2012/13,2012-10-07,7,Barcelona,Real Madrid,2-2,Cristiano Ronaldo,Real Madrid,66,,,2242853
El Clasico,2012/13,2013-03-02,26,Real Madrid,Barcelona,2-1,Karim Benzema,Real Madrid,6,,,2243144
El Clasico,2012/13,2013-03-02,26,Real Madrid,Barcelona,2-1,Lionel Messi,Barcelona,18,,,2243144
El Clasico,2012/13,2013-03-02,26,Real Madrid,Barcelona,2-1,Sergio Ramos,Real Madrid,82,,,2243144
El Clasico,2013/14,2013-10-26,10,Barcelona,Real Madrid,2-1,Neymar,Barcelona,19,,,2341135
El Clasico,2013/14,2013-10-26,10,Barcelona,Real Madrid,2-1,Alexis Sanchez,Barcelona,78,,,2341135
El Clasico,2013/14,2013-10-26,10,Barcelona,Real Madrid,2-1,Jese,Real Madrid,90,,,2341135
El Clasico,2013/14,2014-03-23,29,Real Madrid,Barcelona,3-4,Andres Iniesta,Barcelona,7,,,2341314
El Clasico,2013/14,2014-03-23,29,Real Madrid,Barcelona,3-4,Karim Benzema,Real Madrid,20,,,2341314
El Clasico,2013/14,2014-03-23,29,Real Madrid,Barcelona,3-4,Karim Benzema,Real Madrid,24,,,2341314
El Clasico,2013/14,2014-03-23,29,Real Madrid,Barcelona,3-4,Lionel Messi,Barcelona,42,,,2341314
El Clasico,2013/14,2014-03-23,29,Real Madrid,Barcelona,3-4,Cristiano Ronaldo,Real Madrid,55,yes,,2341314
El Clasico,2013/14,2014-03-23,29,Real Madrid,Barcelona,3-4,Lionel Messi,Barcelona,65,yes,,2341314
El Clasico,2013/14,2014-03-23,29,Real Madrid,Barcelona,3-4,Lionel Messi,Barcelona,84,yes,,2341314
El Clasico,2014/15,2014-10-25,9,Real Madrid,Barcelona,3-1,Neymar,Barcelona,4,,,2475267
El Clasico,2014/15,2014-10-25,9,Real Madrid,Barcelona,3-1,Cristiano Ronaldo,Real Madrid,35,yes,,2475267
El Clasico,2014/15,2014-10-25,9,Real Madrid,Barcelona,3-1,Pepe,Real Madrid,50,,,2475267
El Clasico,2014/15,2014-10-25,9,Real Madrid,Barcelona,3-1,Karim Benzema,Real Madrid,61,,,2475267
El Clasico,2014/15,2015-03-22,28,Barcelona,Real Madrid,2-1,Jeremy Mathieu,Barcelona,19,,,2475457
El Clasico,2014/15,2015-03-22,28,Barcelona,Real Madrid,2-1,Cristiano Ronaldo,Real Madrid,31,,,2475457
El Clasico,2014/15,2015-03-22,28,Barcelona,Real Madrid,2-1,Luis Suarez,Barcelona,56,,,2475457
El Clasico,2015/16,2015-11-21,12,Real Madrid,Barcelona,0-4,Luis Suarez,Barcelona,11,,,2594583
El Clasico,2015/16,2015-11-21,12,Real Madrid,Barcelona,0-4,Neymar,Barcelona,39,,,2594583
El Clasico,2015/16,2015-11-21,12,Real Madrid,Barcelona,0-4,Andres Iniesta,Barcelona,53,,,2594583
El Clasico,2015/16,2015-11-21,12,Real Madrid,Barcelona,0-4,Luis Suarez,Barcelona,74,,,2594583
El Clasico,2015/16,2016-04-02,31,Barcelona,Real Madrid,1-2,Gerard Pique,Barcelona,56,,,2594773
El Clasico,2015/16,2016-04-02,31,Barcelona,Real Madrid,1-2,Karim Benzema,Real Madrid,62,,,2594773
El Clasico,2015/16,2016-04-02,31,Barcelona,Real Madrid,1-2,Cristiano Ronaldo,Real Madrid,85,,,2594773
El Clasico,2016/17,2016-12-03,14,Barcelona,Real Madrid,1-1,Luis Suarez,Barcelona,53,,,2718844
El Clasico,2016/17,2016-12-03,14,Barcelona,Real Madrid,1-1,Sergio Ramos,Real Madrid,90,,,2718844
El Clasico,2016/17,2017-04-23,33,Real Madrid,Barcelona,2-3,Casemiro,Real Madrid,28,,,2719034
El Clasico,2016/17,2017-04-23,33,Real Madrid,Barcelona,2-3,Lionel Messi,Barcelona,33,,,2719034
El Clasico,2016/17,2017-04-23,33,Real Madrid,Barcelona,2-3,Ivan Rakitic,Barcelona,73,,,2719034
El Clasico,2016/17,2017-04-23,33,Real Madrid,Barcelona,2-3,James Rodriguez,Real Madrid,85,,,2719034
El Clasico,2016/17,2017-04-23,33,Real Madrid,Barcelona,2-3,Lionel Messi,Barcelona,90,,,2719034
El Clasico,2017/18,2017-12-23,17,Real Madrid,Barcelona,0-3,Luis Suarez,Barcelona,54,,,2899698
El Clasico,2017/18,2017-12-23,17,Real Madrid,Barcelona,0-3,Lionel Messi,Barcelona,64,yes,,2899698
El Clasico,2017/18,2017-12-23,17,Real Madrid,Barcelona,0-3,Aleix Vidal,Barcelona,90,,,2899698
El Clasico,2017/18,2018-05-06,36,Barcelona,Real Madrid,2-2,Luis Suarez,Barcelona,10,,,2899869
El Clasico,2017/18,2018-05-06,36,Barcelona,Real Madrid,2-2,Cristiano Ronaldo,Real Madrid,14,,,2899869
El Clasico,2017/18,2018-05-06,36,Barcelona,Real Madrid,2-2,Lionel Messi,Barcelona,52,,,2899869
El Clasico,2017/18,2018-05-06,36,Barcelona,Real Madrid,2-2,Gareth Bale,Real Madrid,72,,,2899869
El Clasico,2018/19,2018-10-28,10,Barcelona,Real Madrid,5-1,Philippe Coutinho,Barcelona,11,,,3079431
El Clasico,2018/19,2018-10-28,10,Barcelona,Real Madrid,5-1,Luis Suarez,Barcelona,30,yes,,3079431
El Clasico,2018/19,2018-10-28,10,Barcelona,Real Madrid,5-1,Marcelo,Real Madrid,50,,,3079431
El Clasico,2018/19,2018-10-28,10,Barcelona,Real Madrid,5-1,Luis Suarez,Barcelona,75,,,3079431
El Clasico,2018/19,2018-10-28,10,Barcelona,Real Madrid,5-1,Luis Suarez,Barcelona,83,,,3079431
El Clasico,2018/19,2018-10-28,10,Barcelona,Real Madrid,5-1,Arturo Vidal,Barcelona,87,,,3079431
El Clasico,2018/19,2019-03-02,26,Real Madrid,Barcelona,0-1,Ivan Rakitic,Barcelona,26,,,3080826
El Clasico,2019/20,2019-12-18,10,Barcelona,Real Madrid,0-0,,,,,,3208724
El Clasico,2019/20,2020-03-01,26,Real Madrid,Barcelona,2-0,Vinicius Junior,Real Madrid,71,,,3209984
El Clasico,2019/20,2020-03-01,26,Real Madrid,Barcelona,2-0,Mariano Diaz,Real Madrid,90,,,3209984
El Clasico,2020/21,2020-10-24,7,Barcelona,Real Madrid,1-3,Federico Valverde,Real Madrid,5,,,3450971
El Clasico,2020/21,2020-10-24,7,Barcelona,Real Madrid,1-3,Ansu Fati,Barcelona,8,,,3450971
El Clasico,2020/21,2020-10-24,7,Barcelona,Real Madrid,1-3,Sergio Ramos,Real Madrid,63,yes,,3450971
El Clasico,2020/21,2020-10-24,7,Barcelona,Real Madrid,1-3,Luka Modric,Real Madrid,90,,,3450971
El Clasico,2020/21,2021-04-10,30,Real Madrid,Barcelona,2-1,Karim Benzema,Real Madrid,13,,,3451399
El Clasico,2020/21,2021-04-10,30,Real Madrid,Barcelona,2-1,Toni Kroos,Real Madrid,28,,,3451399
El Clasico,2020/21,2021-04-10,30,Real Madrid,Barcelona,2-1,Oscar Mingueza,Barcelona,60,,,3451399
El Clasico,2021/22,2021-10-24,10,Barcelona,Real Madrid,1-2,David Alaba,Real Madrid,32,,,3605324
El Clasico,2021/22,2021-10-24,10,Barcelona,Real Madrid,1-2,Lucas Vazquez,Real Madrid,90,,,3605324
El Clasico,2021/22,2021-10-24,10,Barcelona,Real Madrid,1-2,Sergio Aguero,Barcelona,90,,,3605324
El Clasico,2021/22,2022-03-20,29,Real Madrid,Barcelona,0-4,Pierre-Emerick Aubameyang,Barcelona,29,,,3610564
El Clasico,2021/22,2022-03-20,29,Real Madrid,Barcelona,0-4,Ronald Araujo,Barcelona,38,,,3610564
El Clasico,2021/22,2022-03-20,29,Real Madrid,Barcelona,0-4,Ferran Torres,Barcelona,47,,,3610564
El Clasico,2021/22,2022-03-20,29,Real Madrid,Barcelona,0-4,Pierre-Emerick Aubameyang,Barcelona,51,,,3610564
El Clasico,2022/23,2022-10-16,9,Real Madrid,Barcelona,3-1,Karim Benzema,Real Madrid,12,,,3886323
El Clasico,2022/23,2022-10-16,9,Real Madrid,Barcelona,3-1,Federico Valverde,Real Madrid,35,,,3886323
El Clasico,2022/23,2022-10-16,9,Real Madrid,Barcelona,3-1,Ferran Torres,Barcelona,83,,,3886323
El Clasico,2022/23,2022-10-16,9,Real Madrid,Barcelona,3-1,Rodrygo,Real Madrid,90,yes,,3886323
El Clasico,2022/23,2023-03-19,26,Barcelona,Real Madrid,2-1,Ronald Araujo,Real Madrid,9,,yes,3886591
El Clasico,2022/23,2023-03-19,26,Barcelona,Real Madrid,2-1,Sergi Roberto,Barcelona,45,,,3886591
El Clasico,2022/23,2023-03-19,26,Barcelona,Real Madrid,2-1,Franck Kessie,Barcelona,90,,,3886591
El Clasico,2023/24,2023-10-28,11,Barcelona,Real Madrid,1-2,Ilkay Gundogan,Barcelona,6,,,4113124
El Clasico,2023/24,2023-10-28,11,Barcelona,Real Madrid,1-2,Jude Bellingham,Real Madrid,68,,,4113124
El Clasico,2023/24,2023-10-28,11,Barcelona,Real Madrid,1-2,Jude Bellingham,Real Madrid,90,,,4113124
El Clasico,2023/24,2024-04-21,32,Real Madrid,Barcelona,3-2,Andreas Christensen,Barcelona,6,,,4112930
El Clasico,2023/24,2024-04-21,32,Real Madrid,Barcelona,3-2,Vinicius Junior,Real Madrid,18,yes,,4112930
El Clasico,2023/24,2024-04-21,32,Real Madrid,Barcelona,3-2,Fermin Lopez,Barcelona,69,,,4112930
El Clasico,2023/24,2024-04-21,32,Real Madrid,Barcelona,3-2,Lucas Vazquez,Real Madrid,73,,,4112930
El Clasico,2023/24,2024-04-21,32,Real Madrid,Barcelona,3-2,Jude Bellingham,Real Madrid,90,,,4112930
El Clasico,2024/25,2024-10-26,11,Real Madrid,Barcelona,0-4,Robert Lewandowski,Barcelona,54,,,4407518
El Clasico,2024/25,2024-10-26,11,Real Madrid,Barcelona,0-4,Robert Lewandowski,Barcelona,56,,,4407518
El Clasico,2024/25,2024-10-26,11,Real Madrid,Barcelona,0-4,Lamine Yamal,Barcelona,77,,,4407518
El Clasico,2024/25,2024-10-26,11,Real Madrid,Barcelona,0-4,Raphinha,Barcelona,84,,,4407518
El Clasico,2024/25,2025-05-11,35,Barcelona,Real Madrid,4-3,Kylian Mbappe,Real Madrid,5,yes,,4407595
El Clasico,2024/25,2025-05-11,35,Barcelona,Real Madrid,4-3,Kylian Mbappe,Real Madrid,14,,,4407595
El Clasico,2024/25,2025-05-11,35,Barcelona,Real Madrid,4-3,Eric Garcia,Barcelona,19,,,4407595
El Clasico,2024/25,2025-05-11,35,Barcelona,Real Madrid,4-3,Lamine Yamal,Barcelona,32,,,4407595
El Clasico,2024/25,2025-05-11,35,Barcelona,Real Madrid,4-3,Raphinha,Barcelona,34,,,4407595
El Clasico,2024/25,2025-05-11,35,Barcelona,Real Madrid,4-3,Raphinha,Barcelona,45,,,4407595
El Clasico,2024/25,2025-05-11,35,Barcelona,Real Madrid,4-3,Kylian Mbappe,Real Madrid,70,,,4407595
El Clasico,2025/26,2025-10-26,10,Real Madrid,Barcelona,2-1,Kylian Mbappe,Real Madrid,22,,,4645561
El Clasico,2025/26,2025-10-26,10,Real Madrid,Barcelona,2-1,Fermin Lopez,Barcelona,38,,,4645561
El Clasico,2025/26,2025-10-26,10,Real Madrid,Barcelona,2-1,Jude Bellingham,Real Madrid,43,,,4645561
El Clasico,2025/26,2026-05-10,35,Barcelona,Real Madrid,2-0,Marcus Rashford,Barcelona,9,,,4646012
El Clasico,2025/26,2026-05-10,35,Barcelona,Real Madrid,2-0,Ferran Torres,Barcelona,18,,,4646012
