season,pos,club,played,won,drawn,lost,gf,ga,deduction,pts
2024/25,1,Napoli,38,24,10,4,59,27,0,82
2024/25,2,Inter,38,24,9,5,79,35,0,81
2024/25,3,Atalanta,38,22,8,8,78,37,0,74
2024/25,4,Juventus,38,18,16,4,58,35,0,70
2024/25,5,Roma,38,20,9,9,56,35,0,69
2024/25,6,Fiorentina,38,19,8,11,60,41,0,65
2024/25,7,Lazio,38,18,11,9,61,49,0,65
2024/25,8,AC Milan,38,18,9,11,61,43,0,63
2024/25,9,Bologna,38,16,14,8,57,47,0,62
2024/25,10,Como,38,13,10,15,49,52,0,49
2024/25,11,Torino,38,10,14,14,39,45,0,44
2024/25,12,Udinese,38,12,8,18,41,56,0,44
2024/25,13,Genoa,38,10,13,15,37,49,0,43
2024/25,14,Verona,38,10,7,21,34,66,0,37
2024/25,15,Cagliari,38,9,9,20,40,56,0,36
2024/25,16,Parma,38,7,15,16,44,58,0,36
2024/25,17,Lecce,38,8,10,20,27,58,0,34
2024/25,18,Empoli,38,6,13,19,33,59,0,31
2024/25,19,Venezia,38,5,14,19,32,56,0,29
2024/25,20,Monza,38,3,9,26,28,69,0,18
2025/26,1,Inter,38,27,6,5,89,35,0,87
2025/26,2,Napoli,38,23,7,8,58,36,0,76
2025/26,3,Roma,38,23,4,11,59,31,0,73
2025/26,4,Como,38,20,11,7,65,29,0,71
2025/26,5,AC Milan,38,20,10,8,53,35,0,70
2025/26,6,Juventus,38,19,12,7,61,34,0,69
2025/26,7,Atalanta,38,15,14,9,51,36,0,59
2025/26,8,Bologna,38,16,8,14,49,46,0,56
2025/26,9,Lazio,38,14,12,12,41,40,0,54
2025/26,10,Udinese,38,14,8,16,45,48,0,50
2025/26,11,Sassuolo,38,14,7,17,46,50,0,49
2025/26,12,Torino,38,12,9,17,44,63,0,45
2025/26,13,Parma,38,11,12,15,28,46,0,45
2025/26,14,Cagliari,38,11,10,17,40,53,0,43
2025/26,15,Fiorentina,38,9,15,14,41,50,0,42
2025/26,16,Genoa,38,10,11,17,41,51,0,41
2025/26,17,Lecce,38,10,8,20,28,50,0,38
2025/26,18,Cremonese,38,8,10,20,32,57,0,34
2025/26,19,Verona,38,3,12,23,25,61,0,21
2025/26,20,Pisa,38,2,12,24,26,71,0,18
