board,rank,player,from_club,to_club,season,fee_guaranteed_eur_m,fee_gbp_m,transfermarkt_eur_m,news_report_basis,source_transfermarkt,source_news
it18,1,Cristiano Ronaldo,Real Madrid,Juventus,2018,100,88.3,117,"Guardian: EUR 100m (Juventus also listed EUR 12m of costs, which TM includes)",https://www.transfermarkt.com/juventus-turin/transferrekorde/verein/506,https://www.theguardian.com/football/2018/jul/10/cristiano-ronaldo-juventus-real-madrid
it18,2,Gonzalo Higuain,Napoli,Juventus,2016,90,75.3,90,FourFourTwo and Eurosport: EUR 90m release clause,https://www.transfermarkt.com/juventus-turin/transferrekorde/verein/506,https://fourfourtwo.com/news/juventus-sign-higuain-napoli-eu90m
it18,3,Matthijs de Ligt,Ajax,Juventus,2019,75,,85.5,Juventus statement via TSN/AP: EUR 75m plus EUR 10.5m ancillary costs (TM adds them),https://www.transfermarkt.com/juventus-turin/transferrekorde/verein/506,https://www.tsn.ca/de-ligt-completes-75-million-euro-transfer-to-juventus-1.1338905
it18,4,Arthur,Barcelona,Juventus,2020,72,,80.6,theScore/Reuters: EUR 72m plus EUR 10m variables,https://www.transfermarkt.com/juventus-turin/transferrekorde/verein/506,https://www.thescore.com/liga/news/1980722
it18,5,Dusan Vlahovic,Fiorentina,Juventus,2022,70,,85.4,Juventus statement via Reuters/Malay Mail: EUR 70m plus EUR 11.6m costs and up to EUR 10m bonuses (TM adds costs),https://www.transfermarkt.com/juventus-turin/transferrekorde/verein/506,https://www.malaymail.com/news/sports/2022/01/29/juventus-sign-fiorentina-striker-vlahovic/2038306
it18,6,Teun Koopmeiners,Atalanta,Juventus,2024,51.3,,58.4,Juventus statement via Flashscore/AFP: EUR 51.3m plus up to EUR 3.4m costs and EUR 6m bonuses,https://www.transfermarkt.com/juventus-turin/transferrekorde/verein/506,https://www.flashscore.com/news/football-serie-a-juventus-confirm-koopmeiners-big-money-move-from-atalanta/QTeHWcDU/
it18,7,Douglas Luiz,Aston Villa,Juventus,2024,50,,51.5,Juventus statement via Flashscore/AFP: EUR 50m plus EUR 1.5m,https://www.transfermarkt.com/juventus-turin/transferrekorde/verein/506,https://www.flashscore.com/news/football-serie-a-juventus-confirm-koopmeiners-big-money-move-from-atalanta/QTeHWcDU/
it18,8,Bremer,Torino,Juventus,2022,41,,51.3,Juventus statement via Reuters/Malay Mail: EUR 41m plus up to EUR 8m add-ons,https://www.transfermarkt.com/juventus-turin/transferrekorde/verein/506,https://www.malaymail.com/news/sports/2022/07/20/juve-complete-deal-for-torino-defender-bremer/18361
it18,9,Lois Openda,RB Leipzig,Juventus,2026,40.6,,42.75,"Juventus statement: loan for EUR 3.3m with an obligation to buy for EUR 40.6m plus EUR 1.7m costs, triggered for 2026",https://www.transfermarkt.com/juventus-turin/transferrekorde/verein/506,https://en.nogomania.com/read/Juventus-forced-into-45m-mistake-as-Openda-deal-becomes-mandatory
it18,10,Joao Cancelo,Valencia,Juventus,2018,40.4,,40.4,theScore and SI: EUR 40.4m (matches TM),https://www.transfermarkt.com/juventus-turin/transferrekorde/verein/506,https://www.thescore.com/news/1563493
it19,1,Gonzalo Higuain,Napoli,Juventus,2016,90,75.3,90,FourFourTwo and Eurosport: EUR 90m release clause,https://www.transfermarkt.com/ssc-neapel/rekordabgaenge/verein/6195,https://fourfourtwo.com/news/juventus-sign-higuain-napoli-eu90m
it19,2,Victor Osimhen,Napoli,Galatasaray,2025,75,,75,"theScore and Graphic: EUR 75m, EUR 40m up front and EUR 35m later",https://www.transfermarkt.com/ssc-neapel/rekordabgaenge/verein/6195,https://www.thescore.com/seri/news/3318450/sms:
it19,3,Khvicha Kvaratskhelia,Napoli,PSG,2025,70,,80,"AP via Lethbridge Herald, L'Equipe: EUR 70m plus bonuses up to EUR 75m",https://www.transfermarkt.com/ssc-neapel/rekordabgaenge/verein/6195,https://lethbridgeherald.com/?p=995750
it19,4,Edinson Cavani,Napoli,PSG,2013,64.5,,64.5,Ahram and Maxifoot: EUR 64.5m,https://www.transfermarkt.com/ssc-neapel/rekordabgaenge/verein/6195,https://english.ahram.org.eg/News/76628.aspx
it19,5,Jorginho,Napoli,Chelsea,2018,57,50,57,Eurosport/TNT and theScore: EUR 57m,https://www.transfermarkt.com/ssc-neapel/rekordabgaenge/verein/6195,https://thescore.com/news/1571211
it19,6,Kim Min-jae,Napoli,Bayern Munich,2023,50,,50,Reuters via Flashscore: EUR 50m release clause,https://www.transfermarkt.com/ssc-neapel/rekordabgaenge/verein/6195,https://www.flashscore.com/news/soccer-serie-a-bayern-munich-sign-south-korea-defender-kim-min-jae-from-napoli-on-five-year-deal/t4G4z7g3
it19,7,Kalidou Koulibaly,Napoli,Chelsea,2022,38,,41.9,Calcio e Finanza and theScore: EUR 38m plus EUR 2m bonuses,https://www.transfermarkt.com/ssc-neapel/rekordabgaenge/verein/6195,https://www.calcioefinanza.it/?p=102208
it19,8,Ezequiel Lavezzi,Napoli,PSG,2012,26,,30,Maxifoot: EUR 26m plus bonuses up to the EUR 31m clause,https://www.transfermarkt.com/ssc-neapel/rekordabgaenge/verein/6195,https://www.maxifoot.fr/football/article-15663.htm
it19,9,Miguel Gutierrez,Napoli,Leverkusen,2026,26,,26,"kicker via AP: EUR 26m, about EUR 30m with bonuses",https://www.transfermarkt.com/ssc-neapel/rekordabgaenge/verein/6195,https://www.getfootballnewsgermany.com/2026/leverkusen-gutierrez-done/
it19,10,Allan,Napoli,Everton,2020,25,,24.6,Sky Italia and Get Football News Italy: EUR 25m plus EUR 3m bonuses,https://www.transfermarkt.com/ssc-neapel/rekordabgaenge/verein/6195,https://www.getfootballnewsitaly.com/2020/napolis-allan-set-to-join-everton-as-deal-initially-worth-e25m-is-agreed/
it21,1,Romelu Lukaku,Inter,Chelsea,2021,115,97.5,113,Eurosport and Guardian: EUR 115m (GBP 97.5m),https://www.transfermarkt.com/serie-a/transferrekorde/wettbewerb/IT1/saison_id/alle/land_id//ausrichtung//spielerposition_id//altersklasse//leihe//w_s//zuab/ab,https://www.theguardian.com/football/2021/aug/12/chelsea-confirm-romelu-lukaku-signing-from-inter-in-115m-deal
it21,2,Paul Pogba,Juventus,Manchester United,2016,105,89,105,BBC Sport (cited by Wikipedia): EUR 105m plus EUR 5m add-ons,https://www.transfermarkt.com/serie-a/transferrekorde/wettbewerb/IT1/saison_id/alle/land_id//ausrichtung//spielerposition_id//altersklasse//leihe//w_s//zuab/ab,https://www.bbc.co.uk/sport/football/37016170
it21,3,Gonzalo Higuain,Napoli,Juventus,2016,90,75.3,90,FourFourTwo and Eurosport: EUR 90m release clause,https://www.transfermarkt.com/serie-a/transferrekorde/wettbewerb/IT1/saison_id/alle/land_id//ausrichtung//spielerposition_id//altersklasse//leihe//w_s//zuab/ab,https://fourfourtwo.com/news/juventus-sign-higuain-napoli-eu90m
it21,4,Zinedine Zidane,Juventus,Real Madrid,2001,77.5,46,77.5,Telegraph GBP 48m; widely reported EUR 75m to 77.5m,https://www.transfermarkt.com/serie-a/transferrekorde/wettbewerb/IT1/saison_id/alle/land_id//ausrichtung//spielerposition_id//altersklasse//leihe//w_s//zuab/ab,https://www.telegraph.co.uk/sport/football/3008694/Zidane-in-48m-Real-deal.html
it21,5,Rasmus Hojlund,Atalanta,Manchester United,2023,75,64,79.8,90min and Get Football News Italy: EUR 75m plus EUR 10m add-ons,https://www.transfermarkt.com/serie-a/transferrekorde/wettbewerb/IT1/saison_id/alle/land_id//ausrichtung//spielerposition_id//altersklasse//leihe//w_s//zuab/ab,https://www.getfootballnewsitaly.com/2023/official-manchester-united-complete-the-signing-of-rasmus-hojlund-from-atalanta/
it21,6,Victor Osimhen,Napoli,Galatasaray,2025,75,,75,theScore: EUR 75m,https://www.transfermarkt.com/serie-a/transferrekorde/wettbewerb/IT1/saison_id/alle/land_id//ausrichtung//spielerposition_id//altersklasse//leihe//w_s//zuab/ab,https://www.thescore.com/seri/news/3318450/sms:
it21,7,Dusan Vlahovic,Fiorentina,Juventus,2022,70,,85.4,Juventus statement via Reuters/Malay Mail: EUR 70m plus up to EUR 10m,https://www.transfermarkt.com/serie-a/transferrekorde/wettbewerb/IT1/saison_id/alle/land_id//ausrichtung//spielerposition_id//altersklasse//leihe//w_s//zuab/ab,https://www.malaymail.com/news/sports/2022/01/29/juventus-sign-fiorentina-striker-vlahovic/2038306
it21,8,Khvicha Kvaratskhelia,Napoli,PSG,2025,70,,80,AP: EUR 70m plus bonuses up to EUR 75m,https://www.transfermarkt.com/serie-a/transferrekorde/wettbewerb/IT1/saison_id/alle/land_id//ausrichtung//spielerposition_id//altersklasse//leihe//w_s//zuab/ab,https://lethbridgeherald.com/?p=995750
it21,9,Matthijs de Ligt,Juventus,Bayern Munich,2022,67,,67,ESPN: EUR 67m plus up to EUR 10m,https://www.transfermarkt.com/serie-a/transferrekorde/wettbewerb/IT1/saison_id/alle/land_id//ausrichtung//spielerposition_id//altersklasse//leihe//w_s//zuab/ab,https://www.espn.com/soccer/soccer-transfers/story/4702921/bayern-munich-complete-signing-of-matthijs-de-ligt-from-juventus
it21,10 (pool),Kaka,AC Milan,Real Madrid,2009,65,56,67,Reuters/AP: reported EUR 65m (TM EUR 67m),https://www.transfermarkt.com/serie-a/transferrekorde/wettbewerb/IT1/saison_id/alle/land_id//ausrichtung//spielerposition_id//altersklasse//leihe//w_s//zuab/ab,https://news.bbc.co.uk/sport1/hi/football/europe/8082147.stm
it21,(pool),Mateo Retegui,Atalanta,Al-Qadsiah,2025,65,,61.75,Calcio e Finanza: EUR 65m fixed plus EUR 3.5m bonuses,https://www.transfermarkt.com/serie-a/transferrekorde/wettbewerb/IT1/saison_id/alle/land_id//ausrichtung//spielerposition_id//altersklasse//leihe//w_s//zuab/ab,https://www.calcioefinanza.it/?p=198226
it21,(pool),Joao Cancelo,Juventus,Manchester City,2019,65,,65,AFP via Daily Maverick: City paid EUR 65m (Danilo went to Juventus for EUR 37m),https://www.transfermarkt.com/serie-a/transferrekorde/wettbewerb/IT1/saison_id/alle/land_id//ausrichtung//spielerposition_id//altersklasse//leihe//w_s//zuab/ab,https://www.dailymaverick.co.za/article/2019-08-07-juventus-and-man-city-swap-danilo-and-cancelo.md
