date,player,goals
1992-09-16,Juul Ellerman,3
1992-11-04,Romario,3
1992-11-25,Marco van Basten,4
1993-03-17,Franck Sauzee,3
1993-09-16,Bernd Hobsch,3
1993-09-29,Luc Nilis,3
1995-09-27,Jari Litmanen,3
1995-10-18,Raul Gonzalez,3
1995-12-06,Michael Colin Newell,3
1996-09-25,Marco Simone,3
1997-09-17,Faustino Asprilla,3
1997-11-05,Andriy Shevchenko,3
1997-11-05,Andy Cole,3
1998-03-18,Filippo Inzaghi,3
1998-04-01,Alessandro Del Piero,3
1998-10-21,Sigurd Rushfeldt,3
1998-11-25,Ruud van Nistelrooy,3
1998-12-09,Uwe Rosler,3
1999-09-15,Andrei Tikhonov,3
2000-03-14,Simone Inzaghi,4
2000-04-05,Gerard,3
2000-09-13,Andy Cole,3
2000-09-13,Filippo Inzaghi,3
2000-09-26,Frode Johnsen,3
2000-09-27,Marco Simone,3
2000-10-18,Rivaldo,3
2000-10-25,Claudio Lopez,3
2001-03-07,Walter Pandiani,3
2002-09-18,Predrag Djordjevic,3
2002-09-18,Roy Makaay,3
2002-09-24,Ayegbeni Yakubu,3
2002-09-24,Filippo Inzaghi,3
2002-10-22,Michael Owen,3
2002-11-27,Thierry Henry,3
2003-02-26,Alan Shearer,3
2003-04-23,Ronaldo,3
2003-10-01,Didier Drogba,3
2003-11-05,Dado Prso,4
2004-09-28,Roy Makaay,3
2004-09-28,Wayne Rooney,3
2004-11-02,Ivan Klasnic,3
2004-11-03,Ruud van Nistelrooy,4
2004-12-07,Sergei Semak,3
2004-12-08,Tuncay Sanl,3
2005-03-08,Sylvain Wiltord,3
2005-03-15,Adriano,3
2005-09-14,Vincenzo Iaquinta,3
2005-09-27,Ronaldinho,3
2005-11-02,Samuel Eto'o,3
2005-11-23,Adriano,3
2005-11-23,Andriy Shevchenko,4
2005-11-23,Levan Kobiashvili,3
2006-09-12,Fernando Morientes,3
2006-09-27,Didier Drogba,3
2006-11-01,Kaka,3
2007-11-06,Yossi Benayoun,3
2008-10-21,Joseba Llorente,3
2008-11-26,Jadson,3
2009-09-15,Grafite,3
2009-12-08,Michael Owen,3
2010-03-09,Nicklas Bendtner,3
2010-04-06,Lionel Messi,4
2010-04-27,Ivica Olic,3
2010-09-29,Samuel Eto'o,3
2010-10-20,Gareth Bale,3
2010-11-03,Andre-Pierre Gignac,3
2010-11-03,Mario Gomez,3
2010-12-08,Karim Benzema,3
2011-11-01,Lionel Messi,3
2011-11-02,Mario Gomez,3
2011-11-23,Roberto Soldado,3
2011-12-07,Bafetimbi Gomis,4
2012-03-07,Lionel Messi,5
2012-03-13,Mario Gomez,4
2012-10-03,Cristiano Ronaldo,3
2012-10-23,Roberto Soldado,3
2012-11-07,Burak Ylmaz,3
2012-11-07,Claudio Pizarro,3
2012-11-20,Luiz Adriano,3
2012-11-20,Rui Pedro,3
2013-04-24,Robert Lewandowski,4
2013-09-17,Cristiano Ronaldo,3
2013-09-18,Lionel Messi,3
2013-10-02,Kostas Mitroglou,3
2013-10-23,Zlatan Ibrahimovic,4
2013-11-05,Alvaro Negredo,3
2013-11-27,Arturo Vidal,3
2013-12-11,Neymar,3
2014-03-19,Robin van Persie,3
2014-09-17,Yacine Brahimi,3
2014-10-01,Danny Welbeck,3
2014-10-21,Luiz Adriano,5
2014-11-05,Luiz Adriano,3
2014-11-25,Lionel Messi,3
2014-11-25,Sergio Aguero,3
2014-11-26,Mario Mandzukic,3
2015-09-15,Cristiano Ronaldo,3
2015-09-29,Robert Lewandowski,3
2015-12-08,Cristiano Ronaldo,4
2015-12-08,Karim Benzema,3
2015-12-09,Olivier Giroud,3
2016-04-12,Cristiano Ronaldo,3
2016-09-13,Lionel Messi,3
2016-09-14,Sergio Aguero,3
2016-10-19,Lionel Messi,3
2016-10-19,Mesut Ozil,3
2016-12-06,Arda Turan,3
2016-12-06,Lucas Perez,3
2017-03-08,Pierre-Emerick Aubameyang,3
2017-04-18,Cristiano Ronaldo,3
2017-05-02,Cristiano Ronaldo,3
2017-09-26,Harry Kane,3
2017-09-26,Wissam Ben Yedder,3
2017-10-31,Layvin Kurzawa,3
2017-12-06,Philippe Coutinho,3
2018-02-14,Sadio Mane,3
2018-09-18,Lionel Messi,3
2018-10-02,Edin Dzeko,3
2018-10-02,Paulo Dybala,3
2018-10-03,Neymar,3
2018-11-07,Gabriel Jesus,3
2019-03-12,Cristiano Ronaldo,3
2019-05-08,Lucas Moura,3
2019-09-17,Erling Haaland,3
2019-09-18,Mislav Orsic,3
2019-10-01,Serge Gnabry,4
2019-10-22,Kylian Mbappe,3
2019-10-22,Raheem Sterling,3
2019-11-06,Rodrygo,3
2019-11-26,Robert Lewandowski,4
2019-12-10,Arkadiusz Milik,3
2019-12-11,Gabriel Jesus,3
2020-03-10,Josip Ilicic,4
2020-10-28,Marcus Rashford,3
2020-11-03,Alassane Plea,3
2020-11-03,Diogo Jota,3
2020-12-02,Olivier Giroud,4
2020-12-02,Irfan Can Kahveci,3
2020-12-09,Neymar,3
2021-02-16,Kylian Mbappe,3
2021-09-15,Christopher Nkunku,3
2021-09-15,Sebastien Haller,4
2021-11-02,Robert Lewandowski,3
2022-03-08,Robert Lewandowski,3
2022-03-09,Karim Benzema,3
2022-04-06,Karim Benzema,3
2022-09-07,Robert Lewandowski,3
2022-10-12,Mohamed Salah,3
2023-03-14,Erling Haaland,5
2023-10-25,Evanilson,3
2023-11-29,Joao Mario,3
2024-09-17,Harry Kane,4
2024-10-01,Karim Adeyemi,3
2024-10-22,Vinicius Junior,3
2024-10-23,Raphinha,3
2024-11-05,Luis Diaz,3
2024-11-05,Viktor Gyokeres,3
2025-01-21,Vangelis Pavlidis,3
2025-01-29,Lautaro Martinez,3
2025-01-29,Morgan Rogers,3
2025-01-29,Ousmane Dembele,3
2025-02-19,Kylian Mbappe,3
2025-04-15,Serhou Guirassy,3
2025-09-30,Kylian Mbappe,3
2025-10-21,Fermin Lopez,3
2025-11-05,Victor Osimhen,3
2025-11-26,Kylian Mbappe,4
2025-11-26,Vitinha,3
2026-02-18,Anthony Gordon,4
2026-02-24,Alexander Srloth,3
2026-03-11,Federico Valverde,3
