season,team,played,won,drawn,lost,gf,ga
1992/93,Milan,11,10,0,1,23,2
1992/93,Marseille,11,7,4,0,25,4
1992/93,Rangers,10,6,4,0,14,7
1992/93,IFK Goteborg,10,6,0,4,14,10
1992/93,Porto,10,5,2,3,20,8
1992/93,Club Brugge,10,5,1,4,12,11
1992/93,CSKA Moskva,10,3,3,4,11,16
1992/93,PSV,10,3,1,6,15,14
1992/93,Leeds,5,2,0,3,8,9
1992/93,Sion,4,2,1,1,9,8
1992/93,Austria Wien,4,2,0,2,8,7
1992/93,AEK Athens,4,1,2,1,4,6
1992/93,Barcelona,4,1,2,1,4,4
1992/93,S. Bratislava,4,1,1,2,4,6
1992/93,Lech Poznan,4,1,1,2,2,4
1992/93,Dinamo Bucuresti,4,1,1,2,2,3
1992/93,Stuttgart,3,1,0,2,5,6
1992/93,CSKA Sofia,2,1,0,1,4,5
1992/93,Besiktas,2,1,0,1,2,3
1992/93,Lahti,2,1,0,1,1,2
1992/93,APOEL,2,0,2,0,3,3
1992/93,Ferencvaros,2,0,1,1,1,4
1992/93,Skonto,2,0,1,1,0,2
1992/93,Viking,2,0,1,1,0,1
1992/93,Tavriya,2,0,0,2,2,7
1992/93,Vikingur R.,2,0,0,2,2,5
1992/93,US Luxembourg,2,0,0,2,1,9
1992/93,Glentoran,2,0,0,2,0,8
1992/93,Zalgiris,2,0,0,2,0,8
1992/93,Olimpija,2,0,0,2,0,7
1992/93,M. Tel-Aviv,2,0,0,2,0,4
1992/93,Lyngby,2,0,0,2,0,3
1993/94,Barcelona,12,8,2,2,26,12
1993/94,Milan,12,7,5,0,21,2
1993/94,Porto,11,5,3,3,13,9
1993/94,Monaco,11,5,2,4,15,10
1993/94,Spartak Moskva,10,5,3,2,22,14
1993/94,Anderlecht,10,5,2,3,16,11
1993/94,Bremen,10,4,3,3,20,20
1993/94,Galatasaray,10,2,4,4,7,14
1993/94,Man Utd,4,2,2,0,8,6
1993/94,Lech Poznan,4,2,0,2,9,9
1993/94,FCSB,4,2,0,2,6,8
1993/94,Levski Sofia,4,1,1,2,6,7
1993/94,Feyenoord,4,1,1,2,3,2
1993/94,Austria Wien,4,1,0,3,6,9
1993/94,Copenhagen,4,1,0,3,4,10
1993/94,Sparta Praha,4,1,0,3,4,6
1993/94,Rosenborg,2,1,0,1,4,5
1993/94,Dynamo Kyiv,2,1,0,1,4,5
1993/94,GNK Dinamo,2,1,0,1,4,4
1993/94,Rangers,2,1,0,1,4,4
1993/94,Linfield,2,1,0,1,3,4
1993/94,IA,2,1,0,1,1,3
1993/94,AIK,2,1,0,1,1,2
1993/94,Dinamo-Minsk,2,0,1,1,3,6
1993/94,AEK Athens,2,0,1,1,1,2
1993/94,Floriana,2,0,1,1,0,2
1993/94,Aarau,2,0,1,1,0,1
1993/94,Honved,2,0,0,2,3,5
1993/94,Beitar,2,0,0,2,2,7
1993/94,Cork,2,0,0,2,1,3
1993/94,Skonto,2,0,0,2,0,9
1993/94,HJK,2,0,0,2,0,6
1994/95,Ajax,11,7,4,0,18,4
1994/95,Milan,11,6,2,3,11,6
1994/95,Paris,10,7,1,2,15,8
1994/95,Bayern Munchen,10,2,5,3,12,14
1994/95,IFK Goteborg,8,4,3,1,12,9
1994/95,Benfica,8,3,4,1,9,7
1994/95,Barcelona,8,2,3,3,13,11
1994/95,Hajduk Split,8,2,3,3,5,10
1994/95,Man Utd,6,2,2,2,11,11
1994/95,FCSB,6,1,3,2,7,6
1994/95,Salzburg,6,1,3,2,4,6
1994/95,Spartak Moskva,6,1,2,3,8,12
1994/95,Galatasaray,6,1,1,4,3,9
1994/95,Dynamo Kyiv,6,1,0,5,5,11
1994/95,Anderlecht,6,0,4,2,4,7
1994/95,AEK Athens,6,0,2,4,3,9
1995/96,Ajax,11,8,2,1,22,3
1995/96,Juventus,11,6,2,3,22,9
1995/96,Panathinaikos,10,5,3,2,11,6
1995/96,Nantes,10,4,4,2,15,12
1995/96,Spartak Moskva,8,6,1,1,17,8
1995/96,Real Madrid,8,4,1,3,12,7
1995/96,B. Dortmund,8,2,3,3,8,11
1995/96,Legia Warszawa,8,2,2,4,5,11
1995/96,Rosenborg,6,2,0,4,11,16
1995/96,Porto,6,1,4,1,6,5
1995/96,FCSB,6,1,3,2,2,5
1995/96,Ferencvaros,6,1,2,3,9,19
1995/96,AaB,6,1,1,4,5,12
1995/96,Blackburn,6,1,1,4,5,8
1995/96,Rangers,6,0,3,3,6,14
1995/96,Grasshoppers,6,0,2,4,3,13
1996/97,B. Dortmund,11,9,1,1,23,10
1996/97,Juventus,11,8,2,1,21,7
1996/97,Ajax,10,5,1,4,14,13
1996/97,Man Utd,10,4,1,5,10,5
1996/97,Porto,8,5,2,1,12,8
1996/97,Atleti,8,4,2,2,15,8
1996/97,Auxerre,8,4,0,4,9,11
1996/97,Rosenborg,8,3,1,4,8,14
1996/97,Grasshoppers,6,3,0,3,8,5
1996/97,Milan,6,2,1,3,13,11
1996/97,Fenerbahce,6,2,1,3,3,6
1996/97,Widzew,6,1,1,4,6,10
1996/97,FCSB,6,1,1,4,5,15
1996/97,IFK Goteborg,6,1,0,5,7,13
1996/97,Rangers,6,1,0,5,5,13
1996/97,SK Rapid,6,0,2,4,2,12
1997/98,Real Madrid,11,7,3,1,22,5
1997/98,Juventus,11,6,1,4,23,15
1997/98,B. Dortmund,10,6,2,2,15,5
1997/98,Monaco,10,5,3,2,20,15
1997/98,Man Utd,8,5,2,1,15,6
1997/98,Leverkusen,8,4,2,2,12,11
1997/98,Bayern Munchen,8,4,1,3,13,7
1997/98,Dynamo Kyiv,8,3,3,2,15,11
1997/98,Paris,6,4,0,2,11,10
1997/98,Rosenborg,6,3,2,1,13,8
1997/98,Feyenoord,6,3,0,3,8,10
1997/98,PSV,6,2,3,1,9,8
1997/98,Parma,6,2,3,1,6,5
1997/98,Sporting CP,6,2,1,3,9,11
1997/98,Newcastle,6,2,1,3,7,8
1997/98,Besiktas,6,2,0,4,6,9
1997/98,IFK Goteborg,6,2,0,4,4,9
1997/98,Barcelona,6,1,2,3,7,14
1997/98,Olympiacos,6,1,2,3,6,14
1997/98,Sparta Praha,6,1,2,3,6,11
1997/98,Galatasaray,6,1,1,4,4,11
1997/98,Porto,6,1,1,4,3,11
1997/98,Lierse,6,0,1,5,3,12
1997/98,Kosice,6,0,0,6,2,13
1998/99,Bayern Munchen,11,6,3,2,20,11
1998/99,Man Utd,11,5,6,0,29,16
1998/99,Dynamo Kyiv,10,4,4,2,17,12
1998/99,Juventus,10,2,7,1,13,11
1998/99,Inter,8,4,2,2,10,8
1998/99,Real Madrid,8,4,1,3,18,11
1998/99,Kaiserslautern,8,4,1,3,12,12
1998/99,Olympiacos,8,3,3,2,10,9
1998/99,Barcelona,6,2,2,2,11,9
1998/99,Benfica,6,2,2,2,8,9
1998/99,Galatasaray,6,2,2,2,8,8
1998/99,Arsenal,6,2,2,2,8,8
1998/99,Rosenborg,6,2,2,2,7,8
1998/99,Spartak Moskva,6,2,2,2,7,6
1998/99,GNK Dinamo,6,2,2,2,5,7
1998/99,Lens,6,2,2,2,5,6
1998/99,Porto,6,2,1,3,11,9
1998/99,PSV,6,2,1,3,10,11
1998/99,Ajax,6,2,1,3,4,6
1998/99,Panathinaikos,6,2,0,4,6,9
1998/99,Athletic Club,6,1,3,2,5,6
1998/99,HJK,6,1,2,3,8,12
1998/99,Brndby,6,1,0,5,4,18
1998/99,Sturm Graz,6,0,1,5,2,16
1999/00,Real Madrid,17,10,3,4,35,23
1999/00,Valencia,17,8,4,5,27,18
1999/00,Barcelona,16,11,3,2,45,23
1999/00,Bayern Munchen,16,8,5,3,25,19
1999/00,Lazio,14,8,4,2,26,12
1999/00,Man Utd,14,8,3,3,21,11
1999/00,Chelsea,14,7,3,4,22,14
1999/00,Porto,14,7,2,5,19,17
1999/00,Dynamo Kyiv,12,5,2,5,18,16
1999/00,Sparta Praha,12,4,5,3,19,18
1999/00,Fiorentina,12,4,5,3,16,15
1999/00,Marseille,12,4,2,6,12,19
1999/00,Feyenoord,12,3,7,2,14,13
1999/00,Bordeaux,12,3,5,4,12,18
1999/00,Rosenborg,12,3,3,6,17,16
1999/00,Hertha,12,2,4,6,10,18
1999/00,Arsenal,6,2,2,2,9,9
1999/00,Galatasaray,6,2,1,3,10,13
1999/00,Olympiacos,6,2,1,3,9,12
1999/00,Rangers,6,2,1,3,7,7
1999/00,Sturm Graz,6,2,0,4,5,12
1999/00,Leverkusen,6,1,4,1,7,7
1999/00,B. Dortmund,6,1,3,2,7,9
1999/00,Milan,6,1,3,2,6,7
1999/00,Spartak Moskva,6,1,2,3,9,12
1999/00,GNK Dinamo,6,1,2,3,7,7
1999/00,Boavista,6,1,2,3,4,10
1999/00,PSV,6,1,1,4,5,10
1999/00,Maribor,6,1,1,4,2,12
1999/00,Molde,6,1,0,5,6,14
1999/00,Willem II,6,0,2,4,7,15
1999/00,AIK,6,0,1,5,4,16
2000/01,Bayern Munchen,17,11,4,2,24,12
2000/01,Valencia,17,9,6,2,23,9
2000/01,Real Madrid,16,9,2,5,35,23
2000/01,Leeds,16,6,5,5,24,21
2000/01,Arsenal,14,7,3,4,19,18
2000/01,Deportivo,14,6,5,3,18,14
2000/01,Man Utd,14,6,4,4,22,13
2000/01,Galatasaray,14,6,3,5,19,24
2000/01,Anderlecht,12,6,0,6,18,26
2000/01,Lazio,12,5,3,4,22,15
2000/01,Lyon,12,5,2,5,16,10
2000/01,Spartak Moskva,12,5,1,6,14,13
2000/01,Sturm Graz,12,5,1,6,13,25
2000/01,Milan,12,4,6,2,18,13
2000/01,Paris,12,4,3,5,22,19
2000/01,Panathinaikos,12,2,4,6,10,15
2000/01,PSV,6,3,0,3,9,9
2000/01,Olympiacos,6,3,0,3,6,5
2000/01,Barcelona,6,2,2,2,13,9
2000/01,Rangers,6,2,2,2,10,7
2000/01,Rosenborg,6,2,1,3,13,15
2000/01,Monaco,6,2,1,3,13,10
2000/01,Leverkusen,6,2,1,3,9,12
2000/01,Shakhtar,6,2,0,4,10,15
2000/01,Juventus,6,1,3,2,9,12
2000/01,Hamburg,6,1,3,2,9,9
2000/01,Helsingborg,6,1,2,3,6,14
2000/01,Dynamo Kyiv,6,1,1,4,7,8
2000/01,Besiktas,6,1,1,4,4,17
2000/01,Heerenveen,6,1,1,4,3,9
2000/01,Sparta Praha,6,1,0,5,6,13
2000/01,Sporting CP,6,0,2,4,5,15
2001/02,Real Madrid,17,12,3,2,35,14
2001/02,Leverkusen,17,8,3,6,29,28
2001/02,Man Utd,16,8,6,2,31,14
2001/02,Barcelona,16,8,4,4,23,17
2001/02,Bayern Munchen,14,8,5,1,21,10
2001/02,Panathinaikos,14,7,2,5,17,14
2001/02,Liverpool,14,5,7,2,14,11
2001/02,Deportivo,14,5,5,4,19,19
2001/02,Juventus,12,5,3,4,18,16
2001/02,Sparta Praha,12,5,2,5,16,13
2001/02,Arsenal,12,5,1,6,17,17
2001/02,Porto,12,4,2,6,10,12
2001/02,Roma,12,3,7,2,12,10
2001/02,Galatasaray,12,3,6,3,10,10
2001/02,Nantes,12,3,4,5,12,14
2001/02,Boavista,12,3,4,5,10,15
2001/02,Lyon,6,3,0,3,10,9
2001/02,Celtic,6,3,0,3,8,11
2001/02,Mallorca,6,3,0,3,4,9
2001/02,B. Dortmund,6,2,2,2,6,7
2001/02,Lokomotiv Moskva,6,2,1,3,9,9
2001/02,PSV,6,2,1,3,6,9
2001/02,Schalke,6,2,0,4,9,9
2001/02,Lazio,6,2,0,4,4,7
2001/02,Lille,6,1,3,2,7,7
2001/02,Feyenoord,6,1,2,3,7,14
2001/02,Olympiacos,6,1,2,3,6,12
2001/02,Dynamo Kyiv,6,1,1,4,5,9
2001/02,Rosenborg,6,1,1,4,4,6
2001/02,Anderlecht,6,0,3,3,4,13
2001/02,Spartak Moskva,6,0,2,4,7,16
2001/02,Fenerbahce,6,0,0,6,3,12
2002/03,Milan,17,9,4,4,21,14
2002/03,Juventus,17,8,4,5,30,19
2002/03,Inter,16,7,6,3,26,19
2002/03,Real Madrid,16,7,5,4,33,22
2002/03,Barcelona,14,11,2,1,27,9
2002/03,Man Utd,14,10,1,3,32,19
2002/03,Valencia,14,8,4,2,24,12
2002/03,Ajax,14,3,8,3,14,13
2002/03,B. Dortmund,12,6,2,4,16,12
2002/03,Deportivo,12,6,1,5,18,20
2002/03,Newcastle,12,5,1,6,16,21
2002/03,Arsenal,12,4,5,3,15,9
2002/03,Basel,12,4,4,4,17,22
2002/03,Roma,12,3,5,4,10,12
2002/03,Leverkusen,12,3,0,9,14,26
2002/03,Lokomotiv Moskva,12,2,2,8,8,17
2002/03,Lyon,6,2,2,2,12,9
2002/03,Liverpool,6,2,2,2,12,8
2002/03,Lens,6,2,2,2,11,11
2002/03,Maccabi Haifa,6,2,1,3,12,12
2002/03,Dynamo Kyiv,6,2,1,3,6,9
2002/03,Auxerre,6,2,1,3,4,7
2002/03,PSV,6,1,3,2,5,8
2002/03,Club Brugge,6,1,2,3,5,7
2002/03,Feyenoord,6,1,2,3,4,8
2002/03,Olympiacos,6,1,1,4,11,17
2002/03,Galatasaray,6,1,1,4,5,10
2002/03,AEK Athens,6,0,6,0,7,7
2002/03,Rosenborg,6,0,4,2,4,12
2002/03,Genk,6,0,4,2,2,9
2002/03,Bayern Munchen,6,0,2,4,9,13
2002/03,Spartak Moskva,6,0,0,6,1,18
2003/04,Porto,13,7,5,1,20,12
2003/04,Monaco,13,6,3,4,27,19
2003/04,Chelsea,12,6,4,2,16,10
2003/04,Deportivo,12,6,2,4,19,17
2003/04,Real Madrid,10,6,3,1,18,11
2003/04,Arsenal,10,5,2,3,16,11
2003/04,Milan,10,5,2,3,12,9
2003/04,Lyon,10,5,2,3,11,11
2003/04,Man Utd,8,5,1,2,15,5
2003/04,Juventus,8,4,1,3,15,8
2003/04,Stuttgart,8,4,1,3,9,7
2003/04,Lokomotiv Moskva,8,3,2,3,9,9
2003/04,Bayern Munchen,8,2,4,2,7,7
2003/04,Celta,8,2,3,3,9,11
2003/04,Real Sociedad,8,2,3,3,8,10
2003/04,Sparta Praha,8,2,3,3,6,9
2003/04,PSV,6,3,1,2,8,7
2003/04,Inter,6,2,2,2,8,11
2003/04,Club Brugge,6,2,2,2,5,6
2003/04,Dynamo Kyiv,6,2,1,3,8,8
2003/04,Celtic,6,2,1,3,8,7
2003/04,Galatasaray,6,2,1,3,6,8
2003/04,Besiktas,6,2,1,3,5,7
2003/04,Anderlecht,6,2,1,3,4,6
2003/04,Ajax,6,2,0,4,6,7
2003/04,Lazio,6,1,2,3,6,10
2003/04,Marseille,6,1,1,4,9,11
2003/04,Olympiacos,6,1,1,4,6,13
2003/04,Panathinaikos,6,1,1,4,5,13
2003/04,Rangers,6,1,1,4,4,10
2003/04,Partizan,6,0,3,3,3,8
2003/04,AEK Athens,6,0,2,4,1,11
2004/05,Milan,13,9,2,2,21,9
2004/05,Liverpool,13,7,4,2,18,9
2004/05,PSV,12,6,3,3,14,12
2004/05,Chelsea,12,6,2,4,21,13
2004/05,Lyon,10,6,3,1,29,12
2004/05,Juventus,10,6,2,2,9,4
2004/05,Inter,10,5,3,2,18,8
2004/05,Bayern Munchen,10,5,1,4,20,13
2004/05,Real Madrid,8,4,2,2,12,10
2004/05,Bremen,8,4,1,3,14,16
2004/05,Barcelona,8,4,1,3,13,11
2004/05,Monaco,8,4,0,4,10,7
2004/05,Arsenal,8,3,4,1,13,9
2004/05,Leverkusen,8,3,2,3,15,13
2004/05,Man Utd,8,3,2,3,14,11
2004/05,Porto,8,2,3,3,6,10
2004/05,Olympiacos,6,3,1,2,5,5
2004/05,Fenerbahce,6,3,0,3,10,13
2004/05,Panathinaikos,6,2,3,1,11,8
2004/05,Valencia,6,2,1,3,6,10
2004/05,CSKA Moskva,6,2,1,3,5,5
2004/05,Dynamo Kyiv,6,2,1,2,9,8
2004/05,Shakhtar,6,2,0,4,5,9
2004/05,Celtic,6,1,2,3,4,10
2004/05,Paris,6,1,2,3,3,8
2004/05,Ajax,6,1,1,4,6,10
2004/05,M. Tel-Aviv,6,1,1,4,4,12
2004/05,Rosenborg,6,0,2,4,6,13
2004/05,Deportivo,6,0,2,4,0,9
2004/05,Sparta Praha,6,0,1,5,2,13
2004/05,Roma,6,0,1,4,4,14
2004/05,Anderlecht,6,0,0,6,4,17
2005/06,Barcelona,13,9,4,0,24,5
2005/06,Arsenal,13,8,4,1,15,4
2005/06,Milan,12,5,5,2,20,10
2005/06,Villarreal,12,3,7,2,8,7
2005/06,Lyon,10,7,2,1,19,7
2005/06,Inter,10,6,2,2,14,8
2005/06,Juventus,10,6,1,3,16,11
2005/06,Benfica,10,4,3,3,8,7
2005/06,Bayern Munchen,8,4,2,2,12,9
2005/06,Ajax,8,3,3,2,12,9
2005/06,Chelsea,8,3,3,2,9,4
2005/06,Liverpool,8,3,3,2,6,4
2005/06,Real Madrid,8,3,2,3,10,9
2005/06,Bremen,8,3,1,4,16,16
2005/06,PSV,8,3,1,4,4,11
2005/06,Rangers,8,1,6,1,10,10
2005/06,Schalke,6,2,2,2,12,9
2005/06,Udinese,6,2,1,3,10,12
2005/06,Club Brugge,6,2,1,3,6,7
2005/06,Real Betis,6,2,1,3,3,7
2005/06,Petrzalka,6,1,3,2,5,9
2005/06,Man Utd,6,1,3,2,3,4
2005/06,Lille,6,1,3,2,1,2
2005/06,Porto,6,1,2,3,8,9
2005/06,Fenerbahce,6,1,1,4,7,14
2005/06,Olympiacos,6,1,1,4,7,13
2005/06,Rosenborg,6,1,1,4,6,11
2005/06,Panathinaikos,6,1,1,4,4,16
2005/06,Thun,6,1,1,4,4,9
2005/06,Anderlecht,6,1,0,5,1,8
2005/06,Sparta Praha,6,0,2,4,2,9
2005/06,SK Rapid,6,0,0,6,3,15
2006/07,Liverpool,13,8,1,4,19,10
2006/07,Milan,13,7,3,3,20,10
2006/07,Man Utd,12,8,0,4,23,13
2006/07,Chelsea,12,7,3,2,17,9
2006/07,Roma,10,5,2,3,13,12
2006/07,Bayern Munchen,10,4,4,2,16,11
2006/07,Valencia,10,4,4,2,16,11
2006/07,PSV,10,4,2,4,8,11
2006/07,Lyon,8,4,3,1,12,5
2006/07,Real Madrid,8,4,2,2,18,12
2006/07,Barcelona,8,4,2,2,14,6
2006/07,Porto,8,3,3,2,11,7
2006/07,Arsenal,8,3,3,2,8,5
2006/07,Inter,8,3,3,2,7,7
2006/07,Celtic,8,3,1,4,8,10
2006/07,Lille,8,2,3,3,8,7
2006/07,Bremen,6,3,1,2,7,5
2006/07,AEK Athens,6,2,2,2,6,9
2006/07,CSKA Moskva,6,2,2,2,4,5
2006/07,Benfica,6,2,1,3,7,8
2006/07,Bordeaux,6,2,1,3,6,7
2006/07,Copenhagen,6,2,1,3,5,8
2006/07,Shakhtar,6,1,3,2,6,11
2006/07,Spartak Moskva,6,1,2,3,7,11
2006/07,FCSB,6,1,2,3,7,11
2006/07,Sporting CP,6,1,2,3,3,6
2006/07,Galatasaray,6,1,1,4,7,12
2006/07,Hamburg,6,1,0,5,7,15
2006/07,Anderlecht,6,0,4,2,7,11
2006/07,Olympiacos,6,0,3,3,6,11
2006/07,Dynamo Kyiv,6,0,2,4,5,16
2006/07,Levski Sofia,6,0,0,6,1,17
2007/08,Man Utd,13,9,4,0,20,6
2007/08,Chelsea,13,6,6,1,20,8
2007/08,Barcelona,12,8,3,1,18,6
2007/08,Liverpool,12,6,3,3,29,12
2007/08,Arsenal,10,5,3,2,19,9
2007/08,Fenerbahce,10,5,2,3,15,14
2007/08,Roma,10,5,2,3,15,11
2007/08,Schalke,10,3,2,5,6,7
2007/08,Sevilla,8,6,0,2,19,12
2007/08,Inter,8,5,0,3,12,7
2007/08,Milan,8,4,2,2,12,7
2007/08,Porto,8,4,2,2,9,8
2007/08,Olympiacos,8,3,3,2,11,10
2007/08,Real Madrid,8,3,2,3,15,13
2007/08,Lyon,8,3,2,3,12,12
2007/08,Celtic,8,3,0,5,7,10
2007/08,Sporting CP,6,2,1,3,9,8
2007/08,Rangers,6,2,1,3,7,9
2007/08,Rosenborg,6,2,1,3,6,10
2007/08,Marseille,6,2,1,3,6,9
2007/08,Benfica,6,2,1,3,5,6
2007/08,PSV,6,2,1,3,3,6
2007/08,Bremen,6,2,0,4,8,13
2007/08,Shakhtar,6,2,0,4,6,11
2007/08,Besiktas,6,2,0,4,4,15
2007/08,Lazio,6,1,2,3,8,11
2007/08,Slavia Praha,6,1,2,3,5,16
2007/08,Valencia,6,1,2,3,2,6
2007/08,Stuttgart,6,1,0,5,7,15
2007/08,CSKA Moskva,6,0,1,5,7,14
2007/08,FCSB,6,0,1,5,4,10
2007/08,Dynamo Kyiv,6,0,0,6,4,19
2008/09,Barcelona,13,7,5,1,32,13
2008/09,Man Utd,13,6,6,1,18,8
2008/09,Chelsea,12,5,6,1,20,13
2008/09,Arsenal,12,5,3,4,17,11
2008/09,Bayern Munchen,10,6,3,1,25,10
2008/09,Liverpool,10,6,3,1,21,12
2008/09,Porto,10,4,3,3,13,13
2008/09,Villarreal,10,3,5,2,13,13
2008/09,Roma,8,5,0,3,13,7
2008/09,Sporting CP,8,4,0,4,9,20
2008/09,Real Madrid,8,4,0,4,9,10
2008/09,Atleti,8,3,5,0,11,6
2008/09,Juventus,8,3,4,1,9,6
2008/09,Lyon,8,3,3,2,17,16
2008/09,Panathinaikos,8,3,2,3,10,10
2008/09,Inter,8,2,3,3,8,9
2008/09,Shakhtar,6,3,0,3,11,7
2008/09,Dynamo Kyiv,6,2,2,2,4,4
2008/09,Bordeaux,6,2,1,3,5,11
2008/09,Bremen,6,1,4,1,7,9
2008/09,AaB,6,1,3,2,9,14
2008/09,Anorthosis,6,1,3,2,8,8
2008/09,Fiorentina,6,1,3,2,5,8
2008/09,Zenit,6,1,2,3,4,7
2008/09,Celtic,6,1,2,3,4,7
2008/09,CFR Cluj,6,1,1,4,5,9
2008/09,Marseille,6,1,1,4,5,7
2008/09,PSV,6,1,0,5,5,14
2008/09,BATE,6,0,3,3,3,8
2008/09,Fenerbahce,6,0,2,4,4,11
2008/09,FCSB,6,0,1,5,3,12
2008/09,Basel,6,0,1,5,2,16
2009/10,Inter,13,8,3,2,17,9
2009/10,Bayern Munchen,13,7,1,5,21,15
2009/10,Barcelona,12,6,4,2,20,10
2009/10,Lyon,12,6,2,4,17,10
2009/10,Bordeaux,10,8,1,1,14,6
2009/10,Man Utd,10,7,1,2,21,12
2009/10,Arsenal,10,5,2,3,21,13
2009/10,CSKA Moskva,10,4,2,4,13,14
2009/10,Fiorentina,8,6,0,2,18,11
2009/10,Porto,8,5,0,3,10,9
2009/10,Real Madrid,8,4,2,2,16,9
2009/10,Sevilla,8,4,2,2,13,7
2009/10,Chelsea,8,4,2,2,12,7
2009/10,Olympiacos,8,3,1,4,5,8
2009/10,Stuttgart,8,2,4,2,10,12
2009/10,Milan,8,2,3,3,10,14
2009/10,Unirea Urziceni,6,2,2,2,8,8
2009/10,Juventus,6,2,2,2,4,7
2009/10,Marseille,6,2,1,3,10,10
2009/10,Wolfsburg,6,2,1,3,9,8
2009/10,Liverpool,6,2,1,3,5,7
2009/10,Rubin,6,1,3,2,4,7
2009/10,Dynamo Kyiv,6,1,2,3,7,9
2009/10,Standard Liege,6,1,2,3,7,9
2009/10,Zurich,6,1,1,4,5,14
2009/10,Besiktas,6,1,1,4,3,8
2009/10,AZ Alkmaar,6,0,4,2,4,8
2009/10,APOEL,6,0,3,3,4,7
2009/10,Atleti,6,0,3,3,3,12
2009/10,Rangers,6,0,2,4,4,13
2009/10,Debrecen,6,0,0,6,5,19
2009/10,Maccabi Haifa,6,0,0,6,0,8
2010/11,Barcelona,13,9,3,1,30,9
2010/11,Man Utd,13,9,3,1,19,7
2010/11,Real Madrid,12,8,3,1,25,6
2010/11,Schalke,12,7,2,3,22,14
2010/11,Shakhtar,10,7,0,3,19,14
2010/11,Chelsea,10,6,1,3,17,7
2010/11,Tottenham,10,4,3,3,19,16
2010/11,Inter,10,4,1,5,18,21
2010/11,Bayern Munchen,8,6,0,2,19,9
2010/11,Arsenal,8,5,0,3,21,11
2010/11,Marseille,8,4,1,3,13,5
2010/11,Valencia,8,3,3,2,17,8
2010/11,Lyon,8,3,2,3,12,14
2010/11,Copenhagen,8,3,2,3,7,7
2010/11,Roma,8,3,1,4,12,17
2010/11,Milan,8,2,3,3,7,8
2010/11,Spartak Moskva,6,3,0,3,7,10
2010/11,Braga,6,3,0,3,5,11
2010/11,Ajax,6,2,1,3,6,10
2010/11,Basel,6,2,0,4,8,11
2010/11,Benfica,6,2,0,4,7,12
2010/11,Twente,6,1,3,2,9,11
2010/11,Rangers,6,1,3,2,3,6
2010/11,Rubin,6,1,3,2,2,4
2010/11,H. Tel-Aviv,6,1,2,3,7,10
2010/11,Bremen,6,1,2,3,6,12
2010/11,CFR Cluj,6,1,1,4,6,12
2010/11,Auxerre,6,1,0,5,3,12
2010/11,Panathinaikos,6,0,2,4,2,13
2010/11,Bursaspor,6,0,1,5,2,16
2010/11,Zilina,6,0,0,6,3,19
2010/11,Partizan,6,0,0,6,2,13
2011/12,Bayern Munchen,13,8,2,3,26,11
2011/12,Chelsea,13,7,4,2,25,12
2011/12,Real Madrid,12,10,1,1,35,9
2011/12,Barcelona,12,8,3,1,35,10
2011/12,Benfica,10,4,3,3,13,10
2011/12,Marseille,10,4,1,5,9,10
2011/12,Milan,10,3,4,3,16,14
2011/12,APOEL,10,3,3,4,9,15
2011/12,Napoli,8,4,2,2,14,11
2011/12,Basel,8,4,2,2,12,17
2011/12,Arsenal,8,4,2,2,10,10
2011/12,Inter,8,4,1,3,10,9
2011/12,Zenit,8,3,3,2,10,9
2011/12,Lyon,8,3,2,3,10,8
2011/12,Leverkusen,8,3,1,4,10,18
2011/12,CSKA Moskva,8,2,3,3,11,13
2011/12,Man City,6,3,1,2,9,6
2011/12,Olympiacos,6,3,0,3,8,6
2011/12,Man Utd,6,2,3,1,11,8
2011/12,Valencia,6,2,2,2,12,7
2011/12,Porto,6,2,2,2,7,7
2011/12,Ajax,6,2,2,2,6,6
2011/12,Trabzonspor,6,1,4,1,3,5
2011/12,Lille,6,1,3,2,6,6
2011/12,Shakhtar,6,1,2,3,6,8
2011/12,Viktoria Plzen,6,1,2,3,4,11
2011/12,B. Dortmund,6,1,1,4,6,12
2011/12,Genk,6,0,3,3,2,16
2011/12,BATE,6,0,2,4,2,14
2011/12,GNK Dinamo,6,0,0,6,3,22
2011/12,Otelul,6,0,0,6,3,11
2011/12,Villarreal,6,0,0,6,2,14
2012/13,Bayern Munchen,13,10,1,2,31,11
2012/13,B. Dortmund,13,7,4,2,24,14
2012/13,Real Madrid,12,6,3,3,26,18
2012/13,Barcelona,12,5,3,4,18,17
2012/13,Paris,10,6,3,1,20,8
2012/13,Juventus,10,5,3,2,17,8
2012/13,Galatasaray,10,5,2,3,14,14
2012/13,Malaga,10,4,4,2,16,9
2012/13,Porto,8,5,1,2,11,6
2012/13,Valencia,8,4,2,2,14,8
2012/13,Arsenal,8,4,1,3,13,11
2012/13,Man Utd,8,4,1,3,11,9
2012/13,Schalke,8,3,4,1,13,10
2012/13,Shakhtar,8,3,2,3,14,13
2012/13,Milan,8,3,2,3,9,10
2012/13,Celtic,8,3,1,4,9,13
2012/13,Chelsea,6,3,1,2,16,10
2012/13,CFR Cluj,6,3,1,2,9,7
2012/13,Olympiacos,6,3,0,3,9,9
2012/13,Benfica,6,2,2,2,5,5
2012/13,Zenit,6,2,1,3,6,9
2012/13,BATE,6,2,0,4,9,15
2012/13,Dynamo Kyiv,6,1,2,3,6,10
2012/13,Anderlecht,6,1,2,3,4,9
2012/13,Ajax,6,1,1,4,8,16
2012/13,Spartak Moskva,6,1,0,5,7,14
2012/13,Braga,6,1,0,5,7,13
2012/13,Lille,6,1,0,5,4,13
2012/13,Man City,6,0,3,3,7,11
2012/13,Montpellier,6,0,2,4,6,12
2012/13,Nordsjlland,6,0,1,5,4,22
2012/13,GNK Dinamo,6,0,1,5,1,14
2013/14,Real Madrid,13,11,1,1,41,10
2013/14,Atleti,13,9,3,1,26,10
2013/14,Bayern Munchen,12,7,2,3,24,13
2013/14,Chelsea,12,6,2,4,19,10
2013/14,Paris,10,7,1,2,25,9
2013/14,Barcelona,10,6,2,2,21,8
2013/14,B. Dortmund,10,6,0,4,18,13
2013/14,Man Utd,10,5,3,2,17,9
2013/14,Man City,8,5,0,3,19,14
2013/14,Olympiacos,8,4,1,3,12,11
2013/14,Arsenal,8,4,1,3,9,8
2013/14,Leverkusen,8,3,1,4,10,16
2013/14,Schalke,8,3,1,4,8,15
2013/14,Zenit,8,2,3,3,9,14
2013/14,Milan,8,2,3,3,9,10
2013/14,Galatasaray,8,2,2,4,9,17
2013/14,Napoli,6,4,0,2,10,9
2013/14,Benfica,6,3,1,2,8,8
2013/14,Shakhtar,6,2,2,2,7,6
2013/14,Ajax,6,2,2,2,5,8
2013/14,Basel,6,2,2,2,5,6
2013/14,Juventus,6,1,3,2,9,9
2013/14,Austria Wien,6,1,2,3,5,10
2013/14,Porto,6,1,2,3,4,7
2013/14,Copenhagen,6,1,1,4,4,13
2013/14,CSKA Moskva,6,1,0,5,8,17
2013/14,Viktoria Plzen,6,1,0,5,6,17
2013/14,Celtic,6,1,0,5,3,14
2013/14,FCSB,6,0,3,3,2,10
2013/14,Anderlecht,6,0,1,5,4,17
2013/14,Real Sociedad,6,0,1,5,1,10
2013/14,Marseille,6,0,0,6,5,14
2014/15,Barcelona,13,11,0,2,31,11
2014/15,Juventus,13,7,3,3,17,10
2014/15,Real Madrid,12,8,2,2,24,9
2014/15,Bayern Munchen,12,8,1,3,33,13
2014/15,Porto,10,6,3,1,25,12
2014/15,Atleti,10,5,2,3,15,5
2014/15,Paris,10,4,3,3,14,15
2014/15,Monaco,10,4,3,3,7,5
2014/15,Arsenal,8,5,1,2,18,11
2014/15,Chelsea,8,4,4,0,20,6
2014/15,B. Dortmund,8,4,1,3,15,9
2014/15,Leverkusen,8,4,1,3,8,5
2014/15,Schalke,8,3,2,3,13,19
2014/15,Shakhtar,8,2,4,2,15,11
2014/15,Man City,8,2,2,4,10,11
2014/15,Basel,8,2,2,4,8,13
2014/15,Olympiacos,6,3,0,3,10,13
2014/15,Sporting CP,6,2,1,3,12,12
2014/15,Athletic Club,6,2,1,3,5,6
2014/15,Zenit,6,2,1,3,4,6
2014/15,Anderlecht,6,1,3,2,8,10
2014/15,Roma,6,1,2,3,8,14
2014/15,Ajax,6,1,2,3,8,10
2014/15,CSKA Moskva,6,1,2,3,6,13
2014/15,Liverpool,6,1,2,3,5,9
2014/15,Benfica,6,1,2,3,2,6
2014/15,Ludogorets,6,1,1,4,5,14
2014/15,Malmo,6,1,0,5,4,15
2014/15,BATE,6,1,0,5,2,24
2014/15,Maribor,6,0,3,3,4,13
2014/15,Galatasaray,6,0,1,5,4,19
2014/15,APOEL,6,0,1,5,1,12
2015/16,Real Madrid,13,9,3,1,28,6
2015/16,Atleti,13,6,4,3,17,8
2015/16,Bayern Munchen,12,8,2,2,30,11
2015/16,Man City,12,6,3,3,18,12
2015/16,Barcelona,10,7,2,1,22,8
2015/16,Wolfsburg,10,7,0,3,15,11
2015/16,Paris,10,6,2,2,18,6
2015/16,Benfica,10,5,2,3,15,12
2015/16,Zenit,8,5,0,3,14,9
2015/16,Chelsea,8,4,1,3,15,7
2015/16,Juventus,8,3,3,2,10,9
2015/16,Dynamo Kyiv,8,3,3,2,9,7
2015/16,PSV,8,3,3,2,8,7
2015/16,Gent,8,3,1,4,10,11
2015/16,Arsenal,8,3,0,5,13,15
2015/16,Roma,8,1,3,4,11,20
2015/16,Porto,6,3,1,2,9,8
2015/16,Olympiacos,6,3,0,3,6,13
2015/16,Man Utd,6,2,2,2,7,7
2015/16,Sevilla,6,2,0,4,8,11
2015/16,Valencia,6,2,0,4,5,9
2015/16,Leverkusen,6,1,3,2,13,12
2015/16,Monchengladbach,6,1,2,3,8,12
2015/16,Galatasaray,6,1,2,3,6,10
2015/16,BATE,6,1,2,3,5,12
2015/16,Lyon,6,1,1,4,5,9
2015/16,CSKA Moskva,6,1,1,4,5,9
2015/16,Shakhtar,6,1,0,5,7,14
2015/16,GNK Dinamo,6,1,0,5,3,14
2015/16,Malmo,6,1,0,5,1,21
2015/16,Astana,6,0,4,2,5,11
2015/16,M. Tel-Aviv,6,0,0,6,1,16
2016/17,Real Madrid,13,9,3,1,36,18
2016/17,Juventus,13,9,3,1,22,7
2016/17,Atleti,12,8,2,2,15,9
2016/17,Monaco,12,6,2,4,22,20
2016/17,Barcelona,10,6,1,3,26,12
2016/17,Bayern Munchen,10,6,0,4,27,14
2016/17,B. Dortmund,10,5,2,3,28,16
2016/17,Leicester,10,5,2,3,11,10
2016/17,Paris,8,4,3,1,18,13
2016/17,Arsenal,8,4,2,2,20,16
2016/17,Sevilla,8,4,2,2,9,6
2016/17,Man City,8,3,3,2,18,16
2016/17,Napoli,8,3,2,3,13,14
2016/17,Benfica,8,3,2,3,11,14
2016/17,Porto,8,3,2,3,9,6
2016/17,Leverkusen,8,2,5,1,10,8
2016/17,Copenhagen,6,2,3,1,7,2
2016/17,Lyon,6,2,2,2,5,3
2016/17,Tottenham,6,2,1,3,6,6
2016/17,Besiktas,6,1,4,1,9,14
2016/17,Dynamo Kyiv,6,1,2,3,8,6
2016/17,Rostov,6,1,2,3,6,12
2016/17,Monchengladbach,6,1,2,3,5,12
2016/17,Legia Warszawa,6,1,1,4,9,24
2016/17,Sporting CP,6,1,0,5,5,8
2016/17,Ludogorets,6,0,3,3,6,15
2016/17,Celtic,6,0,3,3,5,16
2016/17,CSKA Moskva,6,0,3,3,5,11
2016/17,PSV,6,0,2,4,4,11
2016/17,Basel,6,0,2,4,3,12
2016/17,Club Brugge,6,0,0,6,2,14
2016/17,GNK Dinamo,6,0,0,6,0,15
2017/18,Real Madrid,13,9,2,2,33,16
2017/18,Liverpool,13,7,4,2,41,16
2017/18,Bayern Munchen,12,8,2,2,26,12
2017/18,Roma,12,6,2,4,21,19
2017/18,Barcelona,10,6,3,1,17,6
2017/18,Man City,10,6,0,4,20,12
2017/18,Juventus,10,5,3,2,14,12
2017/18,Sevilla,10,3,5,2,15,15
2017/18,Tottenham,8,5,2,1,18,8
2017/18,Man Utd,8,5,1,2,13,5
2017/18,Paris,8,5,0,3,27,9
2017/18,Basel,8,5,0,3,13,10
2017/18,Shakhtar,8,5,0,3,11,11
2017/18,Besiktas,8,4,2,2,12,13
2017/18,Chelsea,8,3,3,2,17,12
2017/18,Porto,8,3,2,3,15,15
2017/18,CSKA Moskva,6,3,0,3,8,10
2017/18,Leipzig,6,2,1,3,10,11
2017/18,Sporting CP,6,2,1,3,8,9
2017/18,Napoli,6,2,0,4,11,11
2017/18,Atleti,6,1,4,1,5,4
2017/18,Spartak Moskva,6,1,3,2,9,13
2017/18,Celtic,6,1,0,5,5,18
2017/18,Feyenoord,6,1,0,5,5,14
2017/18,Anderlecht,6,1,0,5,2,17
2017/18,Maribor,6,0,3,3,3,16
2017/18,B. Dortmund,6,0,2,4,7,13
2017/18,Monaco,6,0,2,4,6,16
2017/18,APOEL,6,0,2,4,2,17
2017/18,Qarabag,6,0,2,4,2,14
2017/18,Olympiacos,6,0,1,5,4,13
2017/18,Benfica,6,0,0,6,1,14
2018/19,Liverpool,13,8,1,4,24,12
2018/19,Tottenham,13,6,2,5,20,19
2018/19,Barcelona,12,8,3,1,26,10
2018/19,Ajax,12,6,4,2,22,13
2018/19,Man City,10,7,1,2,30,12
2018/19,Porto,10,6,1,3,20,14
2018/19,Juventus,10,5,1,4,14,9
2018/19,Man Utd,10,4,1,5,10,11
2018/19,Atleti,8,5,1,2,11,9
2018/19,Real Madrid,8,5,0,3,15,10
2018/19,Bayern Munchen,8,4,3,1,16,8
2018/19,Paris,8,4,2,2,20,12
2018/19,B. Dortmund,8,4,1,3,10,6
2018/19,Roma,8,4,0,4,14,12
2018/19,Schalke,8,3,2,3,8,14
2018/19,Lyon,8,1,6,1,13,16
2018/19,Napoli,6,2,3,1,7,4
2018/19,Inter,6,2,2,2,6,7
2018/19,Valencia,6,2,2,2,6,6
2018/19,CSKA Moskva,6,2,1,3,8,9
2018/19,Viktoria Plzen,6,2,1,3,7,16
2018/19,Benfica,6,2,1,3,6,11
2018/19,Shakhtar,6,1,3,2,8,16
2018/19,Club Brugge,6,1,3,2,6,5
2018/19,Crvena Zvezda,6,1,1,4,5,17
2018/19,Galatasaray,6,1,1,4,5,8
2018/19,Young Boys,6,1,1,4,4,12
2018/19,Lokomotiv Moskva,6,1,0,5,4,12
2018/19,Hoffenheim,6,0,3,3,11,14
2018/19,PSV,6,0,2,4,6,13
2018/19,Monaco,6,0,1,5,2,14
2018/19,AEK Athens,6,0,0,6,2,13
2019/20,Bayern Munchen,11,11,0,0,43,8
2019/20,Paris,11,8,1,2,25,6
2019/20,Leipzig,10,6,2,2,16,12
2019/20,Lyon,10,4,2,4,14,14
2019/20,Man City,9,6,2,1,21,9
2019/20,Barcelona,9,5,3,1,15,14
2019/20,Atleti,9,5,1,3,13,9
2019/20,Atalanta,9,4,1,4,17,18
2019/20,Juventus,8,6,1,1,14,6
2019/20,Liverpool,8,4,1,3,15,12
2019/20,B. Dortmund,8,4,1,3,10,11
2019/20,Napoli,8,3,4,1,13,8
2019/20,Real Madrid,8,3,2,3,16,12
2019/20,Valencia,8,3,2,3,13,15
2019/20,Chelsea,8,3,2,3,12,16
2019/20,Tottenham,8,3,1,4,18,18
2019/20,Ajax,6,3,1,2,12,6
2019/20,Salzburg,6,2,1,3,16,13
2019/20,Benfica,6,2,1,3,10,11
2019/20,Inter,6,2,1,3,10,9
2019/20,Zenit,6,2,1,3,7,9
2019/20,Leverkusen,6,2,0,4,5,9
2019/20,Shakhtar,6,1,3,2,8,13
2019/20,GNK Dinamo,6,1,2,3,10,13
2019/20,Olympiacos,6,1,1,4,8,14
2019/20,Lokomotiv Moskva,6,1,0,5,4,11
2019/20,Crvena Zvezda,6,1,0,5,3,20
2019/20,Club Brugge,6,0,3,3,4,12
2019/20,Slavia Praha,6,0,2,4,4,10
2019/20,Galatasaray,6,0,2,4,1,14
2019/20,Genk,6,0,1,5,5,20
2019/20,Lille,6,0,1,5,4,14
2020/21,Man City,13,11,1,1,25,5
2020/21,Chelsea,13,9,3,1,23,4
2020/21,Real Madrid,12,6,3,3,19,14
2020/21,Paris,12,6,1,5,22,15
2020/21,Bayern Munchen,10,8,1,1,27,10
2020/21,Liverpool,10,6,2,2,15,6
2020/21,Porto,10,6,1,3,15,9
2020/21,B. Dortmund,10,5,2,3,19,13
2020/21,Juventus,8,6,0,2,18,8
2020/21,Barcelona,8,5,1,2,18,10
2020/21,Sevilla,8,4,2,2,13,13
2020/21,Leipzig,8,4,0,4,11,16
2020/21,Atalanta,8,3,2,3,11,12
2020/21,Lazio,8,2,4,2,13,13
2020/21,Atleti,8,2,3,3,7,11
2020/21,Monchengladbach,8,2,2,4,16,13
2020/21,Man Utd,6,3,0,3,15,10
2020/21,Club Brugge,6,2,2,2,8,10
2020/21,Shakhtar,6,2,2,2,5,12
2020/21,Ajax,6,2,1,3,7,7
2020/21,Inter,6,1,3,2,7,9
2020/21,Krasnodar,6,1,2,3,6,11
2020/21,Salzburg,6,1,1,4,10,17
2020/21,Dynamo Kyiv,6,1,1,4,4,13
2020/21,Basaksehir,6,1,0,5,7,18
2020/21,Marseille,6,1,0,5,2,13
2020/21,Olympiacos,6,1,0,5,2,10
2020/21,Lokomotiv Moskva,6,0,3,3,5,10
2020/21,Midtjylland,6,0,2,4,4,13
2020/21,Ferencvaros,6,0,1,5,5,17
2020/21,Zenit,6,0,1,5,4,13
2020/21,Rennes,6,0,1,5,3,11
2021/22,Liverpool,13,10,1,2,30,14
2021/22,Real Madrid,13,9,0,4,29,14
2021/22,Man City,12,7,2,3,29,16
2021/22,Villarreal,12,5,3,4,20,16
2021/22,Bayern Munchen,10,7,2,1,31,7
2021/22,Chelsea,10,7,1,2,21,10
2021/22,Benfica,10,3,4,3,14,17
2021/22,Atleti,10,3,3,4,9,10
2021/22,Ajax,8,6,1,1,22,8
2021/22,Juventus,8,5,1,2,11,10
2021/22,Paris,8,4,2,2,15,11
2021/22,Inter,8,4,1,3,9,7
2021/22,Man Utd,8,3,3,2,12,10
2021/22,Salzburg,8,3,2,3,10,14
2021/22,Lille,8,3,2,3,8,8
2021/22,Sporting CP,8,3,1,4,14,17
2021/22,B. Dortmund,6,3,0,3,10,11
2021/22,Leipzig,6,2,1,3,15,14
2021/22,Sheriff,6,2,1,3,7,11
2021/22,Barcelona,6,2,1,3,2,9
2021/22,Atalanta,6,1,3,2,12,13
2021/22,Sevilla,6,1,3,2,5,5
2021/22,Zenit,6,1,2,3,10,10
2021/22,Young Boys,6,1,2,3,7,12
2021/22,Wolfsburg,6,1,2,3,5,10
2021/22,Porto,6,1,2,3,4,11
2021/22,Club Brugge,6,1,1,4,6,20
2021/22,Milan,6,1,1,4,6,9
2021/22,Shakhtar,6,0,2,4,2,12
2021/22,Malmo,6,0,1,5,1,14
2021/22,Dynamo Kyiv,6,0,1,5,1,11
2021/22,Besiktas,6,0,0,6,3,19
2022/23,Man City,13,8,5,0,32,5
2022/23,Inter,13,7,3,3,19,11
2022/23,Real Madrid,12,8,2,2,26,13
2022/23,Milan,12,5,3,4,15,11
2022/23,Bayern Munchen,10,8,1,1,22,6
2022/23,Napoli,10,7,1,2,26,8
2022/23,Benfica,10,6,3,1,26,13
2022/23,Chelsea,10,5,1,4,12,9
2022/23,Liverpool,8,5,0,3,19,12
2022/23,Paris,8,4,2,2,16,10
2022/23,Leipzig,8,4,1,3,14,17
2022/23,Porto,8,4,1,3,12,8
2022/23,B. Dortmund,8,3,3,2,11,7
2022/23,Tottenham,8,3,3,2,8,7
2022/23,Club Brugge,8,3,2,3,8,11
2022/23,Frankfurt,8,3,1,4,7,13
2022/23,Barcelona,6,2,1,3,12,12
2022/23,Sporting CP,6,2,1,3,8,9
2022/23,Ajax,6,2,0,4,11,16
2022/23,Marseille,6,2,0,4,8,8
2022/23,Shakhtar,6,1,3,2,8,10
2022/23,Salzburg,6,1,3,2,5,9
2022/23,Sevilla,6,1,2,3,6,12
2022/23,Atleti,6,1,2,3,5,9
2022/23,Leverkusen,6,1,2,3,4,8
2022/23,GNK Dinamo,6,1,1,4,4,11
2022/23,Juventus,6,1,0,5,9,13
2022/23,Maccabi Haifa,6,1,0,5,7,21
2022/23,Copenhagen,6,0,3,3,1,12
2022/23,Celtic,6,0,2,4,4,15
2022/23,Viktoria Plzen,6,0,0,6,5,24
2022/23,Rangers,6,0,0,6,2,22
2023/24,Real Madrid,13,9,4,0,28,15
2023/24,B. Dortmund,13,7,3,3,17,11
2023/24,Bayern Munchen,12,7,3,2,21,13
2023/24,Paris,12,5,2,5,19,15
2023/24,Man City,10,8,2,0,28,13
2023/24,Atleti,10,6,2,2,23,13
2023/24,Barcelona,10,6,1,3,20,14
2023/24,Arsenal,10,5,2,3,19,8
2023/24,Porto,8,5,0,3,16,9
2023/24,Inter,8,4,3,1,10,7
2023/24,Leipzig,8,4,1,3,14,12
2023/24,Lazio,8,4,1,3,8,10
2023/24,Real Sociedad,8,3,3,2,8,6
2023/24,Napoli,8,3,2,3,12,13
2023/24,PSV,8,2,4,2,9,13
2023/24,Copenhagen,8,2,2,4,10,14
2023/24,Shakhtar,6,3,0,3,10,12
2023/24,Lens,6,2,2,2,6,11
2023/24,Milan,6,2,2,2,5,8
2023/24,Feyenoord,6,2,0,4,9,10
2023/24,Galatasaray,6,1,2,3,10,13
2023/24,Newcastle,6,1,2,3,6,7
2023/24,Man Utd,6,1,1,4,12,15
2023/24,Young Boys,6,1,1,4,7,13
2023/24,Benfica,6,1,1,4,7,11
2023/24,Braga,6,1,1,4,6,12
2023/24,Celtic,6,1,1,4,5,15
2023/24,Salzburg,6,1,1,4,4,8
2023/24,Antwerp,6,1,0,5,6,17
2023/24,Sevilla,6,0,2,4,7,12
2023/24,Union Berlin,6,0,2,4,6,10
2023/24,Crvena Zvezda,6,0,1,5,7,15
2024/25,Paris,17,11,1,5,38,15
2024/25,Inter,15,10,3,2,26,16
2024/25,Barcelona,14,9,2,3,43,24
2024/25,Arsenal,14,9,2,3,31,10
2024/25,B. Dortmund,14,8,2,4,31,19
2024/25,Bayern Munchen,14,8,2,4,31,18
2024/25,Real Madrid,14,8,0,6,29,22
2024/25,Aston Villa,12,8,1,3,23,12
2024/25,PSV,12,5,3,4,23,24
2024/25,Feyenoord,12,5,2,5,21,26
2024/25,Benfica,12,5,2,5,21,19
2024/25,Club Brugge,12,5,2,5,13,19
2024/25,Liverpool,10,8,0,2,18,6
2024/25,Atleti,10,7,0,3,22,14
2024/25,Lille,10,5,2,3,19,13
2024/25,Milan,10,5,1,4,15,13
2024/25,Leverkusen,10,5,1,4,15,12
2024/25,Atalanta,10,4,3,3,22,11
2024/25,Juventus,10,4,3,3,12,11
2024/25,Monaco,10,4,2,4,16,17
2024/25,Brest,10,4,1,5,10,21
2024/25,Celtic,10,3,4,3,15,17
2024/25,Sporting CP,10,3,3,4,13,15
2024/25,Man City,10,3,2,5,21,20
2024/25,GNK Dinamo,8,3,2,3,12,19
2024/25,Stuttgart,8,3,1,4,13,17
2024/25,Shakhtar,8,2,1,5,8,16
2024/25,Crvena Zvezda,8,2,0,6,13,22
2024/25,Sturm Graz,8,2,0,6,5,14
2024/25,Bologna,8,1,3,4,4,9
2024/25,Sparta Praha,8,1,1,6,7,21
2024/25,Leipzig,8,1,0,7,8,15
2024/25,Salzburg,8,1,0,7,5,27
2024/25,Girona,8,1,0,7,5,13
2024/25,S. Bratislava,8,0,0,8,7,27
2024/25,Young Boys,8,0,0,8,3,24
2025/26,Paris,17,10,5,2,45,23
2025/26,Atleti,16,7,3,6,35,28
2025/26,Arsenal,15,11,4,0,30,7
2025/26,Bayern Munchen,14,11,1,2,43,20
2025/26,Real Madrid,14,9,0,5,33,20
2025/26,Barcelona,12,7,2,3,32,20
2025/26,Liverpool,12,7,0,5,24,13
2025/26,Newcastle,12,6,3,3,29,18
2025/26,Sporting CP,12,6,2,4,22,15
2025/26,Bod/Glimt,12,5,3,4,22,22
2025/26,Galatasaray,12,5,1,6,17,20
2025/26,Atalanta,12,5,1,6,16,23
2025/26,Leverkusen,12,4,5,3,16,17
2025/26,Tottenham,10,6,2,2,22,14
2025/26,Chelsea,10,5,1,4,19,18
2025/26,Man City,10,5,1,4,16,14
2025/26,Inter,10,5,0,5,17,12
2025/26,Juventus,10,4,4,2,19,17
2025/26,B. Dortmund,10,4,2,4,22,21
2025/26,Olympiacos,10,3,3,4,10,16
2025/26,Club Brugge,10,3,2,5,19,24
2025/26,Qarabag,10,3,1,6,16,30
2025/26,Benfica,10,3,0,7,11,15
2025/26,Monaco,10,2,5,3,12,19
2025/26,Marseille,8,3,0,5,11,14
2025/26,Union SG,8,3,0,5,8,17
2025/26,Pafos,8,2,3,3,8,11
2025/26,PSV,8,2,2,4,16,16
2025/26,Copenhagen,8,2,2,4,12,21
2025/26,Napoli,8,2,2,4,9,15
2025/26,Athletic Club,8,2,2,4,9,14
2025/26,Ajax,8,2,0,6,8,21
2025/26,Frankfurt,8,1,1,6,10,21
2025/26,Slavia Praha,8,0,3,5,5,19
2025/26,Kairat Almaty,8,0,1,7,7,22
2025/26,Villarreal,8,0,1,7,5,18
