season,club,player,apps,goals,sources_agree,note
1992/93,Aston Villa,Garry Parker,37,8,partial,Goals: StatMuse 9 and Wikipedia 1992-93 Aston Villa season 9 vs 11v11 club page and player page (https://www.11v11.com/players/garry-parker-243/) 8. Match level: 11v11 v Norwich 28 Nov 1992 gives Villa goals to Houghton and Saunders (StatMuse: Parker and Houghton); 11v11 v Sheffield Utd 27 Jan 1993 lists a Chris Kamara own goal that StatMuse credits to Saunders. Used 11v11 8 because 11v11 match pages give goal-by-goal detail and StatMuse 1992-93 own-goal data is missing; both versions balance to 57. Position: footballsquads has no 1992-93 pages; position taken from footballsquads-based rows for other seasons.
1992/93,Blackburn,Alan Wright,24,0,partial,"Apps: StatMuse 25 vs 11v11 club page and player page (https://www.11v11.com/players/alan-wright-34/) 24 starts + 0 subs. 11v11 match page Blackburn v Arsenal 18 Aug 1992 lists Dobson, not Wright, in the XI with no subs used; StatMuse has Wright (90 min) and not Dobson in that game. 11v11 used; no third source found. Position: footballsquads has no 1992-93 pages; position taken from footballsquads-based rows for other seasons."
1992/93,Blackburn,Tony Dobson,19,0,partial,"Apps: StatMuse 18 vs 11v11 club page and player page (https://www.11v11.com/players/tony-dobson-4531/) 15 starts + 4 subs = 19. Difference is the 18 Aug 1992 v Arsenal game (11v11 match page lists Dobson in the XI, StatMuse lists Wright). 11v11 used; no third source found. Position: footballsquads has no 1992-93 pages and player not in other seasons; position from 11v11 club page."
1992/93,Middlesbrough,Paul Wilkinson,41,14,partial,Goals: StatMuse 13 vs 11v11 15. Match level: v Spurs 17 Oct 1992 11v11 match page and Wikipedia season results credit Wilkinson (StatMuse: Ruddock og); v Arsenal 19 Dec 1992 StatMuse and Wikipedia give Seaman og (11v11: Wilkinson) -> 14. Apps 41 both; position/nationality reused from other-season files (no footballsquads 1992-93)
1992/93,Norwich,David Phillips,42,9,no,"Goals: StatMuse 9 vs 11v11 10. Dispute is Norwich 1-0 Oldham 13 Mar 1993: 11v11 match page credits Phillips, StatMuse has Nick Henry og. No third source found (Wikipedia season page gives no scorer); StatMuse kept. Apps 42 both; position/nationality reused from other-season files (no footballsquads 1992-93)"
1992/93,Sheffield Wed,Trevor Francis,5,0,partial,StatMuse 4 apps; 11v11 club page (https://www.11v11.com/teams/sheffield-wednesday/tab/players/season/1993/comp/1/) 1 start + 4 subs = 5 and 11v11 player page https://www.11v11.com/players/trevor-francis-34856/ also 1+4 = 5; Wikipedia season page has no appearance table; used 11v11 5 (player-manager); goals 0 in both
1993/94,Ipswich,Bontcho Guentchev,23,2,partial,"Apps disagree: StatMuse (all three queries) 24 apps; 11v11 club page 9+14=23 and 11v11 player page (https://www.11v11.com/players/bontcho-genchev-25648/) 9 apps + 14 subs = 23. Wikipedia season and player pages give no 1993-94 split. 23 used (11v11, consistent with StatMuse counting an unused booked sub); not confirmed match by match. Goals 2 agree in both sources. StatMuse spells him Boncho Genchev."
1993/94,West Ham,Lee Chapman,30,7,no,"Goals disputed: StatMuse 7; 11v11 club and player page (https://www.11v11.com/players/lee-chapman-31954/) 8, Wikipedia squad table 8. The difference is the 89th-minute goal v Southampton 7 May 1994 (3-3): 11v11 match page credits Chapman, StatMuse own-goal query and Wikipedia match row credit Ken Monkou own goal. Used 7 with og_for 1 (own goal supported by 2 sources). Apps 30 (26+4) agree in all sources"
1995/96,Blackburn,Tim Sherwood,33,3,partial,"StatMuse 33 apps 3 goals; 11v11 club and player page (https://www.11v11.com/players/tim-sherwood-518/) 33 apps 4 goals. Wikipedia 1995-96 Blackburn season page gives Sherwood 3 and an Alan Kimble own goal at Wimbledon 23 Dec 1995, matching StatMuse own-goal query; 11v11 appears to credit that goal to Sherwood. Used 3 (StatMuse + Wikipedia agree on goals; apps agree in StatMuse and 11v11)."
1995/96,Nottingham Forest,Bobby Howe,9,2,partial,"apps: 11v11 club page and player page 4+5=9; StatMuse 8 (its game log omits 17 Apr 1996 v Coventry, where the 11v11 match page https://www.11v11.com/matches/nottingham-forest-v-coventry-city-17-april-1996-22528/ shows Howe on for Campbell at 46 min). Used 9; Wikipedia season page gives no apps for him; goals 2 agree (Wikipedia scorers list also shows 2)"
1995/96,Sheffield Wed,Ritchie Humphreys,5,0,no,"apps: StatMuse 4 (game log omits Bolton v Wednesday 23 Mar 1996); 11v11 club page 1+4=5, player page lists 5 PL matches and match page https://www.11v11.com/matches/bolton-wanderers-v-sheffield-wednesday-23-march-1996-22479/ has him starting (off 63 min for Waddle). Used 5 (11v11 tie-breaker); no independent third source found; 11v11 spells Richie"
1996/97,Blackburn,Georgios Donis,22,2,no,StatMuse 21 apps; 11v11 club page 11 starts + 11 subs = 22 and 11v11 player page (https://www.11v11.com/players/george-donis-1145/) lists 22 PL matches; used 22 (11v11). Goals 2 agree; 11v11 lists as George Donis; footballsquads Giorgos Donis
1996/97,Blackburn,Nicky Marker,7,0,no,StatMuse 6 apps; 11v11 club page 5 starts + 2 subs = 7 and 11v11 player page (https://www.11v11.com/players/nicky-marker-18230/) lists 7 PL matches; used 7 (11v11)
1996/97,Chelsea,Ruud Gullit,12,1,partial,"Apps 12 agree. Goals: StatMuse 0, 11v11 1; Wikipedia 1996-97 Chelsea season page credits Gullit with a goal v Spurs 26 Oct 1996; used 1 (club total balances)"
1996/97,Newcastle,Warren Barton,18,1,no,"apps unresolved: 11v11 club page and player page 14+4=18; StatMuse 16 (game log lists 14 starts + 2 subs); Wikipedia summary 14(3)=17. Used 11v11 (designated tie-breaker); goals 1 agree. 11v11 match pages checked (Barton absent): 17 Aug, 21 Aug, 24 Aug, 26 Oct, 16 Nov, 23 Nov 1996"
1996/97,Nottingham Forest,Steve Guinan,2,0,partial,"StatMuse 1, 11v11 club page and player page 0+2=2. Used 11v11 (tie-breaker); not independently confirmed by a third source"
1996/97,West Ham,Keith Rowland,15,1,partial,Apps disputed: 11v11 club page and 11v11 player page (https://www.11v11.com/players/keith-rowland-4126/) 11+4=15; StatMuse 14 and Wikipedia season page 11+3=14. Used 11v11 per spec tie-break rule; unverified at match level. Goals 1 agreed
1996/97,West Ham,Tim Breacker,26,0,partial,Apps disputed: 11v11 club page and 11v11 player page (https://www.11v11.com/players/tim-breacker-4100/) 22+4=26; StatMuse 25 and Wikipedia season page 22+3=25. Used 11v11 per spec tie-break rule; unverified at match level. Goals 0 agreed
1996/97,Wimbledon,Mick Harford,13,1,partial,Apps disputed: 11v11 club page and 11v11 player page (https://www.11v11.com/players/mick-harford-37518/) 3+10=13; StatMuse 12 and Wikipedia season page 3+9=12. Used 11v11 per spec tie-break rule; unverified at match level. Goals agreed
1996/97,Wimbledon,Neal Ardley,34,2,partial,Apps disputed: 11v11 club page and 11v11 player page (https://www.11v11.com/players/neal-ardley-606/) 33+1=34; StatMuse 33 and Wikipedia season page 33+0=33. Used 11v11 per spec tie-break rule; unverified at match level. Goals agreed
1996/97,Wimbledon,Paul Heald,2,0,partial,Apps disputed: 11v11 club page and 11v11 player page (https://www.11v11.com/players/paul-heald-608/) 2+0=2; StatMuse 3 and Wikipedia season page 2+1=3. Used 11v11 per spec tie-break rule (StatMuse can count an unused booked sub); unverified at match level
1996/97,Wimbledon,Peter Fear,18,0,partial,Apps disputed: 11v11 club page and 11v11 player page (https://www.11v11.com/players/peter-fear-1217/) 9+9=18; StatMuse 17 and Wikipedia season page 9+8=17. Used 11v11 per spec tie-break rule; unverified at match level. Goals agreed
1997/98,Blackburn,Tim Flowers,25,0,partial,"StatMuse (all three queries) 26 apps; 11v11 club page 24+1=25 and 11v11 player page (https://www.11v11.com/players/tim-flowers-262/) 24 apps + 1 sub = 25. GK starts on 11v11 (Flowers 24, Fettis 7, Filan 7) total 38. Kept 25 per 11v11 tie-breaker; extra StatMuse match not identified"
1997/98,Sheffield Wed,Adem Poric,4,0,partial,"StatMuse 3 apps vs 11v11 club page 0+4; 11v11 player page (https://www.11v11.com/players/adem-poric-31265/) lists 4 PL matches (27 Sep, 4 Oct, 25 Oct, 1 Nov 1997). Resolved 4"
1997/98,Wimbledon,Andy Clarke,14,0,partial,StatMuse 13 apps vs 11v11 club page 1+13 = 14; 11v11 player page (https://www.11v11.com/players/andy-clarke-4625/) lists 14 PL matches. Resolved 14
1997/98,Wimbledon,Ceri Hughes,17,1,partial,StatMuse 16 apps vs 11v11 club page 13+4 = 17; 11v11 player page (https://www.11v11.com/players/ceri-hughes-4068/) lists 17 PL matches. Resolved 17
1998/99,Middlesbrough,Neil Maddison,21,0,no,"StatMuse (player-stats, most- and fewest-apps; game log lists 20 matches) 20 apps and Wikipedia season page 10+10=20; 11v11 club page and 11v11 player page (https://www.11v11.com/players/neil-maddison-352/) 10+11=21. Kept 21 per 11v11 player page tie-breaker; extra match not identified, unresolved. Goals 0 on all sources"
1999/00,Wimbledon,Michael Hughes,20,2,partial,StatMuse 19 apps and lists Ceri Hughes 1 app (sub v Coventry 14 Aug 1999); 11v11 club and player page (https://www.11v11.com/players/michael-hughes-605/) give Michael Hughes 13+7=20 and 11v11 match page (https://www.11v11.com/matches/wimbledon-v-coventry-city-14-august-1999-366/) has Michael Hughes on for Andy Roberts 70 min; Wikipedia season page 13 (7) and Ceri Hughes 0; Ceri Hughes 11v11 player page has no 1999-00 apps. Kept 20 per 11v11 tie-breaker; Ceri Hughes excluded
2000/01,Bradford,Jamie Lawrence,17,1,partial,"Apps agree (StatMuse 17, 11v11 15+2). Goals: 11v11 club page and match page (Bradford 3-3 Spurs 9 Dec 2000, Lawrence 9 min) and Wikipedia season page give 1; StatMuse gives 0 and instead credits a Les Ferdinand own goal in that match. Resolved to 1 goal (two sources agree)."
2003/04,Wolves,Mark Clyde,9,0,partial,"StatMuse 9 apps (6 starts) and Wikipedia season page 9 (6+3); 11v11 club and player page give 6 starts + 4 subs = 10; used 9 (StatMuse + Wikipedia agree), 11v11 player page has no match list to settle it"
2008/09,Portsmouth,Noe Pamarot,16,0,no,StatMuse 15 apps; 11v11 club page 11+5=16 and 11v11 player page (https://www.11v11.com/players/noe-pamarot-19500/) PL 11 starts 5 subs = 16; 16 used (StatMuse not confirmed by a second independent source)
2010/11,Blackburn,Mame Biram Diouf,26,3,partial,Apps: StatMuse 27; 11v11 club page and 11v11 player page (https://www.11v11.com/players/mame-biram-diouf-230064/) 26 (17+9). Used 26 per tie-breaker
2013/14,Chelsea,Michael Essien,5,0,partial,"Apps: StatMuse 6, 11v11 club page 5 (2+3), 11v11 player page https://www.11v11.com/players/michael-essien-8669/ 5. StatMuse game log (https://www.statmuse.com/fc/ask/michael-essien-premier-league-games-2013-14) shows 0 minutes v Man Utd 26 Aug 2013 with a yellow card (booked unused sub). Used 5."
2013/14,West Brom,Saido Berahino,32,5,"yes,StatMuse and 11v11 agree. Nationality Burundi to match other seasons (footballsquads 2013/14 ENG)",
2013/14,West Brom,Thievy Bifouma,6,2,"yes,StatMuse and 11v11 agree. Nationality Congo (later senior international for Congo; footballsquads 2013/14 FRA)",
2013/14,West Ham,Ravel Morrison,16,3,"yes,StatMuse and 11v11 agree. Nationality Jamaica to match other seasons (footballsquads 2013/14 ENG)",
2014/15,Southampton,Florin Gardos,10,0,partial,"StatMuse 11, 11v11 10 (5+5); StatMuse gives him 1 min v Newcastle 13 Sep 2014 but 11v11 match page lists him as unused sub; 10 used"
2015/16,Watford,Ben Watson,35,2,partial,StatMuse 1 goal; 11v11 club and match pages 2: Watford 1-2 Man City 2 Jan 2016 goal confirmed as Watson (not Kolarov OG) per 11v11 match page citing Goal Accreditation Panel; used 2
2015/16,Watford,Jose Holebas,11,0,partial,StatMuse 1 goal (Watford 1-1 Everton 9 Apr 2016); 11v11 club and match pages 0: goal ruled Seamus Coleman OG by Goal Accreditation Panel; used 0
2015/16,Watford,Odion Ighalo,37,15,partial,"StatMuse 16 goals; 11v11 club page, player page and match pages 15 (Wikipedia also 15): Chelsea 2-2 Watford 26 Dec 2015 second goal ruled Gary Cahill OG by Goal Accreditation Panel; used 15"
2016/17,Chelsea,Pedro,35,9,partial,"Apps agree (35). Goals: StatMuse 10, 11v11 club page 9. Disputed goal is the 90+3 deflected shot v Bournemouth 26 Dec 2016, recorded as a Steve Cook own goal by Wikipedia Chelsea season page and 11v11 (11v11 player goals + 2 OGs = 85). Used 9 (11v11 + Wikipedia)."
2017/18,Man City,Ederson,36,0,partial,"StatMuse 37, 11v11 club page and player page 36 (36 starts, 0 subs). 36 used: Bravo made 2 starts, so 36+2=38 GK starts; StatMuse likely counted an unused sub"
