board,rank,player,from_club,to_club,season,fee_guaranteed_eur_m,fee_gbp_m,transfermarkt_eur_m,news_report_basis,source_list,source_news
t04,1,Neymar,Barcelona,PSG,2017,222,200,222,BBC Sport: EUR 222m buyout clause,https://en.wikipedia.org/wiki/List_of_most_expensive_association_football_transfers ; https://www.transfermarkt.com/transfers/transferrekorde/statistik/top/plus/0/galerie/0?saison_id=alle,https://www.bbc.co.uk/sport/football/40762417
t04,2,Kylian Mbappe,Monaco,PSG,"2017 loan, 2018 permanent",180,165.7,180,BBC Sport: loan with an obligation to buy for EUR 180m,https://en.wikipedia.org/wiki/List_of_most_expensive_association_football_transfers ; https://www.transfermarkt.com/transfers/transferrekorde/statistik/top/plus/0/galerie/0?saison_id=alle,https://www.bbc.com/sport/football/40715851
t04,3,Enzo Fernandez,Chelsea,Manchester City,2026,145.8,125,145,"Al Jazeera/Reuters and ITV: GBP 125m, a flat fee equalling the British record",https://en.wikipedia.org/wiki/List_of_most_expensive_association_football_transfers ; https://www.transfermarkt.com/transfers/transferrekorde/statistik/top/plus/0/galerie/0?saison_id=alle,https://aljazeera.com/sports/2026/9/1/fernandez-transfers-to-man-city-from-chelsea-in-joint-british-record-fee
t04,4,Alexander Isak,Newcastle,Liverpool,2025,144.5,125,145,BBC Sport (cited by Wikipedia): initial GBP 125m plus GBP 5m add-ons,https://en.wikipedia.org/wiki/List_of_most_expensive_association_football_transfers ; https://www.transfermarkt.com/transfers/transferrekorde/statistik/top/plus/0/galerie/0?saison_id=alle,https://www.bbc.com/sport/football/articles/cly4my21lz7o
t04,5,Morgan Rogers,Aston Villa,Chelsea,2026,137.3,117,138,"Sky Sports: fixed GBP 117m, no add-ons",https://en.wikipedia.org/wiki/List_of_most_expensive_association_football_transfers ; https://www.transfermarkt.com/transfers/transferrekorde/statistik/top/plus/0/galerie/0?saison_id=alle,https://www.skysports.com/football/news/12691/13564944/morgan-rogers-transfer-news-chelsea-complete-record-breaking-117m-deal-to-sign-forward-from-aston-villa
t04,6,Elliot Anderson,Nottingham Forest,Manchester City,2026,135.5,116,135,Inside World Football and Sky: GBP 116m guaranteed (Forest say add-ons could take it to GBP 130m),https://en.wikipedia.org/wiki/List_of_most_expensive_association_football_transfers ; https://www.transfermarkt.com/transfers/transferrekorde/statistik/top/plus/0/galerie/0?saison_id=alle,https://www.insideworldfootball.com/2026/06/26/man-city-agree-116m-fee-for-england-midfielder-elliot-anderson/
t04,7,Joao Felix,Benfica,Atletico Madrid,2019,126,113,127.2,BBC Sport (cited by Wikipedia): EUR 126m,https://en.wikipedia.org/wiki/List_of_most_expensive_association_football_transfers ; https://www.transfermarkt.com/transfers/transferrekorde/statistik/top/plus/0/galerie/0?saison_id=alle,https://www.bbc.com/sport/football/48859847
t04,8,Yan Diomande,RB Leipzig,Real Madrid,2026,125,107,125,Reuters via NST: up to EUR 125m plus EUR 10-15m add-ons,https://en.wikipedia.org/wiki/List_of_most_expensive_association_football_transfers ; https://www.transfermarkt.com/transfers/transferrekorde/statistik/top/plus/0/galerie/0?saison_id=alle,https://www.nst.com.my/amp/sports/football/2026/08/1505652/real-madrid-agree-record-%E2%82%AC140m-deal-leipzigs-diomande
t04,9,Bradley Barcola,PSG,Liverpool,2026,125,106,125,Citizen Digital/AFP and theScore: initial GBP 106m (EUR 125m) plus GBP 17m (EUR 20m) add-ons,https://en.wikipedia.org/wiki/List_of_most_expensive_association_football_transfers ; https://www.transfermarkt.com/transfers/transferrekorde/statistik/top/plus/0/galerie/0?saison_id=alle,https://thescore-web-gcp.thescore.com/epl/news/3589432
t04,10,Enzo Fernandez,Benfica,Chelsea,2023,121,106.8,121,Sky Sports (cited by Wikipedia): GBP 106.8m (EUR 121m),https://en.wikipedia.org/wiki/List_of_most_expensive_association_football_transfers ; https://www.transfermarkt.com/transfers/transferrekorde/statistik/top/plus/0/galerie/0?saison_id=alle,https://www.skysports.com/football/news/11668/12799395/enzo-fernandez-to-chelsea-blues-agree-premier-league-record-105m-transfer-deal-for-benfica-midfielder
