season,club,player_goals_sum,table_goals_for,gap,flag,tm_table_gf,wikipedia_gf,tm_vs_wiki,tm_games,sources
2000/01,Celtic,88,90,2,,90,90,,38,https://www.transfermarkt.co.uk/scottish-premiership/tabelle/wettbewerb/SC1/saison_id/2000 https://en.wikipedia.org/w/index.php?title=2000%E2%80%9301_Scottish_Premier_League
2000/01,Rangers,75,76,1,,76,76,,38,https://www.transfermarkt.co.uk/scottish-premiership/tabelle/wettbewerb/SC1/saison_id/2000 https://en.wikipedia.org/w/index.php?title=2000%E2%80%9301_Scottish_Premier_League
2000/01,Hibernian,56,57,1,,57,57,,38,https://www.transfermarkt.co.uk/scottish-premiership/tabelle/wettbewerb/SC1/saison_id/2000 https://en.wikipedia.org/w/index.php?title=2000%E2%80%9301_Scottish_Premier_League
2000/01,Kilmarnock,40,44,4,,44,44,,38,https://www.transfermarkt.co.uk/scottish-premiership/tabelle/wettbewerb/SC1/saison_id/2000 https://en.wikipedia.org/w/index.php?title=2000%E2%80%9301_Scottish_Premier_League
2000/01,Hearts,55,56,1,,56,56,,38,https://www.transfermarkt.co.uk/scottish-premiership/tabelle/wettbewerb/SC1/saison_id/2000 https://en.wikipedia.org/w/index.php?title=2000%E2%80%9301_Scottish_Premier_League
2000/01,Dundee,49,51,2,,51,51,,38,https://www.transfermarkt.co.uk/scottish-premiership/tabelle/wettbewerb/SC1/saison_id/2000 https://en.wikipedia.org/w/index.php?title=2000%E2%80%9301_Scottish_Premier_League
2000/01,Aberdeen,45,45,0,,45,45,,38,https://www.transfermarkt.co.uk/scottish-premiership/tabelle/wettbewerb/SC1/saison_id/2000 https://en.wikipedia.org/w/index.php?title=2000%E2%80%9301_Scottish_Premier_League
2000/01,Motherwell,41,42,1,,42,42,,38,https://www.transfermarkt.co.uk/scottish-premiership/tabelle/wettbewerb/SC1/saison_id/2000 https://en.wikipedia.org/w/index.php?title=2000%E2%80%9301_Scottish_Premier_League
2000/01,Dunfermline,34,34,0,,34,34,,38,https://www.transfermarkt.co.uk/scottish-premiership/tabelle/wettbewerb/SC1/saison_id/2000 https://en.wikipedia.org/w/index.php?title=2000%E2%80%9301_Scottish_Premier_League
2000/01,St Johnstone,39,40,1,,40,40,,38,https://www.transfermarkt.co.uk/scottish-premiership/tabelle/wettbewerb/SC1/saison_id/2000 https://en.wikipedia.org/w/index.php?title=2000%E2%80%9301_Scottish_Premier_League
2000/01,Dundee United,37,38,1,,38,38,,38,https://www.transfermarkt.co.uk/scottish-premiership/tabelle/wettbewerb/SC1/saison_id/2000 https://en.wikipedia.org/w/index.php?title=2000%E2%80%9301_Scottish_Premier_League
2000/01,St Mirren,31,32,1,,32,32,,38,https://www.transfermarkt.co.uk/scottish-premiership/tabelle/wettbewerb/SC1/saison_id/2000 https://en.wikipedia.org/w/index.php?title=2000%E2%80%9301_Scottish_Premier_League
2001/02,Celtic,93,94,1,,,94,,,https://www.transfermarkt.co.uk/scottish-premiership/tabelle/wettbewerb/SC1/saison_id/2001 https://en.wikipedia.org/w/index.php?title=2001%E2%80%9302_Scottish_Premier_League
2001/02,Rangers,81,82,1,,,82,,,https://www.transfermarkt.co.uk/scottish-premiership/tabelle/wettbewerb/SC1/saison_id/2001 https://en.wikipedia.org/w/index.php?title=2001%E2%80%9302_Scottish_Premier_League
2001/02,Aberdeen,51,51,0,,53,51,DIFFER,38,https://www.transfermarkt.co.uk/scottish-premiership/tabelle/wettbewerb/SC1/saison_id/2001 https://www.transfermarkt.co.uk/scottish-premiership-relegation-round/tabelle/wettbewerb/SCPA/saison_id/2001 https://en.wikipedia.org/w/index.php?title=2001%E2%80%9302_Scottish_Premier_League
2001/02,Livingston,49,50,1,,45,50,DIFFER,38,https://www.transfermarkt.co.uk/scottish-premiership/tabelle/wettbewerb/SC1/saison_id/2001 https://www.transfermarkt.co.uk/scottish-premiership-relegation-round/tabelle/wettbewerb/SCPA/saison_id/2001 https://en.wikipedia.org/w/index.php?title=2001%E2%80%9302_Scottish_Premier_League
2001/02,Dunfermline,40,41,1,,,41,,,https://www.transfermarkt.co.uk/scottish-premiership/tabelle/wettbewerb/SC1/saison_id/2001 https://en.wikipedia.org/w/index.php?title=2001%E2%80%9302_Scottish_Premier_League
2001/02,Hearts,51,52,1,,,52,,,https://www.transfermarkt.co.uk/scottish-premiership/tabelle/wettbewerb/SC1/saison_id/2001 https://en.wikipedia.org/w/index.php?title=2001%E2%80%9302_Scottish_Premier_League
2001/02,Kilmarnock,42,44,2,,50,44,DIFFER,38,https://www.transfermarkt.co.uk/scottish-premiership/tabelle/wettbewerb/SC1/saison_id/2001 https://www.transfermarkt.co.uk/scottish-premiership-relegation-round/tabelle/wettbewerb/SCPA/saison_id/2001 https://en.wikipedia.org/w/index.php?title=2001%E2%80%9302_Scottish_Premier_League
2001/02,Dundee,40,41,1,,43,41,DIFFER,38,https://www.transfermarkt.co.uk/scottish-premiership/tabelle/wettbewerb/SC1/saison_id/2001 https://www.transfermarkt.co.uk/scottish-premiership-relegation-round/tabelle/wettbewerb/SCPA/saison_id/2001 https://en.wikipedia.org/w/index.php?title=2001%E2%80%9302_Scottish_Premier_League
2001/02,Dundee United,35,38,3,,36,38,DIFFER,38,https://www.transfermarkt.co.uk/scottish-premiership/tabelle/wettbewerb/SC1/saison_id/2001 https://www.transfermarkt.co.uk/scottish-premiership-relegation-round/tabelle/wettbewerb/SCPA/saison_id/2001 https://en.wikipedia.org/w/index.php?title=2001%E2%80%9302_Scottish_Premier_League
2001/02,Hibernian,48,51,3,,,51,,,https://www.transfermarkt.co.uk/scottish-premiership/tabelle/wettbewerb/SC1/saison_id/2001 https://en.wikipedia.org/w/index.php?title=2001%E2%80%9302_Scottish_Premier_League
2001/02,Motherwell,48,49,1,,,49,,,https://www.transfermarkt.co.uk/scottish-premiership/tabelle/wettbewerb/SC1/saison_id/2001 https://en.wikipedia.org/w/index.php?title=2001%E2%80%9302_Scottish_Premier_League
2001/02,St Johnstone,24,24,0,,,24,,,https://www.transfermarkt.co.uk/scottish-premiership/tabelle/wettbewerb/SC1/saison_id/2001 https://en.wikipedia.org/w/index.php?title=2001%E2%80%9302_Scottish_Premier_League
2002/03,Rangers,99,101,2,,,101,,,https://www.transfermarkt.co.uk/scottish-premiership/tabelle/wettbewerb/SC1/saison_id/2002 https://en.wikipedia.org/w/index.php?title=2002%E2%80%9303_Scottish_Premier_League
2002/03,Celtic,97,98,1,,,98,,,https://www.transfermarkt.co.uk/scottish-premiership/tabelle/wettbewerb/SC1/saison_id/2002 https://en.wikipedia.org/w/index.php?title=2002%E2%80%9303_Scottish_Premier_League
2002/03,Hearts,57,57,0,,,57,,,https://www.transfermarkt.co.uk/scottish-premiership/tabelle/wettbewerb/SC1/saison_id/2002 https://en.wikipedia.org/w/index.php?title=2002%E2%80%9303_Scottish_Premier_League
2002/03,Kilmarnock,45,47,2,,,47,,,https://www.transfermarkt.co.uk/scottish-premiership/tabelle/wettbewerb/SC1/saison_id/2002 https://en.wikipedia.org/w/index.php?title=2002%E2%80%9303_Scottish_Premier_League
2002/03,Dunfermline,52,54,2,,,54,,,https://www.transfermarkt.co.uk/scottish-premiership/tabelle/wettbewerb/SC1/saison_id/2002 https://en.wikipedia.org/w/index.php?title=2002%E2%80%9303_Scottish_Premier_League
2002/03,Dundee,46,50,4,,,50,,,https://www.transfermarkt.co.uk/scottish-premiership/tabelle/wettbewerb/SC1/saison_id/2002 https://en.wikipedia.org/w/index.php?title=2002%E2%80%9303_Scottish_Premier_League
2002/03,Hibernian,56,56,0,,,56,,,https://www.transfermarkt.co.uk/scottish-premiership/tabelle/wettbewerb/SC1/saison_id/2002 https://en.wikipedia.org/w/index.php?title=2002%E2%80%9303_Scottish_Premier_League
2002/03,Aberdeen,40,41,1,,,41,,,https://www.transfermarkt.co.uk/scottish-premiership/tabelle/wettbewerb/SC1/saison_id/2002 https://en.wikipedia.org/w/index.php?title=2002%E2%80%9303_Scottish_Premier_League
2002/03,Livingston,47,48,1,,,48,,,https://www.transfermarkt.co.uk/scottish-premiership/tabelle/wettbewerb/SC1/saison_id/2002 https://en.wikipedia.org/w/index.php?title=2002%E2%80%9303_Scottish_Premier_League
2002/03,Partick Thistle,36,37,1,,,37,,,https://www.transfermarkt.co.uk/scottish-premiership/tabelle/wettbewerb/SC1/saison_id/2002 https://en.wikipedia.org/w/index.php?title=2002%E2%80%9303_Scottish_Premier_League
2002/03,Dundee United,34,35,1,,,35,,,https://www.transfermarkt.co.uk/scottish-premiership/tabelle/wettbewerb/SC1/saison_id/2002 https://en.wikipedia.org/w/index.php?title=2002%E2%80%9303_Scottish_Premier_League
2002/03,Motherwell,45,45,0,,,45,,,https://www.transfermarkt.co.uk/scottish-premiership/tabelle/wettbewerb/SC1/saison_id/2002 https://en.wikipedia.org/w/index.php?title=2002%E2%80%9303_Scottish_Premier_League
2003/04,Celtic,103,105,2,,105,105,,38,https://www.transfermarkt.co.uk/scottish-premiership/tabelle/wettbewerb/SC1/saison_id/2003 https://en.wikipedia.org/w/index.php?title=2003%E2%80%9304_Scottish_Premier_League
2003/04,Rangers,75,76,1,,76,76,,38,https://www.transfermarkt.co.uk/scottish-premiership/tabelle/wettbewerb/SC1/saison_id/2003 https://en.wikipedia.org/w/index.php?title=2003%E2%80%9304_Scottish_Premier_League
2003/04,Hearts,52,56,4,,56,56,,38,https://www.transfermarkt.co.uk/scottish-premiership/tabelle/wettbewerb/SC1/saison_id/2003 https://en.wikipedia.org/w/index.php?title=2003%E2%80%9304_Scottish_Premier_League
2003/04,Dunfermline,43,45,2,,45,45,,38,https://www.transfermarkt.co.uk/scottish-premiership/tabelle/wettbewerb/SC1/saison_id/2003 https://en.wikipedia.org/w/index.php?title=2003%E2%80%9304_Scottish_Premier_League
2003/04,Dundee United,48,47,-1,,47,47,,38,https://www.transfermarkt.co.uk/scottish-premiership/tabelle/wettbewerb/SC1/saison_id/2003 https://en.wikipedia.org/w/index.php?title=2003%E2%80%9304_Scottish_Premier_League
2003/04,Motherwell,41,42,1,,42,42,,38,https://www.transfermarkt.co.uk/scottish-premiership/tabelle/wettbewerb/SC1/saison_id/2003 https://en.wikipedia.org/w/index.php?title=2003%E2%80%9304_Scottish_Premier_League
2003/04,Dundee,48,48,0,,48,48,,38,https://www.transfermarkt.co.uk/scottish-premiership/tabelle/wettbewerb/SC1/saison_id/2003 https://en.wikipedia.org/w/index.php?title=2003%E2%80%9304_Scottish_Premier_League
2003/04,Hibernian,40,41,1,,41,41,,38,https://www.transfermarkt.co.uk/scottish-premiership/tabelle/wettbewerb/SC1/saison_id/2003 https://en.wikipedia.org/w/index.php?title=2003%E2%80%9304_Scottish_Premier_League
2003/04,Livingston,48,48,0,,48,48,,38,https://www.transfermarkt.co.uk/scottish-premiership/tabelle/wettbewerb/SC1/saison_id/2003 https://en.wikipedia.org/w/index.php?title=2003%E2%80%9304_Scottish_Premier_League
2003/04,Kilmarnock,51,51,0,,51,51,,38,https://www.transfermarkt.co.uk/scottish-premiership/tabelle/wettbewerb/SC1/saison_id/2003 https://en.wikipedia.org/w/index.php?title=2003%E2%80%9304_Scottish_Premier_League
2003/04,Aberdeen,36,39,3,,39,39,,38,https://www.transfermarkt.co.uk/scottish-premiership/tabelle/wettbewerb/SC1/saison_id/2003 https://en.wikipedia.org/w/index.php?title=2003%E2%80%9304_Scottish_Premier_League
2003/04,Partick Thistle,37,39,2,,39,39,,38,https://www.transfermarkt.co.uk/scottish-premiership/tabelle/wettbewerb/SC1/saison_id/2003 https://en.wikipedia.org/w/index.php?title=2003%E2%80%9304_Scottish_Premier_League
2004/05,Rangers,76,78,2,,78,78,,38,https://www.transfermarkt.co.uk/scottish-premiership/tabelle/wettbewerb/SC1/saison_id/2004 https://en.wikipedia.org/w/index.php?title=2004%E2%80%9305_Scottish_Premier_League
2004/05,Celtic,85,85,0,,85,85,,38,https://www.transfermarkt.co.uk/scottish-premiership/tabelle/wettbewerb/SC1/saison_id/2004 https://en.wikipedia.org/w/index.php?title=2004%E2%80%9305_Scottish_Premier_League
2004/05,Hibernian,63,64,1,,64,64,,38,https://www.transfermarkt.co.uk/scottish-premiership/tabelle/wettbewerb/SC1/saison_id/2004 https://en.wikipedia.org/w/index.php?title=2004%E2%80%9305_Scottish_Premier_League
2004/05,Aberdeen,42,44,2,,44,44,,38,https://www.transfermarkt.co.uk/scottish-premiership/tabelle/wettbewerb/SC1/saison_id/2004 https://en.wikipedia.org/w/index.php?title=2004%E2%80%9305_Scottish_Premier_League
2004/05,Hearts,41,43,2,,43,43,,38,https://www.transfermarkt.co.uk/scottish-premiership/tabelle/wettbewerb/SC1/saison_id/2004 https://en.wikipedia.org/w/index.php?title=2004%E2%80%9305_Scottish_Premier_League
2004/05,Kilmarnock,49,49,0,,49,49,,38,https://www.transfermarkt.co.uk/scottish-premiership/tabelle/wettbewerb/SC1/saison_id/2004 https://en.wikipedia.org/w/index.php?title=2004%E2%80%9305_Scottish_Premier_League
2004/05,Motherwell,43,46,3,,46,46,,38,https://www.transfermarkt.co.uk/scottish-premiership/tabelle/wettbewerb/SC1/saison_id/2004 https://en.wikipedia.org/w/index.php?title=2004%E2%80%9305_Scottish_Premier_League
2004/05,Inverness CT,41,41,0,,41,41,,38,https://www.transfermarkt.co.uk/scottish-premiership/tabelle/wettbewerb/SC1/saison_id/2004 https://en.wikipedia.org/w/index.php?title=2004%E2%80%9305_Scottish_Premier_League
2004/05,Dundee United,40,41,1,,41,41,,38,https://www.transfermarkt.co.uk/scottish-premiership/tabelle/wettbewerb/SC1/saison_id/2004 https://en.wikipedia.org/w/index.php?title=2004%E2%80%9305_Scottish_Premier_League
2004/05,Livingston,32,34,2,,34,34,,38,https://www.transfermarkt.co.uk/scottish-premiership/tabelle/wettbewerb/SC1/saison_id/2004 https://en.wikipedia.org/w/index.php?title=2004%E2%80%9305_Scottish_Premier_League
2004/05,Dunfermline,33,34,1,,34,34,,38,https://www.transfermarkt.co.uk/scottish-premiership/tabelle/wettbewerb/SC1/saison_id/2004 https://en.wikipedia.org/w/index.php?title=2004%E2%80%9305_Scottish_Premier_League
2004/05,Dundee,37,37,0,,37,37,,38,https://www.transfermarkt.co.uk/scottish-premiership/tabelle/wettbewerb/SC1/saison_id/2004 https://en.wikipedia.org/w/index.php?title=2004%E2%80%9305_Scottish_Premier_League
2005/06,Celtic,92,93,1,,93,93,,38,https://www.transfermarkt.co.uk/scottish-premiership/tabelle/wettbewerb/SC1/saison_id/2005 https://en.wikipedia.org/w/index.php?title=2005%E2%80%9306_Scottish_Premier_League
2005/06,Hearts,70,71,1,,71,71,,38,https://www.transfermarkt.co.uk/scottish-premiership/tabelle/wettbewerb/SC1/saison_id/2005 https://en.wikipedia.org/w/index.php?title=2005%E2%80%9306_Scottish_Premier_League
2005/06,Rangers,64,67,3,,67,67,,38,https://www.transfermarkt.co.uk/scottish-premiership/tabelle/wettbewerb/SC1/saison_id/2005 https://en.wikipedia.org/w/index.php?title=2005%E2%80%9306_Scottish_Premier_League
2005/06,Inverness CT,51,51,0,,51,51,,38,https://www.transfermarkt.co.uk/scottish-premiership/tabelle/wettbewerb/SC1/saison_id/2005 https://en.wikipedia.org/w/index.php?title=2005%E2%80%9306_Scottish_Premier_League
2005/06,Hibernian,58,61,3,,61,61,,38,https://www.transfermarkt.co.uk/scottish-premiership/tabelle/wettbewerb/SC1/saison_id/2005 https://en.wikipedia.org/w/index.php?title=2005%E2%80%9306_Scottish_Premier_League
2005/06,Kilmarnock,63,63,0,,63,63,,38,https://www.transfermarkt.co.uk/scottish-premiership/tabelle/wettbewerb/SC1/saison_id/2005 https://en.wikipedia.org/w/index.php?title=2005%E2%80%9306_Scottish_Premier_League
2005/06,Aberdeen,44,46,2,,46,46,,38,https://www.transfermarkt.co.uk/scottish-premiership/tabelle/wettbewerb/SC1/saison_id/2005 https://en.wikipedia.org/w/index.php?title=2005%E2%80%9306_Scottish_Premier_League
2005/06,Motherwell,52,55,3,,55,55,,38,https://www.transfermarkt.co.uk/scottish-premiership/tabelle/wettbewerb/SC1/saison_id/2005 https://en.wikipedia.org/w/index.php?title=2005%E2%80%9306_Scottish_Premier_League
2005/06,Dundee United,39,41,2,,41,41,,38,https://www.transfermarkt.co.uk/scottish-premiership/tabelle/wettbewerb/SC1/saison_id/2005 https://en.wikipedia.org/w/index.php?title=2005%E2%80%9306_Scottish_Premier_League
2005/06,Falkirk,32,35,3,,35,35,,38,https://www.transfermarkt.co.uk/scottish-premiership/tabelle/wettbewerb/SC1/saison_id/2005 https://en.wikipedia.org/w/index.php?title=2005%E2%80%9306_Scottish_Premier_League
2005/06,Dunfermline,34,33,-1,,33,33,,38,https://www.transfermarkt.co.uk/scottish-premiership/tabelle/wettbewerb/SC1/saison_id/2005 https://en.wikipedia.org/w/index.php?title=2005%E2%80%9306_Scottish_Premier_League
2005/06,Livingston,25,25,0,,25,25,,38,https://www.transfermarkt.co.uk/scottish-premiership/tabelle/wettbewerb/SC1/saison_id/2005 https://en.wikipedia.org/w/index.php?title=2005%E2%80%9306_Scottish_Premier_League
2006/07,Celtic,62,65,3,,65,65,,38,https://www.transfermarkt.co.uk/scottish-premiership/tabelle/wettbewerb/SC1/saison_id/2006 https://en.wikipedia.org/w/index.php?title=2006%E2%80%9307_Scottish_Premier_League
2006/07,Rangers,60,61,1,,61,61,,38,https://www.transfermarkt.co.uk/scottish-premiership/tabelle/wettbewerb/SC1/saison_id/2006 https://en.wikipedia.org/w/index.php?title=2006%E2%80%9307_Scottish_Premier_League
2006/07,Aberdeen,53,55,2,,55,55,,38,https://www.transfermarkt.co.uk/scottish-premiership/tabelle/wettbewerb/SC1/saison_id/2006 https://en.wikipedia.org/w/index.php?title=2006%E2%80%9307_Scottish_Premier_League
2006/07,Hearts,44,47,3,,47,47,,38,https://www.transfermarkt.co.uk/scottish-premiership/tabelle/wettbewerb/SC1/saison_id/2006 https://en.wikipedia.org/w/index.php?title=2006%E2%80%9307_Scottish_Premier_League
2006/07,Kilmarnock,44,47,3,,47,47,,38,https://www.transfermarkt.co.uk/scottish-premiership/tabelle/wettbewerb/SC1/saison_id/2006 https://en.wikipedia.org/w/index.php?title=2006%E2%80%9307_Scottish_Premier_League
2006/07,Falkirk,47,49,2,,49,49,,38,https://www.transfermarkt.co.uk/scottish-premiership/tabelle/wettbewerb/SC1/saison_id/2006 https://en.wikipedia.org/w/index.php?title=2006%E2%80%9307_Scottish_Premier_League
2006/07,Hibernian,56,56,0,,56,56,,38,https://www.transfermarkt.co.uk/scottish-premiership/tabelle/wettbewerb/SC1/saison_id/2006 https://en.wikipedia.org/w/index.php?title=2006%E2%80%9307_Scottish_Premier_League
2006/07,Inverness CT,42,42,0,,42,42,,38,https://www.transfermarkt.co.uk/scottish-premiership/tabelle/wettbewerb/SC1/saison_id/2006 https://en.wikipedia.org/w/index.php?title=2006%E2%80%9307_Scottish_Premier_League
2006/07,Dundee United,39,40,1,,40,40,,38,https://www.transfermarkt.co.uk/scottish-premiership/tabelle/wettbewerb/SC1/saison_id/2006 https://en.wikipedia.org/w/index.php?title=2006%E2%80%9307_Scottish_Premier_League
2006/07,Motherwell,40,41,1,,41,41,,38,https://www.transfermarkt.co.uk/scottish-premiership/tabelle/wettbewerb/SC1/saison_id/2006 https://en.wikipedia.org/w/index.php?title=2006%E2%80%9307_Scottish_Premier_League
2006/07,St Mirren,30,31,1,,31,31,,38,https://www.transfermarkt.co.uk/scottish-premiership/tabelle/wettbewerb/SC1/saison_id/2006 https://en.wikipedia.org/w/index.php?title=2006%E2%80%9307_Scottish_Premier_League
2006/07,Dunfermline,25,26,1,,26,26,,38,https://www.transfermarkt.co.uk/scottish-premiership/tabelle/wettbewerb/SC1/saison_id/2006 https://en.wikipedia.org/w/index.php?title=2006%E2%80%9307_Scottish_Premier_League
2007/08,Celtic,79,84,5,CHECK,84,84,,38,https://www.transfermarkt.co.uk/scottish-premiership/tabelle/wettbewerb/SC1/saison_id/2007 https://en.wikipedia.org/w/index.php?title=2007%E2%80%9308_Scottish_Premier_League
2007/08,Rangers,82,84,2,,84,84,,38,https://www.transfermarkt.co.uk/scottish-premiership/tabelle/wettbewerb/SC1/saison_id/2007 https://en.wikipedia.org/w/index.php?title=2007%E2%80%9308_Scottish_Premier_League
2007/08,Motherwell,48,50,2,,50,50,,38,https://www.transfermarkt.co.uk/scottish-premiership/tabelle/wettbewerb/SC1/saison_id/2007 https://en.wikipedia.org/w/index.php?title=2007%E2%80%9308_Scottish_Premier_League
2007/08,Aberdeen,48,50,2,,50,50,,38,https://www.transfermarkt.co.uk/scottish-premiership/tabelle/wettbewerb/SC1/saison_id/2007 https://en.wikipedia.org/w/index.php?title=2007%E2%80%9308_Scottish_Premier_League
2007/08,Dundee United,51,53,2,,53,53,,38,https://www.transfermarkt.co.uk/scottish-premiership/tabelle/wettbewerb/SC1/saison_id/2007 https://en.wikipedia.org/w/index.php?title=2007%E2%80%9308_Scottish_Premier_League
2007/08,Hibernian,47,49,2,,49,49,,38,https://www.transfermarkt.co.uk/scottish-premiership/tabelle/wettbewerb/SC1/saison_id/2007 https://en.wikipedia.org/w/index.php?title=2007%E2%80%9308_Scottish_Premier_League
2007/08,Falkirk,45,45,0,,45,45,,38,https://www.transfermarkt.co.uk/scottish-premiership/tabelle/wettbewerb/SC1/saison_id/2007 https://en.wikipedia.org/w/index.php?title=2007%E2%80%9308_Scottish_Premier_League
2007/08,Hearts,45,47,2,,47,47,,38,https://www.transfermarkt.co.uk/scottish-premiership/tabelle/wettbewerb/SC1/saison_id/2007 https://en.wikipedia.org/w/index.php?title=2007%E2%80%9308_Scottish_Premier_League
2007/08,Inverness CT,48,51,3,,51,51,,38,https://www.transfermarkt.co.uk/scottish-premiership/tabelle/wettbewerb/SC1/saison_id/2007 https://en.wikipedia.org/w/index.php?title=2007%E2%80%9308_Scottish_Premier_League
2007/08,St Mirren,26,26,0,,26,26,,38,https://www.transfermarkt.co.uk/scottish-premiership/tabelle/wettbewerb/SC1/saison_id/2007 https://en.wikipedia.org/w/index.php?title=2007%E2%80%9308_Scottish_Premier_League
2007/08,Kilmarnock,39,39,0,,39,39,,38,https://www.transfermarkt.co.uk/scottish-premiership/tabelle/wettbewerb/SC1/saison_id/2007 https://en.wikipedia.org/w/index.php?title=2007%E2%80%9308_Scottish_Premier_League
2007/08,Gretna,31,32,1,,32,32,,38,https://www.transfermarkt.co.uk/scottish-premiership/tabelle/wettbewerb/SC1/saison_id/2007 https://en.wikipedia.org/w/index.php?title=2007%E2%80%9308_Scottish_Premier_League
2008/09,Rangers,75,77,2,,77,77,,38,https://www.transfermarkt.co.uk/scottish-premiership/tabelle/wettbewerb/SC1/saison_id/2008 https://en.wikipedia.org/w/index.php?title=2008%E2%80%9309_Scottish_Premier_League
2008/09,Celtic,78,80,2,,80,80,,38,https://www.transfermarkt.co.uk/scottish-premiership/tabelle/wettbewerb/SC1/saison_id/2008 https://en.wikipedia.org/w/index.php?title=2008%E2%80%9309_Scottish_Premier_League
2008/09,Hearts,40,40,0,,40,40,,38,https://www.transfermarkt.co.uk/scottish-premiership/tabelle/wettbewerb/SC1/saison_id/2008 https://en.wikipedia.org/w/index.php?title=2008%E2%80%9309_Scottish_Premier_League
2008/09,Aberdeen,41,41,0,,41,41,,38,https://www.transfermarkt.co.uk/scottish-premiership/tabelle/wettbewerb/SC1/saison_id/2008 https://en.wikipedia.org/w/index.php?title=2008%E2%80%9309_Scottish_Premier_League
2008/09,Dundee United,45,47,2,,47,47,,38,https://www.transfermarkt.co.uk/scottish-premiership/tabelle/wettbewerb/SC1/saison_id/2008 https://en.wikipedia.org/w/index.php?title=2008%E2%80%9309_Scottish_Premier_League
2008/09,Motherwell,46,46,0,,46,46,,38,https://www.transfermarkt.co.uk/scottish-premiership/tabelle/wettbewerb/SC1/saison_id/2008 https://en.wikipedia.org/w/index.php?title=2008%E2%80%9309_Scottish_Premier_League
2008/09,Hibernian,42,42,0,,42,42,,38,https://www.transfermarkt.co.uk/scottish-premiership/tabelle/wettbewerb/SC1/saison_id/2008 https://en.wikipedia.org/w/index.php?title=2008%E2%80%9309_Scottish_Premier_League
2008/09,Kilmarnock,38,38,0,,38,38,,38,https://www.transfermarkt.co.uk/scottish-premiership/tabelle/wettbewerb/SC1/saison_id/2008 https://en.wikipedia.org/w/index.php?title=2008%E2%80%9309_Scottish_Premier_League
2008/09,Hamilton,28,30,2,,30,30,,38,https://www.transfermarkt.co.uk/scottish-premiership/tabelle/wettbewerb/SC1/saison_id/2008 https://en.wikipedia.org/w/index.php?title=2008%E2%80%9309_Scottish_Premier_League
2008/09,Falkirk,36,37,1,,37,37,,38,https://www.transfermarkt.co.uk/scottish-premiership/tabelle/wettbewerb/SC1/saison_id/2008 https://en.wikipedia.org/w/index.php?title=2008%E2%80%9309_Scottish_Premier_League
2008/09,St Mirren,33,33,0,,33,33,,38,https://www.transfermarkt.co.uk/scottish-premiership/tabelle/wettbewerb/SC1/saison_id/2008 https://en.wikipedia.org/w/index.php?title=2008%E2%80%9309_Scottish_Premier_League
2008/09,Inverness CT,36,37,1,,37,37,,38,https://www.transfermarkt.co.uk/scottish-premiership/tabelle/wettbewerb/SC1/saison_id/2008 https://en.wikipedia.org/w/index.php?title=2008%E2%80%9309_Scottish_Premier_League
2009/10,Rangers,82,82,0,,82,82,,38,https://www.transfermarkt.co.uk/scottish-premiership/tabelle/wettbewerb/SC1/saison_id/2009 https://en.wikipedia.org/w/index.php?title=2009%E2%80%9310_Scottish_Premier_League
2009/10,Celtic,75,75,0,,75,75,,38,https://www.transfermarkt.co.uk/scottish-premiership/tabelle/wettbewerb/SC1/saison_id/2009 https://en.wikipedia.org/w/index.php?title=2009%E2%80%9310_Scottish_Premier_League
2009/10,Dundee United,54,55,1,,55,55,,38,https://www.transfermarkt.co.uk/scottish-premiership/tabelle/wettbewerb/SC1/saison_id/2009 https://en.wikipedia.org/w/index.php?title=2009%E2%80%9310_Scottish_Premier_League
2009/10,Hibernian,57,58,1,,58,58,,38,https://www.transfermarkt.co.uk/scottish-premiership/tabelle/wettbewerb/SC1/saison_id/2009 https://en.wikipedia.org/w/index.php?title=2009%E2%80%9310_Scottish_Premier_League
2009/10,Motherwell,52,52,0,,52,52,,38,https://www.transfermarkt.co.uk/scottish-premiership/tabelle/wettbewerb/SC1/saison_id/2009 https://en.wikipedia.org/w/index.php?title=2009%E2%80%9310_Scottish_Premier_League
2009/10,Hamilton,39,39,0,,39,39,,38,https://www.transfermarkt.co.uk/scottish-premiership/tabelle/wettbewerb/SC1/saison_id/2009 https://en.wikipedia.org/w/index.php?title=2009%E2%80%9310_Scottish_Premier_League
2009/10,Hearts,35,35,0,,35,35,,38,https://www.transfermarkt.co.uk/scottish-premiership/tabelle/wettbewerb/SC1/saison_id/2009 https://en.wikipedia.org/w/index.php?title=2009%E2%80%9310_Scottish_Premier_League
2009/10,St Johnstone,54,57,3,,57,57,,38,https://www.transfermarkt.co.uk/scottish-premiership/tabelle/wettbewerb/SC1/saison_id/2009 https://en.wikipedia.org/w/index.php?title=2009%E2%80%9310_Scottish_Premier_League
2009/10,Aberdeen,35,36,1,,36,36,,38,https://www.transfermarkt.co.uk/scottish-premiership/tabelle/wettbewerb/SC1/saison_id/2009 https://en.wikipedia.org/w/index.php?title=2009%E2%80%9310_Scottish_Premier_League
2009/10,St Mirren,34,36,2,,36,36,,38,https://www.transfermarkt.co.uk/scottish-premiership/tabelle/wettbewerb/SC1/saison_id/2009 https://en.wikipedia.org/w/index.php?title=2009%E2%80%9310_Scottish_Premier_League
2009/10,Kilmarnock,28,29,1,,29,29,,38,https://www.transfermarkt.co.uk/scottish-premiership/tabelle/wettbewerb/SC1/saison_id/2009 https://en.wikipedia.org/w/index.php?title=2009%E2%80%9310_Scottish_Premier_League
2009/10,Falkirk,30,31,1,,31,31,,38,https://www.transfermarkt.co.uk/scottish-premiership/tabelle/wettbewerb/SC1/saison_id/2009 https://en.wikipedia.org/w/index.php?title=2009%E2%80%9310_Scottish_Premier_League
2010/11,Rangers,81,88,7,CHECK,88,88,,38,https://www.transfermarkt.co.uk/scottish-premiership/tabelle/wettbewerb/SC1/saison_id/2010 https://en.wikipedia.org/w/index.php?title=2010%E2%80%9311_Scottish_Premier_League
2010/11,Celtic,84,85,1,,85,85,,38,https://www.transfermarkt.co.uk/scottish-premiership/tabelle/wettbewerb/SC1/saison_id/2010 https://en.wikipedia.org/w/index.php?title=2010%E2%80%9311_Scottish_Premier_League
2010/11,Hearts,50,53,3,,53,53,,38,https://www.transfermarkt.co.uk/scottish-premiership/tabelle/wettbewerb/SC1/saison_id/2010 https://en.wikipedia.org/w/index.php?title=2010%E2%80%9311_Scottish_Premier_League
2010/11,Dundee United,54,55,1,,55,55,,38,https://www.transfermarkt.co.uk/scottish-premiership/tabelle/wettbewerb/SC1/saison_id/2010 https://en.wikipedia.org/w/index.php?title=2010%E2%80%9311_Scottish_Premier_League
2010/11,Inverness CT,51,52,1,,52,52,,38,https://www.transfermarkt.co.uk/scottish-premiership/tabelle/wettbewerb/SC1/saison_id/2010 https://en.wikipedia.org/w/index.php?title=2010%E2%80%9311_Scottish_Premier_League
2010/11,Kilmarnock,52,53,1,,53,53,,38,https://www.transfermarkt.co.uk/scottish-premiership/tabelle/wettbewerb/SC1/saison_id/2010 https://en.wikipedia.org/w/index.php?title=2010%E2%80%9311_Scottish_Premier_League
2010/11,Motherwell,37,40,3,,40,40,,38,https://www.transfermarkt.co.uk/scottish-premiership/tabelle/wettbewerb/SC1/saison_id/2010 https://en.wikipedia.org/w/index.php?title=2010%E2%80%9311_Scottish_Premier_League
2010/11,St Johnstone,20,23,3,,23,23,,38,https://www.transfermarkt.co.uk/scottish-premiership/tabelle/wettbewerb/SC1/saison_id/2010 https://en.wikipedia.org/w/index.php?title=2010%E2%80%9311_Scottish_Premier_League
2010/11,Aberdeen,38,39,1,,39,39,,38,https://www.transfermarkt.co.uk/scottish-premiership/tabelle/wettbewerb/SC1/saison_id/2010 https://en.wikipedia.org/w/index.php?title=2010%E2%80%9311_Scottish_Premier_League
2010/11,Hibernian,39,39,0,,39,39,,38,https://www.transfermarkt.co.uk/scottish-premiership/tabelle/wettbewerb/SC1/saison_id/2010 https://en.wikipedia.org/w/index.php?title=2010%E2%80%9311_Scottish_Premier_League
2010/11,St Mirren,33,33,0,,33,33,,38,https://www.transfermarkt.co.uk/scottish-premiership/tabelle/wettbewerb/SC1/saison_id/2010 https://en.wikipedia.org/w/index.php?title=2010%E2%80%9311_Scottish_Premier_League
2010/11,Hamilton,21,24,3,,24,24,,38,https://www.transfermarkt.co.uk/scottish-premiership/tabelle/wettbewerb/SC1/saison_id/2010 https://en.wikipedia.org/w/index.php?title=2010%E2%80%9311_Scottish_Premier_League
2011/12,Celtic,83,84,1,,84,84,,38,https://www.transfermarkt.co.uk/scottish-premiership/tabelle/wettbewerb/SC1/saison_id/2011 https://en.wikipedia.org/w/index.php?title=2011%E2%80%9312_Scottish_Premier_League
2011/12,Rangers,74,77,3,,77,77,,38,https://www.transfermarkt.co.uk/scottish-premiership/tabelle/wettbewerb/SC1/saison_id/2011 https://en.wikipedia.org/w/index.php?title=2011%E2%80%9312_Scottish_Premier_League
2011/12,Motherwell,48,49,1,,49,49,,38,https://www.transfermarkt.co.uk/scottish-premiership/tabelle/wettbewerb/SC1/saison_id/2011 https://en.wikipedia.org/w/index.php?title=2011%E2%80%9312_Scottish_Premier_League
2011/12,Dundee United,58,62,4,,62,62,,38,https://www.transfermarkt.co.uk/scottish-premiership/tabelle/wettbewerb/SC1/saison_id/2011 https://en.wikipedia.org/w/index.php?title=2011%E2%80%9312_Scottish_Premier_League
2011/12,Hearts,44,45,1,,45,45,,38,https://www.transfermarkt.co.uk/scottish-premiership/tabelle/wettbewerb/SC1/saison_id/2011 https://en.wikipedia.org/w/index.php?title=2011%E2%80%9312_Scottish_Premier_League
2011/12,St Johnstone,40,43,3,,43,43,,38,https://www.transfermarkt.co.uk/scottish-premiership/tabelle/wettbewerb/SC1/saison_id/2011 https://en.wikipedia.org/w/index.php?title=2011%E2%80%9312_Scottish_Premier_League
2011/12,Kilmarnock,42,44,2,,44,44,,38,https://www.transfermarkt.co.uk/scottish-premiership/tabelle/wettbewerb/SC1/saison_id/2011 https://en.wikipedia.org/w/index.php?title=2011%E2%80%9312_Scottish_Premier_League
2011/12,St Mirren,39,39,0,,39,39,,38,https://www.transfermarkt.co.uk/scottish-premiership/tabelle/wettbewerb/SC1/saison_id/2011 https://en.wikipedia.org/w/index.php?title=2011%E2%80%9312_Scottish_Premier_League
2011/12,Aberdeen,32,36,4,,36,36,,38,https://www.transfermarkt.co.uk/scottish-premiership/tabelle/wettbewerb/SC1/saison_id/2011 https://en.wikipedia.org/w/index.php?title=2011%E2%80%9312_Scottish_Premier_League
2011/12,Inverness CT,42,42,0,,42,42,,38,https://www.transfermarkt.co.uk/scottish-premiership/tabelle/wettbewerb/SC1/saison_id/2011 https://en.wikipedia.org/w/index.php?title=2011%E2%80%9312_Scottish_Premier_League
2011/12,Hibernian,37,40,3,,40,40,,38,https://www.transfermarkt.co.uk/scottish-premiership/tabelle/wettbewerb/SC1/saison_id/2011 https://en.wikipedia.org/w/index.php?title=2011%E2%80%9312_Scottish_Premier_League
2011/12,Dunfermline,38,40,2,,40,40,,38,https://www.transfermarkt.co.uk/scottish-premiership/tabelle/wettbewerb/SC1/saison_id/2011 https://en.wikipedia.org/w/index.php?title=2011%E2%80%9312_Scottish_Premier_League
2012/13,Celtic,88,92,4,,92,92,,38,https://www.transfermarkt.co.uk/scottish-premiership/tabelle/wettbewerb/SC1/saison_id/2012 https://en.wikipedia.org/w/index.php?title=2012%E2%80%9313_Scottish_Premier_League
2012/13,Motherwell,65,67,2,,67,67,,38,https://www.transfermarkt.co.uk/scottish-premiership/tabelle/wettbewerb/SC1/saison_id/2012 https://en.wikipedia.org/w/index.php?title=2012%E2%80%9313_Scottish_Premier_League
2012/13,St Johnstone,44,45,1,,45,45,,38,https://www.transfermarkt.co.uk/scottish-premiership/tabelle/wettbewerb/SC1/saison_id/2012 https://en.wikipedia.org/w/index.php?title=2012%E2%80%9313_Scottish_Premier_League
2012/13,Inverness CT,64,64,0,,64,64,,38,https://www.transfermarkt.co.uk/scottish-premiership/tabelle/wettbewerb/SC1/saison_id/2012 https://en.wikipedia.org/w/index.php?title=2012%E2%80%9313_Scottish_Premier_League
2012/13,Ross County,45,47,2,,47,47,,38,https://www.transfermarkt.co.uk/scottish-premiership/tabelle/wettbewerb/SC1/saison_id/2012 https://en.wikipedia.org/w/index.php?title=2012%E2%80%9313_Scottish_Premier_League
2012/13,Hibernian,49,49,0,,49,49,,38,https://www.transfermarkt.co.uk/scottish-premiership/tabelle/wettbewerb/SC1/saison_id/2012 https://en.wikipedia.org/w/index.php?title=2012%E2%80%9313_Scottish_Premier_League
2012/13,Aberdeen,40,41,1,,41,41,,38,https://www.transfermarkt.co.uk/scottish-premiership/tabelle/wettbewerb/SC1/saison_id/2012 https://en.wikipedia.org/w/index.php?title=2012%E2%80%9313_Scottish_Premier_League
2012/13,Dundee United,48,51,3,,51,51,,38,https://www.transfermarkt.co.uk/scottish-premiership/tabelle/wettbewerb/SC1/saison_id/2012 https://en.wikipedia.org/w/index.php?title=2012%E2%80%9313_Scottish_Premier_League
2012/13,Kilmarnock,51,52,1,,52,52,,38,https://www.transfermarkt.co.uk/scottish-premiership/tabelle/wettbewerb/SC1/saison_id/2012 https://en.wikipedia.org/w/index.php?title=2012%E2%80%9313_Scottish_Premier_League
2012/13,Hearts,39,40,1,,40,40,,38,https://www.transfermarkt.co.uk/scottish-premiership/tabelle/wettbewerb/SC1/saison_id/2012 https://en.wikipedia.org/w/index.php?title=2012%E2%80%9313_Scottish_Premier_League
2012/13,St Mirren,47,47,0,,47,47,,38,https://www.transfermarkt.co.uk/scottish-premiership/tabelle/wettbewerb/SC1/saison_id/2012 https://en.wikipedia.org/w/index.php?title=2012%E2%80%9313_Scottish_Premier_League
2012/13,Dundee,28,28,0,,28,28,,38,https://www.transfermarkt.co.uk/scottish-premiership/tabelle/wettbewerb/SC1/saison_id/2012 https://en.wikipedia.org/w/index.php?title=2012%E2%80%9313_Scottish_Premier_League
2013/14,Celtic,100,102,2,,102,102,,38,https://www.transfermarkt.co.uk/scottish-premiership/tabelle/wettbewerb/SC1/saison_id/2013 https://en.wikipedia.org/w/index.php?title=2013%E2%80%9314_Scottish_Premiership
2013/14,Motherwell,63,64,1,,64,64,,38,https://www.transfermarkt.co.uk/scottish-premiership/tabelle/wettbewerb/SC1/saison_id/2013 https://en.wikipedia.org/w/index.php?title=2013%E2%80%9314_Scottish_Premiership
2013/14,Aberdeen,53,53,0,,53,53,,38,https://www.transfermarkt.co.uk/scottish-premiership/tabelle/wettbewerb/SC1/saison_id/2013 https://en.wikipedia.org/w/index.php?title=2013%E2%80%9314_Scottish_Premiership
2013/14,Dundee United,64,65,1,,65,65,,38,https://www.transfermarkt.co.uk/scottish-premiership/tabelle/wettbewerb/SC1/saison_id/2013 https://en.wikipedia.org/w/index.php?title=2013%E2%80%9314_Scottish_Premiership
2013/14,Inverness CT,44,44,0,,44,44,,38,https://www.transfermarkt.co.uk/scottish-premiership/tabelle/wettbewerb/SC1/saison_id/2013 https://en.wikipedia.org/w/index.php?title=2013%E2%80%9314_Scottish_Premiership
2013/14,St Johnstone,47,48,1,,48,48,,38,https://www.transfermarkt.co.uk/scottish-premiership/tabelle/wettbewerb/SC1/saison_id/2013 https://en.wikipedia.org/w/index.php?title=2013%E2%80%9314_Scottish_Premiership
2013/14,Ross County,44,44,0,,44,44,,38,https://www.transfermarkt.co.uk/scottish-premiership/tabelle/wettbewerb/SC1/saison_id/2013 https://en.wikipedia.org/w/index.php?title=2013%E2%80%9314_Scottish_Premiership
2013/14,St Mirren,38,39,1,,39,39,,38,https://www.transfermarkt.co.uk/scottish-premiership/tabelle/wettbewerb/SC1/saison_id/2013 https://en.wikipedia.org/w/index.php?title=2013%E2%80%9314_Scottish_Premiership
2013/14,Kilmarnock,43,45,2,,45,45,,38,https://www.transfermarkt.co.uk/scottish-premiership/tabelle/wettbewerb/SC1/saison_id/2013 https://en.wikipedia.org/w/index.php?title=2013%E2%80%9314_Scottish_Premiership
2013/14,Partick Thistle,47,46,-1,,46,46,,38,https://www.transfermarkt.co.uk/scottish-premiership/tabelle/wettbewerb/SC1/saison_id/2013 https://en.wikipedia.org/w/index.php?title=2013%E2%80%9314_Scottish_Premiership
2013/14,Hibernian,31,31,0,,31,31,,38,https://www.transfermarkt.co.uk/scottish-premiership/tabelle/wettbewerb/SC1/saison_id/2013 https://en.wikipedia.org/w/index.php?title=2013%E2%80%9314_Scottish_Premiership
2013/14,Hearts,45,45,0,,45,45,,38,https://www.transfermarkt.co.uk/scottish-premiership/tabelle/wettbewerb/SC1/saison_id/2013 https://en.wikipedia.org/w/index.php?title=2013%E2%80%9314_Scottish_Premiership
2014/15,Celtic,84,84,0,,84,84,,38,https://www.transfermarkt.co.uk/scottish-premiership/tabelle/wettbewerb/SC1/saison_id/2014 https://en.wikipedia.org/w/index.php?title=Template%3A2014%E2%80%9315_Scottish_Premiership_table
2014/15,Aberdeen,54,57,3,,57,57,,38,https://www.transfermarkt.co.uk/scottish-premiership/tabelle/wettbewerb/SC1/saison_id/2014 https://en.wikipedia.org/w/index.php?title=Template%3A2014%E2%80%9315_Scottish_Premiership_table
2014/15,Inverness CT,50,52,2,,52,52,,38,https://www.transfermarkt.co.uk/scottish-premiership/tabelle/wettbewerb/SC1/saison_id/2014 https://en.wikipedia.org/w/index.php?title=Template%3A2014%E2%80%9315_Scottish_Premiership_table
2014/15,St Johnstone,33,34,1,,34,34,,38,https://www.transfermarkt.co.uk/scottish-premiership/tabelle/wettbewerb/SC1/saison_id/2014 https://en.wikipedia.org/w/index.php?title=Template%3A2014%E2%80%9315_Scottish_Premiership_table
2014/15,Dundee United,58,58,0,,58,58,,38,https://www.transfermarkt.co.uk/scottish-premiership/tabelle/wettbewerb/SC1/saison_id/2014 https://en.wikipedia.org/w/index.php?title=Template%3A2014%E2%80%9315_Scottish_Premiership_table
2014/15,Hamilton,50,50,0,,50,50,,38,https://www.transfermarkt.co.uk/scottish-premiership/tabelle/wettbewerb/SC1/saison_id/2014 https://en.wikipedia.org/w/index.php?title=Template%3A2014%E2%80%9315_Scottish_Premiership_table
2014/15,Partick Thistle,46,48,2,,48,48,,38,https://www.transfermarkt.co.uk/scottish-premiership/tabelle/wettbewerb/SC1/saison_id/2014 https://en.wikipedia.org/w/index.php?title=Template%3A2014%E2%80%9315_Scottish_Premiership_table
2014/15,Dundee,44,46,2,,46,46,,38,https://www.transfermarkt.co.uk/scottish-premiership/tabelle/wettbewerb/SC1/saison_id/2014 https://en.wikipedia.org/w/index.php?title=Template%3A2014%E2%80%9315_Scottish_Premiership_table
2014/15,Ross County,45,46,1,,46,46,,38,https://www.transfermarkt.co.uk/scottish-premiership/tabelle/wettbewerb/SC1/saison_id/2014 https://en.wikipedia.org/w/index.php?title=Template%3A2014%E2%80%9315_Scottish_Premiership_table
2014/15,Kilmarnock,44,44,0,,44,44,,38,https://www.transfermarkt.co.uk/scottish-premiership/tabelle/wettbewerb/SC1/saison_id/2014 https://en.wikipedia.org/w/index.php?title=Template%3A2014%E2%80%9315_Scottish_Premiership_table
2014/15,Motherwell,38,38,0,,38,38,,38,https://www.transfermarkt.co.uk/scottish-premiership/tabelle/wettbewerb/SC1/saison_id/2014 https://en.wikipedia.org/w/index.php?title=Template%3A2014%E2%80%9315_Scottish_Premiership_table
2014/15,St Mirren,30,30,0,,30,30,,38,https://www.transfermarkt.co.uk/scottish-premiership/tabelle/wettbewerb/SC1/saison_id/2014 https://en.wikipedia.org/w/index.php?title=Template%3A2014%E2%80%9315_Scottish_Premiership_table
2015/16,Celtic,90,93,3,,93,93,,38,https://www.transfermarkt.co.uk/scottish-premiership/tabelle/wettbewerb/SC1/saison_id/2015 https://en.wikipedia.org/w/index.php?title=2015%E2%80%9316_Scottish_Premiership
2015/16,Aberdeen,62,62,0,,62,62,,38,https://www.transfermarkt.co.uk/scottish-premiership/tabelle/wettbewerb/SC1/saison_id/2015 https://en.wikipedia.org/w/index.php?title=2015%E2%80%9316_Scottish_Premiership
2015/16,Hearts,58,59,1,,59,59,,38,https://www.transfermarkt.co.uk/scottish-premiership/tabelle/wettbewerb/SC1/saison_id/2015 https://en.wikipedia.org/w/index.php?title=2015%E2%80%9316_Scottish_Premiership
2015/16,St Johnstone,57,58,1,,58,58,,38,https://www.transfermarkt.co.uk/scottish-premiership/tabelle/wettbewerb/SC1/saison_id/2015 https://en.wikipedia.org/w/index.php?title=2015%E2%80%9316_Scottish_Premiership
2015/16,Inverness CT,54,54,0,,54,54,,38,https://www.transfermarkt.co.uk/scottish-premiership/tabelle/wettbewerb/SC1/saison_id/2015 https://en.wikipedia.org/w/index.php?title=2015%E2%80%9316_Scottish_Premiership
2015/16,Motherwell,46,47,1,,47,47,,38,https://www.transfermarkt.co.uk/scottish-premiership/tabelle/wettbewerb/SC1/saison_id/2015 https://en.wikipedia.org/w/index.php?title=2015%E2%80%9316_Scottish_Premiership
2015/16,Dundee,53,53,0,,53,53,,38,https://www.transfermarkt.co.uk/scottish-premiership/tabelle/wettbewerb/SC1/saison_id/2015 https://en.wikipedia.org/w/index.php?title=2015%E2%80%9316_Scottish_Premiership
2015/16,Ross County,53,55,2,,55,55,,38,https://www.transfermarkt.co.uk/scottish-premiership/tabelle/wettbewerb/SC1/saison_id/2015 https://en.wikipedia.org/w/index.php?title=2015%E2%80%9316_Scottish_Premiership
2015/16,Partick Thistle,40,41,1,,41,41,,38,https://www.transfermarkt.co.uk/scottish-premiership/tabelle/wettbewerb/SC1/saison_id/2015 https://en.wikipedia.org/w/index.php?title=2015%E2%80%9316_Scottish_Premiership
2015/16,Hamilton,41,42,1,,42,42,,38,https://www.transfermarkt.co.uk/scottish-premiership/tabelle/wettbewerb/SC1/saison_id/2015 https://en.wikipedia.org/w/index.php?title=2015%E2%80%9316_Scottish_Premiership
2015/16,Kilmarnock,40,41,1,,41,41,,38,https://www.transfermarkt.co.uk/scottish-premiership/tabelle/wettbewerb/SC1/saison_id/2015 https://en.wikipedia.org/w/index.php?title=2015%E2%80%9316_Scottish_Premiership
2015/16,Dundee United,43,45,2,,45,45,,38,https://www.transfermarkt.co.uk/scottish-premiership/tabelle/wettbewerb/SC1/saison_id/2015 https://en.wikipedia.org/w/index.php?title=2015%E2%80%9316_Scottish_Premiership
2016/17,Celtic,106,106,0,,106,106,,38,https://www.transfermarkt.co.uk/scottish-premiership/tabelle/wettbewerb/SC1/saison_id/2016 https://en.wikipedia.org/w/index.php?title=Template%3A2016%E2%80%9317_Scottish_Premiership_table
2016/17,Aberdeen,73,74,1,,74,74,,38,https://www.transfermarkt.co.uk/scottish-premiership/tabelle/wettbewerb/SC1/saison_id/2016 https://en.wikipedia.org/w/index.php?title=Template%3A2016%E2%80%9317_Scottish_Premiership_table
2016/17,Rangers,55,56,1,,56,56,,38,https://www.transfermarkt.co.uk/scottish-premiership/tabelle/wettbewerb/SC1/saison_id/2016 https://en.wikipedia.org/w/index.php?title=Template%3A2016%E2%80%9317_Scottish_Premiership_table
2016/17,St Johnstone,48,50,2,,50,50,,38,https://www.transfermarkt.co.uk/scottish-premiership/tabelle/wettbewerb/SC1/saison_id/2016 https://en.wikipedia.org/w/index.php?title=Template%3A2016%E2%80%9317_Scottish_Premiership_table
2016/17,Hearts,55,55,0,,55,55,,38,https://www.transfermarkt.co.uk/scottish-premiership/tabelle/wettbewerb/SC1/saison_id/2016 https://en.wikipedia.org/w/index.php?title=Template%3A2016%E2%80%9317_Scottish_Premiership_table
2016/17,Ross County,48,48,0,,48,48,,38,https://www.transfermarkt.co.uk/scottish-premiership/tabelle/wettbewerb/SC1/saison_id/2016 https://en.wikipedia.org/w/index.php?title=Template%3A2016%E2%80%9317_Scottish_Premiership_table
2016/17,Partick Thistle,37,38,1,,38,38,,38,https://www.transfermarkt.co.uk/scottish-premiership/tabelle/wettbewerb/SC1/saison_id/2016 https://en.wikipedia.org/w/index.php?title=Template%3A2016%E2%80%9317_Scottish_Premiership_table
2016/17,Kilmarnock,36,36,0,,36,36,,38,https://www.transfermarkt.co.uk/scottish-premiership/tabelle/wettbewerb/SC1/saison_id/2016 https://en.wikipedia.org/w/index.php?title=Template%3A2016%E2%80%9317_Scottish_Premiership_table
2016/17,Motherwell,44,46,2,,46,46,,38,https://www.transfermarkt.co.uk/scottish-premiership/tabelle/wettbewerb/SC1/saison_id/2016 https://en.wikipedia.org/w/index.php?title=Template%3A2016%E2%80%9317_Scottish_Premiership_table
2016/17,Dundee,36,38,2,,38,38,,38,https://www.transfermarkt.co.uk/scottish-premiership/tabelle/wettbewerb/SC1/saison_id/2016 https://en.wikipedia.org/w/index.php?title=Template%3A2016%E2%80%9317_Scottish_Premiership_table
2016/17,Hamilton,37,37,0,,37,37,,38,https://www.transfermarkt.co.uk/scottish-premiership/tabelle/wettbewerb/SC1/saison_id/2016 https://en.wikipedia.org/w/index.php?title=Template%3A2016%E2%80%9317_Scottish_Premiership_table
2016/17,Inverness CT,44,44,0,,44,44,,38,https://www.transfermarkt.co.uk/scottish-premiership/tabelle/wettbewerb/SC1/saison_id/2016 https://en.wikipedia.org/w/index.php?title=Template%3A2016%E2%80%9317_Scottish_Premiership_table
2017/18,Celtic,72,73,1,,73,73,,38,https://www.transfermarkt.co.uk/scottish-premiership/tabelle/wettbewerb/SC1/saison_id/2017 https://www.transfermarkt.co.uk/scottish-premiership-top-six-split/tabelle/wettbewerb/SCPM/saison_id/2017 https://en.wikipedia.org/w/index.php?title=Template%3A2017%E2%80%9318_Scottish_Premiership_table
2017/18,Rangers,76,76,0,,76,76,,38,https://www.transfermarkt.co.uk/scottish-premiership/tabelle/wettbewerb/SC1/saison_id/2017 https://www.transfermarkt.co.uk/scottish-premiership-top-six-split/tabelle/wettbewerb/SCPM/saison_id/2017 https://en.wikipedia.org/w/index.php?title=Template%3A2017%E2%80%9318_Scottish_Premiership_table
2017/18,Aberdeen,55,56,1,,56,56,,38,https://www.transfermarkt.co.uk/scottish-premiership/tabelle/wettbewerb/SC1/saison_id/2017 https://www.transfermarkt.co.uk/scottish-premiership-top-six-split/tabelle/wettbewerb/SCPM/saison_id/2017 https://en.wikipedia.org/w/index.php?title=Template%3A2017%E2%80%9318_Scottish_Premiership_table
2017/18,Hibernian,59,62,3,,62,62,,38,https://www.transfermarkt.co.uk/scottish-premiership/tabelle/wettbewerb/SC1/saison_id/2017 https://www.transfermarkt.co.uk/scottish-premiership-top-six-split/tabelle/wettbewerb/SCPM/saison_id/2017 https://en.wikipedia.org/w/index.php?title=Template%3A2017%E2%80%9318_Scottish_Premiership_table
2017/18,Kilmarnock,47,49,2,,49,49,,38,https://www.transfermarkt.co.uk/scottish-premiership/tabelle/wettbewerb/SC1/saison_id/2017 https://www.transfermarkt.co.uk/scottish-premiership-top-six-split/tabelle/wettbewerb/SCPM/saison_id/2017 https://en.wikipedia.org/w/index.php?title=Template%3A2017%E2%80%9318_Scottish_Premiership_table
2017/18,Hearts,39,39,0,,39,39,,38,https://www.transfermarkt.co.uk/scottish-premiership/tabelle/wettbewerb/SC1/saison_id/2017 https://www.transfermarkt.co.uk/scottish-premiership-top-six-split/tabelle/wettbewerb/SCPM/saison_id/2017 https://en.wikipedia.org/w/index.php?title=Template%3A2017%E2%80%9318_Scottish_Premiership_table
2017/18,Motherwell,41,43,2,,43,43,,38,https://www.transfermarkt.co.uk/scottish-premiership/tabelle/wettbewerb/SC1/saison_id/2017 https://www.transfermarkt.co.uk/scottish-premiership-relegation-round/tabelle/wettbewerb/SCPA/saison_id/2017 https://en.wikipedia.org/w/index.php?title=Template%3A2017%E2%80%9318_Scottish_Premiership_table
2017/18,St Johnstone,41,42,1,,42,42,,38,https://www.transfermarkt.co.uk/scottish-premiership/tabelle/wettbewerb/SC1/saison_id/2017 https://www.transfermarkt.co.uk/scottish-premiership-relegation-round/tabelle/wettbewerb/SCPA/saison_id/2017 https://en.wikipedia.org/w/index.php?title=Template%3A2017%E2%80%9318_Scottish_Premiership_table
2017/18,Hamilton,45,47,2,,47,47,,38,https://www.transfermarkt.co.uk/scottish-premiership/tabelle/wettbewerb/SC1/saison_id/2017 https://www.transfermarkt.co.uk/scottish-premiership-relegation-round/tabelle/wettbewerb/SCPA/saison_id/2017 https://en.wikipedia.org/w/index.php?title=Template%3A2017%E2%80%9318_Scottish_Premiership_table
2017/18,Dundee,36,36,0,,36,36,,38,https://www.transfermarkt.co.uk/scottish-premiership/tabelle/wettbewerb/SC1/saison_id/2017 https://www.transfermarkt.co.uk/scottish-premiership-relegation-round/tabelle/wettbewerb/SCPA/saison_id/2017 https://en.wikipedia.org/w/index.php?title=Template%3A2017%E2%80%9318_Scottish_Premiership_table
2017/18,Ross County,40,40,0,,40,40,,38,https://www.transfermarkt.co.uk/scottish-premiership/tabelle/wettbewerb/SC1/saison_id/2017 https://www.transfermarkt.co.uk/scottish-premiership-relegation-round/tabelle/wettbewerb/SCPA/saison_id/2017 https://en.wikipedia.org/w/index.php?title=Template%3A2017%E2%80%9318_Scottish_Premiership_table
2017/18,Partick Thistle,31,31,0,,31,31,,38,https://www.transfermarkt.co.uk/scottish-premiership/tabelle/wettbewerb/SC1/saison_id/2017 https://www.transfermarkt.co.uk/scottish-premiership-relegation-round/tabelle/wettbewerb/SCPA/saison_id/2017 https://en.wikipedia.org/w/index.php?title=Template%3A2017%E2%80%9318_Scottish_Premiership_table
2018/19,Celtic,76,77,1,,77,77,,38,https://www.transfermarkt.co.uk/scottish-premiership/tabelle/wettbewerb/SC1/saison_id/2018 https://www.transfermarkt.co.uk/scottish-premiership-top-six-split/tabelle/wettbewerb/SCPM/saison_id/2018 https://en.wikipedia.org/w/index.php?title=2018%E2%80%9319_Scottish_Premiership
2018/19,Rangers,82,82,0,,82,82,,38,https://www.transfermarkt.co.uk/scottish-premiership/tabelle/wettbewerb/SC1/saison_id/2018 https://www.transfermarkt.co.uk/scottish-premiership-top-six-split/tabelle/wettbewerb/SCPM/saison_id/2018 https://en.wikipedia.org/w/index.php?title=2018%E2%80%9319_Scottish_Premiership
2018/19,Kilmarnock,47,50,3,,50,50,,38,https://www.transfermarkt.co.uk/scottish-premiership/tabelle/wettbewerb/SC1/saison_id/2018 https://www.transfermarkt.co.uk/scottish-premiership-top-six-split/tabelle/wettbewerb/SCPM/saison_id/2018 https://en.wikipedia.org/w/index.php?title=2018%E2%80%9319_Scottish_Premiership
2018/19,Aberdeen,57,57,0,,57,57,,38,https://www.transfermarkt.co.uk/scottish-premiership/tabelle/wettbewerb/SC1/saison_id/2018 https://www.transfermarkt.co.uk/scottish-premiership-top-six-split/tabelle/wettbewerb/SCPM/saison_id/2018 https://en.wikipedia.org/w/index.php?title=2018%E2%80%9319_Scottish_Premiership
2018/19,Hibernian,48,51,3,,51,51,,38,https://www.transfermarkt.co.uk/scottish-premiership/tabelle/wettbewerb/SC1/saison_id/2018 https://www.transfermarkt.co.uk/scottish-premiership-top-six-split/tabelle/wettbewerb/SCPM/saison_id/2018 https://en.wikipedia.org/w/index.php?title=2018%E2%80%9319_Scottish_Premiership
2018/19,Hearts,41,42,1,,42,42,,38,https://www.transfermarkt.co.uk/scottish-premiership/tabelle/wettbewerb/SC1/saison_id/2018 https://www.transfermarkt.co.uk/scottish-premiership-top-six-split/tabelle/wettbewerb/SCPM/saison_id/2018 https://en.wikipedia.org/w/index.php?title=2018%E2%80%9319_Scottish_Premiership
2018/19,St Johnstone,37,38,1,,,38,,,https://www.transfermarkt.co.uk/scottish-premiership/tabelle/wettbewerb/SC1/saison_id/2018 https://en.wikipedia.org/w/index.php?title=2018%E2%80%9319_Scottish_Premiership
2018/19,Motherwell,46,46,0,,,46,,,https://www.transfermarkt.co.uk/scottish-premiership/tabelle/wettbewerb/SC1/saison_id/2018 https://en.wikipedia.org/w/index.php?title=2018%E2%80%9319_Scottish_Premiership
2018/19,Livingston,42,42,0,,,42,,,https://www.transfermarkt.co.uk/scottish-premiership/tabelle/wettbewerb/SC1/saison_id/2018 https://en.wikipedia.org/w/index.php?title=2018%E2%80%9319_Scottish_Premiership
2018/19,Hamilton,28,28,0,,,28,,,https://www.transfermarkt.co.uk/scottish-premiership/tabelle/wettbewerb/SC1/saison_id/2018 https://en.wikipedia.org/w/index.php?title=2018%E2%80%9319_Scottish_Premiership
2018/19,St Mirren,32,34,2,,,34,,,https://www.transfermarkt.co.uk/scottish-premiership/tabelle/wettbewerb/SC1/saison_id/2018 https://en.wikipedia.org/w/index.php?title=2018%E2%80%9319_Scottish_Premiership
2018/19,Dundee,31,31,0,,,31,,,https://www.transfermarkt.co.uk/scottish-premiership/tabelle/wettbewerb/SC1/saison_id/2018 https://en.wikipedia.org/w/index.php?title=2018%E2%80%9319_Scottish_Premiership
2019/20,Celtic,86,89,3,,89,89,,30,https://www.transfermarkt.co.uk/scottish-premiership/tabelle/wettbewerb/SC1/saison_id/2019 https://en.wikipedia.org/w/index.php?title=2019%E2%80%9320_Scottish_Premiership
2019/20,Rangers,63,64,1,,64,64,,29,https://www.transfermarkt.co.uk/scottish-premiership/tabelle/wettbewerb/SC1/saison_id/2019 https://en.wikipedia.org/w/index.php?title=2019%E2%80%9320_Scottish_Premiership
2019/20,Motherwell,41,41,0,,41,41,,30,https://www.transfermarkt.co.uk/scottish-premiership/tabelle/wettbewerb/SC1/saison_id/2019 https://en.wikipedia.org/w/index.php?title=2019%E2%80%9320_Scottish_Premiership
2019/20,Aberdeen,39,40,1,,40,40,,30,https://www.transfermarkt.co.uk/scottish-premiership/tabelle/wettbewerb/SC1/saison_id/2019 https://en.wikipedia.org/w/index.php?title=2019%E2%80%9320_Scottish_Premiership
2019/20,Livingston,41,41,0,,41,41,,30,https://www.transfermarkt.co.uk/scottish-premiership/tabelle/wettbewerb/SC1/saison_id/2019 https://en.wikipedia.org/w/index.php?title=2019%E2%80%9320_Scottish_Premiership
2019/20,Hibernian,41,42,1,,42,42,,30,https://www.transfermarkt.co.uk/scottish-premiership/tabelle/wettbewerb/SC1/saison_id/2019 https://en.wikipedia.org/w/index.php?title=2019%E2%80%9320_Scottish_Premiership
2019/20,St Johnstone,27,28,1,,28,28,,29,https://www.transfermarkt.co.uk/scottish-premiership/tabelle/wettbewerb/SC1/saison_id/2019 https://en.wikipedia.org/w/index.php?title=2019%E2%80%9320_Scottish_Premiership
2019/20,Kilmarnock,31,31,0,,31,31,,30,https://www.transfermarkt.co.uk/scottish-premiership/tabelle/wettbewerb/SC1/saison_id/2019 https://en.wikipedia.org/w/index.php?title=2019%E2%80%9320_Scottish_Premiership
2019/20,St Mirren,24,24,0,,24,24,,30,https://www.transfermarkt.co.uk/scottish-premiership/tabelle/wettbewerb/SC1/saison_id/2019 https://en.wikipedia.org/w/index.php?title=2019%E2%80%9320_Scottish_Premiership
2019/20,Ross County,29,29,0,,29,29,,30,https://www.transfermarkt.co.uk/scottish-premiership/tabelle/wettbewerb/SC1/saison_id/2019 https://en.wikipedia.org/w/index.php?title=2019%E2%80%9320_Scottish_Premiership
2019/20,Hamilton,30,30,0,,30,30,,30,https://www.transfermarkt.co.uk/scottish-premiership/tabelle/wettbewerb/SC1/saison_id/2019 https://en.wikipedia.org/w/index.php?title=2019%E2%80%9320_Scottish_Premiership
2019/20,Hearts,30,31,1,,31,31,,30,https://www.transfermarkt.co.uk/scottish-premiership/tabelle/wettbewerb/SC1/saison_id/2019 https://en.wikipedia.org/w/index.php?title=2019%E2%80%9320_Scottish_Premiership
2020/21,Rangers,87,92,5,CHECK,92,92,,38,https://www.transfermarkt.co.uk/scottish-premiership/tabelle/wettbewerb/SC1/saison_id/2020 https://www.transfermarkt.co.uk/scottish-premiership-top-six-split/tabelle/wettbewerb/SCPM/saison_id/2020 https://en.wikipedia.org/w/index.php?title=2020%E2%80%9321_Scottish_Premiership
2020/21,Celtic,77,78,1,,78,78,,38,https://www.transfermarkt.co.uk/scottish-premiership/tabelle/wettbewerb/SC1/saison_id/2020 https://www.transfermarkt.co.uk/scottish-premiership-top-six-split/tabelle/wettbewerb/SCPM/saison_id/2020 https://en.wikipedia.org/w/index.php?title=2020%E2%80%9321_Scottish_Premiership
2020/21,Hibernian,46,48,2,,48,48,,38,https://www.transfermarkt.co.uk/scottish-premiership/tabelle/wettbewerb/SC1/saison_id/2020 https://www.transfermarkt.co.uk/scottish-premiership-top-six-split/tabelle/wettbewerb/SCPM/saison_id/2020 https://en.wikipedia.org/w/index.php?title=2020%E2%80%9321_Scottish_Premiership
2020/21,Aberdeen,35,36,1,,36,36,,38,https://www.transfermarkt.co.uk/scottish-premiership/tabelle/wettbewerb/SC1/saison_id/2020 https://www.transfermarkt.co.uk/scottish-premiership-top-six-split/tabelle/wettbewerb/SCPM/saison_id/2020 https://en.wikipedia.org/w/index.php?title=2020%E2%80%9321_Scottish_Premiership
2020/21,Livingston,40,42,2,,42,42,,38,https://www.transfermarkt.co.uk/scottish-premiership/tabelle/wettbewerb/SC1/saison_id/2020 https://www.transfermarkt.co.uk/scottish-premiership-top-six-split/tabelle/wettbewerb/SCPM/saison_id/2020 https://en.wikipedia.org/w/index.php?title=2020%E2%80%9321_Scottish_Premiership
2020/21,St Johnstone,36,36,0,,36,36,,38,https://www.transfermarkt.co.uk/scottish-premiership/tabelle/wettbewerb/SC1/saison_id/2020 https://www.transfermarkt.co.uk/scottish-premiership-top-six-split/tabelle/wettbewerb/SCPM/saison_id/2020 https://en.wikipedia.org/w/index.php?title=2020%E2%80%9321_Scottish_Premiership
2020/21,St Mirren,36,37,1,,37,37,,38,https://www.transfermarkt.co.uk/scottish-premiership/tabelle/wettbewerb/SC1/saison_id/2020 https://www.transfermarkt.co.uk/scottish-premiership-relegation-round/tabelle/wettbewerb/SCPA/saison_id/2020 https://en.wikipedia.org/w/index.php?title=2020%E2%80%9321_Scottish_Premiership
2020/21,Dundee United,32,32,0,,32,32,,38,https://www.transfermarkt.co.uk/scottish-premiership/tabelle/wettbewerb/SC1/saison_id/2020 https://www.transfermarkt.co.uk/scottish-premiership-relegation-round/tabelle/wettbewerb/SCPA/saison_id/2020 https://en.wikipedia.org/w/index.php?title=2020%E2%80%9321_Scottish_Premiership
2020/21,Motherwell,38,39,1,,39,39,,38,https://www.transfermarkt.co.uk/scottish-premiership/tabelle/wettbewerb/SC1/saison_id/2020 https://www.transfermarkt.co.uk/scottish-premiership-relegation-round/tabelle/wettbewerb/SCPA/saison_id/2020 https://en.wikipedia.org/w/index.php?title=2020%E2%80%9321_Scottish_Premiership
2020/21,Ross County,34,35,1,,35,35,,38,https://www.transfermarkt.co.uk/scottish-premiership/tabelle/wettbewerb/SC1/saison_id/2020 https://www.transfermarkt.co.uk/scottish-premiership-relegation-round/tabelle/wettbewerb/SCPA/saison_id/2020 https://en.wikipedia.org/w/index.php?title=2020%E2%80%9321_Scottish_Premiership
2020/21,Kilmarnock,43,43,0,,43,43,,38,https://www.transfermarkt.co.uk/scottish-premiership/tabelle/wettbewerb/SC1/saison_id/2020 https://www.transfermarkt.co.uk/scottish-premiership-relegation-round/tabelle/wettbewerb/SCPA/saison_id/2020 https://en.wikipedia.org/w/index.php?title=2020%E2%80%9321_Scottish_Premiership
2020/21,Hamilton,32,34,2,,34,34,,38,https://www.transfermarkt.co.uk/scottish-premiership/tabelle/wettbewerb/SC1/saison_id/2020 https://www.transfermarkt.co.uk/scottish-premiership-relegation-round/tabelle/wettbewerb/SCPA/saison_id/2020 https://en.wikipedia.org/w/index.php?title=2020%E2%80%9321_Scottish_Premiership
2021/22,Celtic,91,92,1,,92,92,,38,https://www.transfermarkt.co.uk/scottish-premiership/tabelle/wettbewerb/SC1/saison_id/2021 https://www.transfermarkt.co.uk/scottish-premiership-top-six-split/tabelle/wettbewerb/SCPM/saison_id/2021 https://en.wikipedia.org/w/index.php?title=2021%E2%80%9322_Scottish_Premiership
2021/22,Rangers,76,80,4,,80,80,,38,https://www.transfermarkt.co.uk/scottish-premiership/tabelle/wettbewerb/SC1/saison_id/2021 https://www.transfermarkt.co.uk/scottish-premiership-top-six-split/tabelle/wettbewerb/SCPM/saison_id/2021 https://en.wikipedia.org/w/index.php?title=2021%E2%80%9322_Scottish_Premiership
2021/22,Hearts,54,54,0,,54,54,,38,https://www.transfermarkt.co.uk/scottish-premiership/tabelle/wettbewerb/SC1/saison_id/2021 https://www.transfermarkt.co.uk/scottish-premiership-top-six-split/tabelle/wettbewerb/SCPM/saison_id/2021 https://en.wikipedia.org/w/index.php?title=2021%E2%80%9322_Scottish_Premiership
2021/22,Dundee United,36,37,1,,37,37,,38,https://www.transfermarkt.co.uk/scottish-premiership/tabelle/wettbewerb/SC1/saison_id/2021 https://www.transfermarkt.co.uk/scottish-premiership-top-six-split/tabelle/wettbewerb/SCPM/saison_id/2021 https://en.wikipedia.org/w/index.php?title=2021%E2%80%9322_Scottish_Premiership
2021/22,Ross County,41,47,6,CHECK,47,47,,38,https://www.transfermarkt.co.uk/scottish-premiership/tabelle/wettbewerb/SC1/saison_id/2021 https://www.transfermarkt.co.uk/scottish-premiership-top-six-split/tabelle/wettbewerb/SCPM/saison_id/2021 https://en.wikipedia.org/w/index.php?title=2021%E2%80%9322_Scottish_Premiership
2021/22,Motherwell,41,42,1,,42,42,,38,https://www.transfermarkt.co.uk/scottish-premiership/tabelle/wettbewerb/SC1/saison_id/2021 https://www.transfermarkt.co.uk/scottish-premiership-top-six-split/tabelle/wettbewerb/SCPM/saison_id/2021 https://en.wikipedia.org/w/index.php?title=2021%E2%80%9322_Scottish_Premiership
2021/22,Hibernian,36,38,2,,42,38,DIFFER,38,https://www.transfermarkt.co.uk/scottish-premiership/tabelle/wettbewerb/SC1/saison_id/2021 https://www.transfermarkt.co.uk/scottish-premiership-relegation-round/tabelle/wettbewerb/SCPA/saison_id/2021 https://en.wikipedia.org/w/index.php?title=2021%E2%80%9322_Scottish_Premiership
2021/22,Livingston,39,41,2,,37,41,DIFFER,38,https://www.transfermarkt.co.uk/scottish-premiership/tabelle/wettbewerb/SC1/saison_id/2021 https://www.transfermarkt.co.uk/scottish-premiership-relegation-round/tabelle/wettbewerb/SCPA/saison_id/2021 https://en.wikipedia.org/w/index.php?title=2021%E2%80%9322_Scottish_Premiership
2021/22,Aberdeen,40,41,1,,41,41,,38,https://www.transfermarkt.co.uk/scottish-premiership/tabelle/wettbewerb/SC1/saison_id/2021 https://www.transfermarkt.co.uk/scottish-premiership-relegation-round/tabelle/wettbewerb/SCPA/saison_id/2021 https://en.wikipedia.org/w/index.php?title=2021%E2%80%9322_Scottish_Premiership
2021/22,St Mirren,33,33,0,,33,33,,38,https://www.transfermarkt.co.uk/scottish-premiership/tabelle/wettbewerb/SC1/saison_id/2021 https://www.transfermarkt.co.uk/scottish-premiership-relegation-round/tabelle/wettbewerb/SCPA/saison_id/2021 https://en.wikipedia.org/w/index.php?title=2021%E2%80%9322_Scottish_Premiership
2021/22,St Johnstone,21,24,3,,24,24,,38,https://www.transfermarkt.co.uk/scottish-premiership/tabelle/wettbewerb/SC1/saison_id/2021 https://www.transfermarkt.co.uk/scottish-premiership-relegation-round/tabelle/wettbewerb/SCPA/saison_id/2021 https://en.wikipedia.org/w/index.php?title=2021%E2%80%9322_Scottish_Premiership
2021/22,Dundee,32,34,2,,34,34,,38,https://www.transfermarkt.co.uk/scottish-premiership/tabelle/wettbewerb/SC1/saison_id/2021 https://www.transfermarkt.co.uk/scottish-premiership-relegation-round/tabelle/wettbewerb/SCPA/saison_id/2021 https://en.wikipedia.org/w/index.php?title=2021%E2%80%9322_Scottish_Premiership
2022/23,Celtic,110,114,4,,114,114,,38,https://www.transfermarkt.co.uk/scottish-premiership/tabelle/wettbewerb/SC1/saison_id/2022 https://www.transfermarkt.co.uk/scottish-premiership-top-six-split/tabelle/wettbewerb/SCPM/saison_id/2022 https://en.wikipedia.org/w/index.php?title=2022%E2%80%9323_Scottish_Premiership
2022/23,Rangers,93,93,0,,93,93,,38,https://www.transfermarkt.co.uk/scottish-premiership/tabelle/wettbewerb/SC1/saison_id/2022 https://www.transfermarkt.co.uk/scottish-premiership-top-six-split/tabelle/wettbewerb/SCPM/saison_id/2022 https://en.wikipedia.org/w/index.php?title=2022%E2%80%9323_Scottish_Premiership
2022/23,Aberdeen,55,56,1,,56,56,,38,https://www.transfermarkt.co.uk/scottish-premiership/tabelle/wettbewerb/SC1/saison_id/2022 https://www.transfermarkt.co.uk/scottish-premiership-top-six-split/tabelle/wettbewerb/SCPM/saison_id/2022 https://en.wikipedia.org/w/index.php?title=2022%E2%80%9323_Scottish_Premiership
2022/23,Hearts,63,63,0,,63,63,,38,https://www.transfermarkt.co.uk/scottish-premiership/tabelle/wettbewerb/SC1/saison_id/2022 https://www.transfermarkt.co.uk/scottish-premiership-top-six-split/tabelle/wettbewerb/SCPM/saison_id/2022 https://en.wikipedia.org/w/index.php?title=2022%E2%80%9323_Scottish_Premiership
2022/23,Hibernian,54,57,3,,57,57,,38,https://www.transfermarkt.co.uk/scottish-premiership/tabelle/wettbewerb/SC1/saison_id/2022 https://www.transfermarkt.co.uk/scottish-premiership-top-six-split/tabelle/wettbewerb/SCPM/saison_id/2022 https://en.wikipedia.org/w/index.php?title=2022%E2%80%9323_Scottish_Premiership
2022/23,St Mirren,41,43,2,,43,43,,38,https://www.transfermarkt.co.uk/scottish-premiership/tabelle/wettbewerb/SC1/saison_id/2022 https://www.transfermarkt.co.uk/scottish-premiership-top-six-split/tabelle/wettbewerb/SCPM/saison_id/2022 https://en.wikipedia.org/w/index.php?title=2022%E2%80%9323_Scottish_Premiership
2022/23,Livingston,35,36,1,,36,36,,38,https://www.transfermarkt.co.uk/scottish-premiership/tabelle/wettbewerb/SC1/saison_id/2022 https://www.transfermarkt.co.uk/scottish-premiership-relegation-round/tabelle/wettbewerb/SCPA/saison_id/2022 https://en.wikipedia.org/w/index.php?title=2022%E2%80%9323_Scottish_Premiership
2022/23,Motherwell,51,53,2,,53,53,,38,https://www.transfermarkt.co.uk/scottish-premiership/tabelle/wettbewerb/SC1/saison_id/2022 https://www.transfermarkt.co.uk/scottish-premiership-relegation-round/tabelle/wettbewerb/SCPA/saison_id/2022 https://en.wikipedia.org/w/index.php?title=2022%E2%80%9323_Scottish_Premiership
2022/23,St Johnstone,40,41,1,,41,41,,38,https://www.transfermarkt.co.uk/scottish-premiership/tabelle/wettbewerb/SC1/saison_id/2022 https://www.transfermarkt.co.uk/scottish-premiership-relegation-round/tabelle/wettbewerb/SCPA/saison_id/2022 https://en.wikipedia.org/w/index.php?title=2022%E2%80%9323_Scottish_Premiership
2022/23,Dundee United,38,40,2,,40,40,,38,https://www.transfermarkt.co.uk/scottish-premiership/tabelle/wettbewerb/SC1/saison_id/2022 https://www.transfermarkt.co.uk/scottish-premiership-relegation-round/tabelle/wettbewerb/SCPA/saison_id/2022 https://en.wikipedia.org/w/index.php?title=2022%E2%80%9323_Scottish_Premiership
2022/23,Kilmarnock,36,37,1,,37,37,,38,https://www.transfermarkt.co.uk/scottish-premiership/tabelle/wettbewerb/SC1/saison_id/2022 https://www.transfermarkt.co.uk/scottish-premiership-relegation-round/tabelle/wettbewerb/SCPA/saison_id/2022 https://en.wikipedia.org/w/index.php?title=2022%E2%80%9323_Scottish_Premiership
2022/23,Ross County,37,37,0,,37,37,,38,https://www.transfermarkt.co.uk/scottish-premiership/tabelle/wettbewerb/SC1/saison_id/2022 https://www.transfermarkt.co.uk/scottish-premiership-relegation-round/tabelle/wettbewerb/SCPA/saison_id/2022 https://en.wikipedia.org/w/index.php?title=2022%E2%80%9323_Scottish_Premiership
2023/24,Celtic,93,95,2,,95,95,,38,https://www.transfermarkt.co.uk/scottish-premiership/tabelle/wettbewerb/SC1/saison_id/2023 https://www.transfermarkt.co.uk/scottish-premiership-top-six-split/tabelle/wettbewerb/SCPM/saison_id/2023 https://en.wikipedia.org/w/index.php?title=2023%E2%80%9324_Scottish_Premiership
2023/24,Rangers,85,87,2,,87,87,,38,https://www.transfermarkt.co.uk/scottish-premiership/tabelle/wettbewerb/SC1/saison_id/2023 https://www.transfermarkt.co.uk/scottish-premiership-top-six-split/tabelle/wettbewerb/SCPM/saison_id/2023 https://en.wikipedia.org/w/index.php?title=2023%E2%80%9324_Scottish_Premiership
2023/24,Hearts,51,54,3,,54,54,,38,https://www.transfermarkt.co.uk/scottish-premiership/tabelle/wettbewerb/SC1/saison_id/2023 https://www.transfermarkt.co.uk/scottish-premiership-top-six-split/tabelle/wettbewerb/SCPM/saison_id/2023 https://en.wikipedia.org/w/index.php?title=2023%E2%80%9324_Scottish_Premiership
2023/24,Kilmarnock,43,46,3,,46,46,,38,https://www.transfermarkt.co.uk/scottish-premiership/tabelle/wettbewerb/SC1/saison_id/2023 https://www.transfermarkt.co.uk/scottish-premiership-top-six-split/tabelle/wettbewerb/SCPM/saison_id/2023 https://en.wikipedia.org/w/index.php?title=2023%E2%80%9324_Scottish_Premiership
2023/24,St Mirren,41,46,5,CHECK,46,46,,38,https://www.transfermarkt.co.uk/scottish-premiership/tabelle/wettbewerb/SC1/saison_id/2023 https://www.transfermarkt.co.uk/scottish-premiership-top-six-split/tabelle/wettbewerb/SCPM/saison_id/2023 https://en.wikipedia.org/w/index.php?title=2023%E2%80%9324_Scottish_Premiership
2023/24,Dundee,48,49,1,,49,49,,38,https://www.transfermarkt.co.uk/scottish-premiership/tabelle/wettbewerb/SC1/saison_id/2023 https://www.transfermarkt.co.uk/scottish-premiership-top-six-split/tabelle/wettbewerb/SCPM/saison_id/2023 https://en.wikipedia.org/w/index.php?title=2023%E2%80%9324_Scottish_Premiership
2023/24,Hibernian,51,52,1,,52,52,,38,https://www.transfermarkt.co.uk/scottish-premiership/tabelle/wettbewerb/SC1/saison_id/2023 https://www.transfermarkt.co.uk/scottish-premiership-relegation-round/tabelle/wettbewerb/SCPA/saison_id/2023 https://en.wikipedia.org/w/index.php?title=2023%E2%80%9324_Scottish_Premiership
2023/24,Motherwell,56,56,0,,91,56,DIFFER,38,https://www.transfermarkt.co.uk/scottish-premiership/tabelle/wettbewerb/SC1/saison_id/2023 https://www.transfermarkt.co.uk/scottish-premiership-relegation-round/tabelle/wettbewerb/SCPA/saison_id/2023 https://en.wikipedia.org/w/index.php?title=2023%E2%80%9324_Scottish_Premiership
2023/24,Aberdeen,48,48,0,,59,48,DIFFER,38,https://www.transfermarkt.co.uk/scottish-premiership/tabelle/wettbewerb/SC1/saison_id/2023 https://www.transfermarkt.co.uk/scottish-premiership-relegation-round/tabelle/wettbewerb/SCPA/saison_id/2023 https://en.wikipedia.org/w/index.php?title=2023%E2%80%9324_Scottish_Premiership
2023/24,St Johnstone,28,29,1,,29,29,,38,https://www.transfermarkt.co.uk/scottish-premiership/tabelle/wettbewerb/SC1/saison_id/2023 https://www.transfermarkt.co.uk/scottish-premiership-relegation-round/tabelle/wettbewerb/SCPA/saison_id/2023 https://en.wikipedia.org/w/index.php?title=2023%E2%80%9324_Scottish_Premiership
2023/24,Ross County,36,38,2,,38,38,,38,https://www.transfermarkt.co.uk/scottish-premiership/tabelle/wettbewerb/SC1/saison_id/2023 https://www.transfermarkt.co.uk/scottish-premiership-relegation-round/tabelle/wettbewerb/SCPA/saison_id/2023 https://en.wikipedia.org/w/index.php?title=2023%E2%80%9324_Scottish_Premiership
2023/24,Livingston,28,29,1,,29,29,,38,https://www.transfermarkt.co.uk/scottish-premiership/tabelle/wettbewerb/SC1/saison_id/2023 https://www.transfermarkt.co.uk/scottish-premiership-relegation-round/tabelle/wettbewerb/SCPA/saison_id/2023 https://en.wikipedia.org/w/index.php?title=2023%E2%80%9324_Scottish_Premiership
2024/25,Celtic,110,112,2,,112,112,,38,https://www.transfermarkt.co.uk/scottish-premiership/tabelle/wettbewerb/SC1/saison_id/2024 https://www.transfermarkt.co.uk/scottish-premiership-top-six-split/tabelle/wettbewerb/SCPM/saison_id/2024 https://en.wikipedia.org/w/index.php?title=2024%E2%80%9325_Scottish_Premiership
2024/25,Rangers,76,80,4,,80,80,,38,https://www.transfermarkt.co.uk/scottish-premiership/tabelle/wettbewerb/SC1/saison_id/2024 https://www.transfermarkt.co.uk/scottish-premiership-top-six-split/tabelle/wettbewerb/SCPM/saison_id/2024 https://en.wikipedia.org/w/index.php?title=2024%E2%80%9325_Scottish_Premiership
2024/25,Hibernian,61,62,1,,62,62,,38,https://www.transfermarkt.co.uk/scottish-premiership/tabelle/wettbewerb/SC1/saison_id/2024 https://www.transfermarkt.co.uk/scottish-premiership-top-six-split/tabelle/wettbewerb/SCPM/saison_id/2024 https://en.wikipedia.org/w/index.php?title=2024%E2%80%9325_Scottish_Premiership
2024/25,Dundee United,44,45,1,,45,45,,38,https://www.transfermarkt.co.uk/scottish-premiership/tabelle/wettbewerb/SC1/saison_id/2024 https://www.transfermarkt.co.uk/scottish-premiership-top-six-split/tabelle/wettbewerb/SCPM/saison_id/2024 https://en.wikipedia.org/w/index.php?title=2024%E2%80%9325_Scottish_Premiership
2024/25,Aberdeen,48,48,0,,48,48,,38,https://www.transfermarkt.co.uk/scottish-premiership/tabelle/wettbewerb/SC1/saison_id/2024 https://www.transfermarkt.co.uk/scottish-premiership-top-six-split/tabelle/wettbewerb/SCPM/saison_id/2024 https://en.wikipedia.org/w/index.php?title=2024%E2%80%9325_Scottish_Premiership
2024/25,St Mirren,52,53,1,,53,53,,38,https://www.transfermarkt.co.uk/scottish-premiership/tabelle/wettbewerb/SC1/saison_id/2024 https://www.transfermarkt.co.uk/scottish-premiership-top-six-split/tabelle/wettbewerb/SCPM/saison_id/2024 https://en.wikipedia.org/w/index.php?title=2024%E2%80%9325_Scottish_Premiership
2024/25,Hearts,48,52,4,,52,52,,38,https://www.transfermarkt.co.uk/scottish-premiership/tabelle/wettbewerb/SC1/saison_id/2024 https://www.transfermarkt.co.uk/scottish-premiership-relegation-round/tabelle/wettbewerb/SCPA/saison_id/2024 https://en.wikipedia.org/w/index.php?title=2024%E2%80%9325_Scottish_Premiership
2024/25,Motherwell,44,46,2,,46,46,,38,https://www.transfermarkt.co.uk/scottish-premiership/tabelle/wettbewerb/SC1/saison_id/2024 https://www.transfermarkt.co.uk/scottish-premiership-relegation-round/tabelle/wettbewerb/SCPA/saison_id/2024 https://en.wikipedia.org/w/index.php?title=2024%E2%80%9325_Scottish_Premiership
2024/25,Kilmarnock,44,45,1,,45,45,,38,https://www.transfermarkt.co.uk/scottish-premiership/tabelle/wettbewerb/SC1/saison_id/2024 https://www.transfermarkt.co.uk/scottish-premiership-relegation-round/tabelle/wettbewerb/SCPA/saison_id/2024 https://en.wikipedia.org/w/index.php?title=2024%E2%80%9325_Scottish_Premiership
2024/25,Ross County,36,37,1,,37,37,,38,https://www.transfermarkt.co.uk/scottish-premiership/tabelle/wettbewerb/SC1/saison_id/2024 https://www.transfermarkt.co.uk/scottish-premiership-relegation-round/tabelle/wettbewerb/SCPA/saison_id/2024 https://en.wikipedia.org/w/index.php?title=2024%E2%80%9325_Scottish_Premiership
2024/25,Dundee,54,57,3,,57,57,,38,https://www.transfermarkt.co.uk/scottish-premiership/tabelle/wettbewerb/SC1/saison_id/2024 https://www.transfermarkt.co.uk/scottish-premiership-relegation-round/tabelle/wettbewerb/SCPA/saison_id/2024 https://en.wikipedia.org/w/index.php?title=2024%E2%80%9325_Scottish_Premiership
2024/25,St Johnstone,37,38,1,,38,38,,38,https://www.transfermarkt.co.uk/scottish-premiership/tabelle/wettbewerb/SC1/saison_id/2024 https://www.transfermarkt.co.uk/scottish-premiership-relegation-round/tabelle/wettbewerb/SCPA/saison_id/2024 https://en.wikipedia.org/w/index.php?title=2024%E2%80%9325_Scottish_Premiership
2025/26,Hearts,63,67,4,,67,67,,38,https://www.transfermarkt.co.uk/scottish-premiership/tabelle/wettbewerb/SC1/saison_id/2025 https://www.transfermarkt.co.uk/scottish-premiership-top-six-split/tabelle/wettbewerb/SCPM/saison_id/2025 https://en.wikipedia.org/w/index.php?title=2025%E2%80%9326_Scottish_Premiership
2025/26,Rangers,75,76,1,,76,76,,38,https://www.transfermarkt.co.uk/scottish-premiership/tabelle/wettbewerb/SC1/saison_id/2025 https://www.transfermarkt.co.uk/scottish-premiership-top-six-split/tabelle/wettbewerb/SCPM/saison_id/2025 https://en.wikipedia.org/w/index.php?title=2025%E2%80%9326_Scottish_Premiership
2025/26,Celtic,73,73,0,,74,73,DIFFER,38,https://www.transfermarkt.co.uk/scottish-premiership/tabelle/wettbewerb/SC1/saison_id/2025 https://www.transfermarkt.co.uk/scottish-premiership-top-six-split/tabelle/wettbewerb/SCPM/saison_id/2025 https://en.wikipedia.org/w/index.php?title=2025%E2%80%9326_Scottish_Premiership
2025/26,Motherwell,57,59,2,,59,59,,38,https://www.transfermarkt.co.uk/scottish-premiership/tabelle/wettbewerb/SC1/saison_id/2025 https://www.transfermarkt.co.uk/scottish-premiership-top-six-split/tabelle/wettbewerb/SCPM/saison_id/2025 https://en.wikipedia.org/w/index.php?title=2025%E2%80%9326_Scottish_Premiership
2025/26,Hibernian,56,58,2,,58,58,,38,https://www.transfermarkt.co.uk/scottish-premiership/tabelle/wettbewerb/SC1/saison_id/2025 https://www.transfermarkt.co.uk/scottish-premiership-top-six-split/tabelle/wettbewerb/SCPM/saison_id/2025 https://en.wikipedia.org/w/index.php?title=2025%E2%80%9326_Scottish_Premiership
2025/26,Falkirk,45,50,5,CHECK,50,50,,38,https://www.transfermarkt.co.uk/scottish-premiership/tabelle/wettbewerb/SC1/saison_id/2025 https://www.transfermarkt.co.uk/scottish-premiership-top-six-split/tabelle/wettbewerb/SCPM/saison_id/2025 https://en.wikipedia.org/w/index.php?title=2025%E2%80%9326_Scottish_Premiership
2025/26,Dundee United,47,49,2,,49,49,,38,https://www.transfermarkt.co.uk/scottish-premiership/tabelle/wettbewerb/SC1/saison_id/2025 https://www.transfermarkt.co.uk/scottish-premiership-relegation-round/tabelle/wettbewerb/SCPA/saison_id/2025 https://en.wikipedia.org/w/index.php?title=2025%E2%80%9326_Scottish_Premiership
2025/26,Aberdeen,37,40,3,,40,40,,38,https://www.transfermarkt.co.uk/scottish-premiership/tabelle/wettbewerb/SC1/saison_id/2025 https://www.transfermarkt.co.uk/scottish-premiership-relegation-round/tabelle/wettbewerb/SCPA/saison_id/2025 https://en.wikipedia.org/w/index.php?title=2025%E2%80%9326_Scottish_Premiership
2025/26,Dundee,35,42,7,CHECK,42,42,,38,https://www.transfermarkt.co.uk/scottish-premiership/tabelle/wettbewerb/SC1/saison_id/2025 https://www.transfermarkt.co.uk/scottish-premiership-relegation-round/tabelle/wettbewerb/SCPA/saison_id/2025 https://en.wikipedia.org/w/index.php?title=2025%E2%80%9326_Scottish_Premiership
2025/26,St Mirren,30,30,0,,30,30,,38,https://www.transfermarkt.co.uk/scottish-premiership/tabelle/wettbewerb/SC1/saison_id/2025 https://www.transfermarkt.co.uk/scottish-premiership-relegation-round/tabelle/wettbewerb/SCPA/saison_id/2025 https://en.wikipedia.org/w/index.php?title=2025%E2%80%9326_Scottish_Premiership
2025/26,Kilmarnock,49,50,1,,50,50,,38,https://www.transfermarkt.co.uk/scottish-premiership/tabelle/wettbewerb/SC1/saison_id/2025 https://www.transfermarkt.co.uk/scottish-premiership-relegation-round/tabelle/wettbewerb/SCPA/saison_id/2025 https://en.wikipedia.org/w/index.php?title=2025%E2%80%9326_Scottish_Premiership
2025/26,Livingston,38,40,2,,40,40,,38,https://www.transfermarkt.co.uk/scottish-premiership/tabelle/wettbewerb/SC1/saison_id/2025 https://www.transfermarkt.co.uk/scottish-premiership-relegation-round/tabelle/wettbewerb/SCPA/saison_id/2025 https://en.wikipedia.org/w/index.php?title=2025%E2%80%9326_Scottish_Premiership
