derby,season,date,home,away,score,scorers,sources
oldfirm,2000/01,2000-08-27,Celtic,Rangers,6-2,Henrik Larsson (Celtic) x2; Chris Sutton (Celtic) x2; Paul Lambert (Celtic); Stiliyan Petrov (Celtic); Claudio Reyna (Rangers); Billy Dodds (Rangers),https://www.fitbastats.com/celtic/game.php?gameid=75667 https://www.fitbastats.com/rangers/game.php?gameid=75667 https://news.bbc.co.uk/sport1/hi/football/scot_prem/898428.stm
oldfirm,2000/01,2000-11-26,Rangers,Celtic,5-1,Henrik Larsson (Celtic); Lorenzo Amoruso (Rangers); Ronald de Boer (Rangers); Barry Ferguson (Rangers); Tore André Flo (Rangers); Michael Mols (Rangers),https://www.fitbastats.com/celtic/game.php?gameid=75669 https://www.fitbastats.com/rangers/game.php?gameid=75669 https://news.bbc.co.uk/sport2/hi/scotland/1039597.stm
oldfirm,2000/01,2001-02-11,Celtic,Rangers,1-0,Alan Thompson (Celtic),https://www.fitbastats.com/celtic/game.php?gameid=75671 https://www.fitbastats.com/rangers/game.php?gameid=75671 https://news.bbc.co.uk/sport2/hi/football/scot_prem/1160984.stm
oldfirm,2000/01,2001-04-29,Rangers,Celtic,0-3,Henrik Larsson (Celtic); Ľubomír Moravčík (Celtic) x2,https://www.fitbastats.com/celtic/game.php?gameid=75673 https://www.fitbastats.com/rangers/game.php?gameid=75673 https://news.bbc.co.uk/sport2/hi/football/scot_prem/1297276.stm
oldfirm,2001/02,2001-09-30,Rangers,Celtic,0-2,Alan Thompson (Celtic); Stiliyan Petrov (Celtic),https://www.fitbastats.com/celtic/game.php?gameid=75649 https://www.fitbastats.com/rangers/game.php?gameid=75649 https://news.bbc.co.uk/sport2/hi/football/scot_prem/1564874.stm http://news.bbc.co.uk/sport1/hi/football/scot_prem/1564874.stm
oldfirm,2001/02,2001-11-25,Celtic,Rangers,2-1,Joos Valgaeren (Celtic); Henrik Larsson (Celtic); Peter Løvenkrands (Rangers),https://www.fitbastats.com/celtic/game.php?gameid=75650 https://www.fitbastats.com/rangers/game.php?gameid=75650 https://news.bbc.co.uk/sport2/hi/football/scot_prem/1672991.stm http://news.bbc.co.uk/sport1/hi/football/scot_prem/1672991.stm
oldfirm,2001/02,2002-03-10,Rangers,Celtic,1-1,Stiliyan Petrov (Celtic); Arthur Numan (Rangers),https://www.fitbastats.com/celtic/game.php?gameid=75653 https://www.fitbastats.com/rangers/game.php?gameid=75653 https://news.bbc.co.uk/sport2/hi/football/scot_prem/1861195.stm http://news.bbc.co.uk/sport1/hi/football/scot_prem/1861195.stm
oldfirm,2001/02,2002-04-21,Celtic,Rangers,1-1,Alan Thompson (Celtic); Peter Løvenkrands (Rangers),https://www.fitbastats.com/celtic/game.php?gameid=75654 https://www.fitbastats.com/rangers/game.php?gameid=75654 https://news.bbc.co.uk/sport2/hi/football/scot_prem/1939522.stm http://news.bbc.co.uk/sport1/hi/football/scot_prem/1939522.stm
oldfirm,2002/03,2002-10-06,Celtic,Rangers,3-3,Henrik Larsson (Celtic) x2; Chris Sutton (Celtic); Ronald de Boer (Rangers); Mikel Arteta (Rangers); Shota Arveladze (Rangers),https://www.fitbastats.com/celtic/game.php?gameid=75626 https://www.fitbastats.com/rangers/game.php?gameid=75626 https://news.bbc.co.uk/sport1/hi/football/2295515.stm
oldfirm,2002/03,2002-12-07,Rangers,Celtic,3-2,Chris Sutton (Celtic); John Hartson (Celtic); Craig Moore (Rangers); Ronald de Boer (Rangers); Michael Mols (Rangers),https://www.fitbastats.com/celtic/game.php?gameid=75628 https://www.fitbastats.com/rangers/game.php?gameid=75628 https://news.bbc.co.uk/sport2/hi/football/scot_prem/2546855.stm
oldfirm,2002/03,2003-03-08,Celtic,Rangers,1-0,John Hartson (Celtic),https://www.fitbastats.com/celtic/game.php?gameid=75630 https://www.fitbastats.com/rangers/game.php?gameid=75630 https://news.bbc.co.uk/sport2/hi/football/scot_prem/2829611.stm
oldfirm,2002/03,2003-04-27,Rangers,Celtic,1-2,Alan Thompson (Celtic); John Hartson (Celtic); Ronald de Boer (Rangers),https://www.fitbastats.com/celtic/game.php?gameid=75631 https://www.fitbastats.com/rangers/game.php?gameid=75631 https://news.bbc.co.uk/sport2/hi/football/scot_prem/2974545.stm
oldfirm,2003/04,2003-10-04,Rangers,Celtic,0-1,John Hartson (Celtic),https://www.fitbastats.com/celtic/game.php?gameid=75601 https://www.fitbastats.com/rangers/game.php?gameid=75601 https://news.bbc.co.uk/sport2/hi/football/scot_prem/3161428.stm
oldfirm,2003/04,2004-01-03,Celtic,Rangers,3-0,Alan Thompson (Celtic); Stiliyan Petrov (Celtic); Stan Varga (Celtic),https://www.fitbastats.com/celtic/game.php?gameid=75603 https://www.fitbastats.com/rangers/game.php?gameid=75603 https://news.bbc.co.uk/sport2/hi/football/scot_prem/3363419.stm
oldfirm,2003/04,2004-03-28,Rangers,Celtic,1-2,Henrik Larsson (Celtic); Alan Thompson (Celtic); Steven Thompson (Rangers),https://www.fitbastats.com/celtic/game.php?gameid=75605 https://www.fitbastats.com/rangers/game.php?gameid=75605 https://news.bbc.co.uk/sport2/hi/football/scot_prem/3572987.stm
oldfirm,2003/04,2004-05-08,Celtic,Rangers,1-0,Chris Sutton (Celtic),https://www.fitbastats.com/celtic/game.php?gameid=75606 https://www.fitbastats.com/rangers/game.php?gameid=75606 https://news.bbc.co.uk/sport2/hi/football/scot_prem/3691469.stm
oldfirm,2004/05,2004-08-29,Celtic,Rangers,1-0,Alan Thompson (Celtic),https://www.fitbastats.com/celtic/game.php?gameid=75584 https://www.fitbastats.com/rangers/game.php?gameid=75584
oldfirm,2004/05,2004-11-20,Rangers,Celtic,2-0,Dado Pršo (Rangers); Nacho Novo (Rangers),https://www.fitbastats.com/celtic/game.php?gameid=75586 https://www.fitbastats.com/rangers/game.php?gameid=75586
oldfirm,2004/05,2005-02-20,Celtic,Rangers,0-2,Grégory Vignal (Rangers); Nacho Novo (Rangers),https://www.fitbastats.com/celtic/game.php?gameid=75588 https://www.fitbastats.com/rangers/game.php?gameid=75588
oldfirm,2004/05,2005-04-24,Rangers,Celtic,1-2,Stiliyan Petrov (Celtic); Craig Bellamy (Celtic); Steven Thompson (Rangers),https://www.fitbastats.com/celtic/game.php?gameid=75590 https://www.fitbastats.com/rangers/game.php?gameid=75590
oldfirm,2005/06,2005-08-20,Rangers,Celtic,3-1,Shaun Maloney (Celtic); Thomas Buffel (Rangers); Nacho Novo (Rangers); Dado Pršo (Rangers),https://www.fitbastats.com/celtic/game.php?gameid=75573 https://www.fitbastats.com/rangers/game.php?gameid=75573 https://news.bbc.co.uk/sport2/hi/football/scot_prem/4164472.stm
oldfirm,2005/06,2005-11-19,Celtic,Rangers,3-0,Bobo Baldé (Celtic); John Hartson (Celtic); Aiden McGeady (Celtic),https://www.fitbastats.com/celtic/game.php?gameid=75575 https://www.fitbastats.com/rangers/game.php?gameid=75575 https://news.bbc.co.uk/sport2/hi/football/scot_prem/4444214.stm
oldfirm,2005/06,2006-02-12,Rangers,Celtic,0-1,Maciej Żurawski (Celtic),https://www.fitbastats.com/celtic/game.php?gameid=75577 https://www.fitbastats.com/rangers/game.php?gameid=75577 https://news.bbc.co.uk/sport2/hi/football/scot_prem/4699262.stm
oldfirm,2005/06,2006-04-23,Celtic,Rangers,0-0,,https://www.fitbastats.com/celtic/game.php?gameid=75580 https://www.fitbastats.com/rangers/game.php?gameid=75580 https://news.bbc.co.uk/sport2/hi/football/scot_prem/4929736.stm
oldfirm,2006/07,2006-09-23,Celtic,Rangers,2-0,Thomas Gravesen (Celtic); Kenny Miller (Celtic),https://www.fitbastats.com/celtic/game.php?gameid=75558 https://www.fitbastats.com/rangers/game.php?gameid=75558 https://news.bbc.co.uk/sport2/hi/football/scot_prem/5369288.stm
oldfirm,2006/07,2006-12-17,Rangers,Celtic,1-1,Thomas Gravesen (Celtic); Brahim Hemdani (Rangers),https://www.fitbastats.com/celtic/game.php?gameid=75560 https://www.fitbastats.com/rangers/game.php?gameid=75560 https://news.bbc.co.uk/sport1/hi/football/scot_prem/6177705.stm
oldfirm,2006/07,2007-03-11,Celtic,Rangers,0-1,Ugo Ehiogu (Rangers),https://www.fitbastats.com/celtic/game.php?gameid=75562 https://www.fitbastats.com/rangers/game.php?gameid=75562
oldfirm,2006/07,2007-05-05,Rangers,Celtic,2-0,Charlie Adam (Rangers); Kris Boyd (Rangers),https://www.fitbastats.com/celtic/game.php?gameid=75563 https://www.fitbastats.com/rangers/game.php?gameid=75563 https://news.bbc.co.uk/sport1/hi/football/scot_prem/6621893.stm
oldfirm,2007/08,2007-10-20,Rangers,Celtic,3-0,Barry Ferguson (Rangers); Nacho Novo (Rangers) x2,https://www.fitbastats.com/celtic/game.php?gameid=75538 https://www.fitbastats.com/rangers/game.php?gameid=75538 https://news.bbc.co.uk/sport2/hi/football/scot_prem/7051963.stm
oldfirm,2007/08,2008-03-29,Rangers,Celtic,1-0,Kevin Thomson (Rangers),https://www.fitbastats.com/celtic/game.php?gameid=75543 https://www.fitbastats.com/rangers/game.php?gameid=75543 https://news.bbc.co.uk/sport2/hi/football/scot_prem/7317659.stm
oldfirm,2007/08,2008-04-16,Celtic,Rangers,2-1,Shunsuke Nakamura (Celtic); Jan Vennegoor of Hesselink (Celtic); Nacho Novo (Rangers),https://www.fitbastats.com/celtic/game.php?gameid=75544 https://www.fitbastats.com/rangers/game.php?gameid=75544 https://news.bbc.co.uk/sport2/hi/football/scot_prem/7348837.stm
oldfirm,2007/08,2008-04-27,Celtic,Rangers,3-2,Barry Robson (Celtic); Scott McDonald (Celtic) x2; David Weir (Rangers); Daniel Cousin (Rangers),https://www.fitbastats.com/celtic/game.php?gameid=75545 https://www.fitbastats.com/rangers/game.php?gameid=75545 https://news.bbc.co.uk/sport2/hi/football/scot_prem/7364812.stm
oldfirm,2008/09,2008-08-31,Celtic,Rangers,2-4,Shunsuke Nakamura (Celtic); Georgios Samaras (Celtic); Pedro Mendes (Rangers); Daniel Cousin (Rangers); Kenny Miller (Rangers) x2,https://www.fitbastats.com/celtic/game.php?gameid=75521 https://www.fitbastats.com/rangers/game.php?gameid=75521 https://news.bbc.co.uk/sport2/hi/football/scot_prem/7587204.stm
oldfirm,2008/09,2008-12-27,Rangers,Celtic,0-1,Scott McDonald (Celtic),https://www.fitbastats.com/celtic/game.php?gameid=75524 https://www.fitbastats.com/rangers/game.php?gameid=75524 https://news.bbc.co.uk/sport2/hi/football/scot_prem/7798563.stm
oldfirm,2008/09,2009-02-15,Celtic,Rangers,0-0,,https://www.fitbastats.com/celtic/game.php?gameid=75526 https://www.fitbastats.com/rangers/game.php?gameid=75526 https://news.bbc.co.uk/sport2/hi/football/scot_prem/7887492.stm
oldfirm,2008/09,2009-05-09,Rangers,Celtic,1-0,Steven Davis (Rangers),https://www.fitbastats.com/celtic/game.php?gameid=75527 https://www.fitbastats.com/rangers/game.php?gameid=75527 https://news.bbc.co.uk/sport2/hi/football/scot_prem/8032832.stm
oldfirm,2009/10,2009-10-04,Rangers,Celtic,2-1,Aiden McGeady (Celtic); Kenny Miller (Rangers) x2,https://www.fitbastats.com/celtic/game.php?gameid=75503 https://www.fitbastats.com/rangers/game.php?gameid=75503 http://news.bbc.co.uk/sport2/hi/football/scot_prem/8285356.stm
oldfirm,2009/10,2010-01-03,Celtic,Rangers,1-1,Scott McDonald (Celtic); Lee McCulloch (Rangers),https://www.fitbastats.com/celtic/game.php?gameid=75504 https://www.fitbastats.com/rangers/game.php?gameid=75504 http://news.bbc.co.uk/sport1/hi/football/scot_prem/8436131.stm
oldfirm,2009/10,2010-02-28,Rangers,Celtic,1-0,Maurice Edu (Rangers),https://www.fitbastats.com/celtic/game.php?gameid=75506 https://www.fitbastats.com/rangers/game.php?gameid=75506 http://news.bbc.co.uk/sport1/hi/football/scot_prem/8537948.stm
oldfirm,2009/10,2010-05-04,Celtic,Rangers,2-1,Lee Naylor (Celtic); Marc-Antoine Fortuné (Celtic); Kenny Miller (Rangers),https://www.fitbastats.com/celtic/game.php?gameid=75509 https://www.fitbastats.com/rangers/game.php?gameid=75509 http://news.bbc.co.uk/sport1/hi/football/scot_prem/8658392.stm
oldfirm,2010/11,2010-10-24,Celtic,Rangers,1-3,"Gary Hooper (Celtic); Kenny Miller (Rangers) x2; Glenn Loovens (Rangers, og)",https://www.fitbastats.com/celtic/game.php?gameid=75489 https://www.fitbastats.com/rangers/game.php?gameid=75489 https://news.bbc.co.uk/sport2/hi/football/scot_prem/9116464.stm
oldfirm,2010/11,2011-01-02,Rangers,Celtic,0-2,Georgios Samaras (Celtic) x2,https://www.fitbastats.com/celtic/game.php?gameid=75490 https://www.fitbastats.com/rangers/game.php?gameid=75490 https://news.bbc.co.uk/sport2/hi/football/scot_prem/9330644.stm
oldfirm,2010/11,2011-02-20,Celtic,Rangers,3-0,Kris Commons (Celtic); Gary Hooper (Celtic) x2,https://www.fitbastats.com/celtic/game.php?gameid=75492 https://www.fitbastats.com/rangers/game.php?gameid=75492 https://news.bbc.co.uk/sport2/hi/football/scot_prem/9399876.stm
oldfirm,2010/11,2011-04-24,Rangers,Celtic,0-0,,https://www.fitbastats.com/celtic/game.php?gameid=75494 https://www.fitbastats.com/rangers/game.php?gameid=75494 https://news.bbc.co.uk/sport2/hi/football/scot_prem/9464454.stm
oldfirm,2011/12,2011-09-18,Rangers,Celtic,4-2,Badr El Kaddouri (Celtic); Gary Hooper (Celtic); Steven Naismith (Rangers) x2; Nikica Jelavić (Rangers); Kyle Lafferty (Rangers),https://www.fitbastats.com/celtic/game.php?gameid=75473 https://www.fitbastats.com/rangers/game.php?gameid=75473 https://www.bbc.co.uk/sport/football/14869908
oldfirm,2011/12,2011-12-28,Celtic,Rangers,1-0,Joe Ledley (Celtic),https://www.fitbastats.com/celtic/game.php?gameid=75475 https://www.fitbastats.com/rangers/game.php?gameid=75475 https://www.bbc.co.uk/sport/football/16281414
oldfirm,2011/12,2012-03-25,Rangers,Celtic,3-2,Thomas Rogne (Celtic); Scott Brown (Celtic); Lee Wallace (Rangers); Sone Aluko (Rangers); Andrew Little (Rangers),https://www.fitbastats.com/celtic/game.php?gameid=75477 https://www.fitbastats.com/rangers/game.php?gameid=75477 https://www.bbc.co.uk/sport/football/17419735
oldfirm,2011/12,2012-04-29,Celtic,Rangers,3-0,Charlie Mulgrew (Celtic); Kris Commons (Celtic); Gary Hooper (Celtic),https://www.fitbastats.com/celtic/game.php?gameid=75478 https://www.fitbastats.com/rangers/game.php?gameid=75478 https://www.bbc.co.uk/sport/football/17803512
oldfirm,2016/17,2016-09-10,Celtic,Rangers,5-1,Scott Sinclair (Celtic); Moussa Dembélé (Celtic) x3; Stuart Armstrong (Celtic); Joe Garner (Rangers),https://www.fitbastats.com/celtic/game.php?gameid=90232 https://www.fitbastats.com/rangers/game.php?gameid=90232 https://www.bbc.co.uk/sport/football/37263899
oldfirm,2016/17,2016-12-31,Rangers,Celtic,1-2,Scott Sinclair (Celtic); Moussa Dembélé (Celtic); Kenny Miller (Rangers),https://www.fitbastats.com/celtic/game.php?gameid=90601 https://www.fitbastats.com/rangers/game.php?gameid=90601 https://www.bbc.co.uk/sport/football/38424555 https://www.bbc.com/sport/football/38424555
oldfirm,2016/17,2017-03-12,Celtic,Rangers,1-1,Stuart Armstrong (Celtic); Clint Hill (Rangers),https://www.fitbastats.com/celtic/game.php?gameid=90811 https://www.fitbastats.com/rangers/game.php?gameid=90811 https://www.bbc.co.uk/sport/football/39170663
oldfirm,2016/17,2017-04-29,Rangers,Celtic,1-5,Dedryck Boyata (Celtic); Mikael Lustig (Celtic); Scott Sinclair (Celtic); Callum McGregor (Celtic); Leigh Griffiths (Celtic); Kenny Miller (Rangers),https://www.fitbastats.com/celtic/game.php?gameid=90966 https://www.fitbastats.com/rangers/game.php?gameid=90966 https://www.bbc.co.uk/sport/football/39676372
oldfirm,2017/18,2017-09-23,Rangers,Celtic,0-2,Tom Rogic (Celtic); Leigh Griffiths (Celtic),https://www.fitbastats.com/celtic/game.php?gameid=91317 https://www.fitbastats.com/rangers/game.php?gameid=91317 https://www.bbc.co.uk/sport/football/41290216 https://rangers.co.uk/news/match-report/rangers-0-2-celtic-2/
oldfirm,2017/18,2017-12-30,Celtic,Rangers,0-0,,https://www.fitbastats.com/celtic/game.php?gameid=91633 https://www.fitbastats.com/rangers/game.php?gameid=91633 https://www.bbc.co.uk/sport/football/42463667 https://rangers.co.uk/news/match-report/celtic-0-0-rangers-3/
oldfirm,2017/18,2018-03-11,Rangers,Celtic,2-3,Tom Rogic (Celtic); Moussa Dembélé (Celtic); Odsonne Édouard (Celtic); Josh Windass (Rangers); Daniel Candeias (Rangers),https://www.fitbastats.com/celtic/game.php?gameid=91847 https://www.fitbastats.com/rangers/game.php?gameid=91847 https://www.bbc.co.uk/sport/football/43275522 https://rangers.co.uk/news/match-report/rangers-2-3-celtic/
oldfirm,2017/18,2018-04-29,Celtic,Rangers,5-0,Tom Rogic (Celtic); Callum McGregor (Celtic); James Forrest (Celtic); Odsonne Édouard (Celtic) x2,https://www.fitbastats.com/celtic/game.php?gameid=92188 https://www.fitbastats.com/rangers/game.php?gameid=92188 https://www.bbc.co.uk/sport/football/43854076 https://rangers.co.uk/news/match-report/celtic-5-0-rangers/
oldfirm,2018/19,2018-09-02,Celtic,Rangers,1-0,Olivier Ntcham (Celtic),https://www.fitbastats.com/celtic/game.php?gameid=92457 https://www.fitbastats.com/rangers/game.php?gameid=92457 https://www.bbc.co.uk/sport/football/45312088 https://rangers.co.uk/news/match-report/celtic-1-0-rangers-2/
oldfirm,2018/19,2018-12-29,Rangers,Celtic,1-0,Ryan Jack (Rangers),https://www.fitbastats.com/celtic/game.php?gameid=92865 https://www.fitbastats.com/rangers/game.php?gameid=92865 https://www.bbc.co.uk/sport/football/46656785 https://rangers.co.uk/news/match-report/rangers-1-0-celtic-4/
oldfirm,2018/19,2019-03-31,Celtic,Rangers,2-1,James Forrest (Celtic); Odsonne Édouard (Celtic); Ryan Kent (Rangers),https://www.fitbastats.com/celtic/game.php?gameid=93142 https://www.fitbastats.com/rangers/game.php?gameid=93142 https://www.bbc.co.uk/sport/football/47682925 https://rangers.co.uk/news/match-report/celtic-2-1-rangers-2/
oldfirm,2018/19,2019-05-12,Rangers,Celtic,2-0,James Tavernier (Rangers); Scott Arfield (Rangers),https://www.fitbastats.com/celtic/game.php?gameid=93277 https://www.fitbastats.com/rangers/game.php?gameid=93277 https://www.bbc.co.uk/sport/football/48165973 https://rangers.co.uk/news/match-report/rangers-2-0-celtic-3/
oldfirm,2019/20,2019-09-01,Rangers,Celtic,0-2,Odsonne Édouard (Celtic); Jonny Hayes (Celtic),https://www.fitbastats.com/celtic/game.php?gameid=93529 https://www.fitbastats.com/rangers/game.php?gameid=93529 https://www.bbc.co.uk/sport/football/49463324 https://rangers.co.uk/news/match-report/rangers-0-2-celtic-5/
oldfirm,2019/20,2019-12-29,Celtic,Rangers,1-2,Odsonne Édouard (Celtic); Nikola Katić (Rangers); Ryan Kent (Rangers),https://www.fitbastats.com/celtic/game.php?gameid=93942 https://www.fitbastats.com/rangers/game.php?gameid=93942 https://www.bbc.co.uk/sport/football/50882543 https://rangers.co.uk/news/match-report/celtic-1-2-rangers-2/
oldfirm,2020/21,2020-10-17,Celtic,Rangers,0-2,Connor Goldson (Rangers) x2,https://www.fitbastats.com/celtic/game.php?gameid=94314 https://www.fitbastats.com/rangers/game.php?gameid=94314 https://www.bbc.co.uk/sport/football/54489133 https://www.rangers.co.uk/article/goldson-double-secures-old-firm-win/20W7m5bTJVCIj6Q7pLqcxH
oldfirm,2020/21,2021-01-02,Rangers,Celtic,1-0,"Callum McGregor (Rangers, og)",https://www.fitbastats.com/celtic/game.php?gameid=94600 https://www.fitbastats.com/rangers/game.php?gameid=94600 https://www.bbc.co.uk/sport/football/55450349 https://www.rangers.co.uk/article/report-rangers-defeat-celtic-at-ibrox/5az1Ki1kpXgRUb2qeFMapb
oldfirm,2020/21,2021-03-21,Celtic,Rangers,1-1,Mohamed Elyounoussi (Celtic); Alfredo Morelos (Rangers),https://www.fitbastats.com/celtic/game.php?gameid=94754 https://www.fitbastats.com/rangers/game.php?gameid=94754 https://www.bbc.co.uk/sport/football/56390446 https://www.rangers.co.uk/article/report-morelos-scores-as-the-champions-draw-to-remain-unbeaten/78wr4wNdX9nUe3v19zrOtM
oldfirm,2020/21,2021-05-02,Rangers,Celtic,4-1,Odsonne Édouard (Celtic); Alfredo Morelos (Rangers); Kemar Roofe (Rangers) x2; Jermain Defoe (Rangers),https://www.fitbastats.com/celtic/game.php?gameid=94950 https://www.fitbastats.com/rangers/game.php?gameid=94950 https://www.bbc.co.uk/sport/football/56873186 https://www.rangers.co.uk/article/report-four-goals-and-three-points-in-old-firm-derby/4ndUkPW7xM9dS2SytlgQlk
oldfirm,2021/22,2021-08-29,Rangers,Celtic,1-0,Filip Helander (Rangers),https://www.fitbastats.com/celtic/game.php?gameid=95214 https://www.fitbastats.com/rangers/game.php?gameid=95214 https://www.bbc.co.uk/sport/football/58295855 https://www.rangers.co.uk/article/report-rangers-1-0-celtic/3TXkOqnrAi0iBdDFPxRuf4
oldfirm,2021/22,2022-02-02,Celtic,Rangers,3-0,Reo Hatate (Celtic) x2; Liel Abada (Celtic),https://www.fitbastats.com/celtic/game.php?gameid=95728 https://www.fitbastats.com/rangers/game.php?gameid=95728 https://www.bbc.co.uk/sport/football/60135789 https://www.rangers.co.uk/article/match-report-celtic-3-0-rangers/44ZMrE7im8NrHmbSnRr8zL
oldfirm,2021/22,2022-04-03,Rangers,Celtic,1-2,Cameron Carter-Vickers (Celtic); Tom Rogic (Celtic); Aaron Ramsey (Rangers),https://www.fitbastats.com/celtic/game.php?gameid=95935 https://www.fitbastats.com/rangers/game.php?gameid=95935 https://www.bbc.co.uk/sport/football/60890355 https://www.rangers.co.uk/article/match-report-rangers-1-2-celtic/5d1QqH3Ml5TnOKwiMbtQQI
oldfirm,2021/22,2022-05-01,Celtic,Rangers,1-1,Jota (Celtic); Fashion Sakala (Rangers),https://www.fitbastats.com/celtic/game.php?gameid=96030 https://www.fitbastats.com/rangers/game.php?gameid=96030 https://www.bbc.co.uk/sport/football/61203308 https://www.rangers.co.uk/article/match-report-celtic-1-1-rangers/50D5ELlGIYDrpmOqhQxpFF
oldfirm,2022/23,2022-09-03,Celtic,Rangers,4-0,Liel Abada (Celtic) x2; Jota (Celtic); David Turnbull (Celtic),https://www.fitbastats.com/celtic/game.php?gameid=96311 https://www.fitbastats.com/rangers/game.php?gameid=96311 https://www.bbc.co.uk/sport/football/62697650 https://www.rangers.co.uk/article/report-celtic-4-0-rangers/5oDDGbAEkIIfcAWLZD1unC
oldfirm,2022/23,2023-01-02,Rangers,Celtic,2-2,Kyogo Furuhashi (Celtic); Daizen Maeda (Celtic); James Tavernier (Rangers); Ryan Kent (Rangers),https://www.fitbastats.com/celtic/game.php?gameid=96694 https://www.fitbastats.com/rangers/game.php?gameid=96694 https://www.bbc.co.uk/sport/football/64092615 https://www.rangers.co.uk/article/match-report-rangers-2-2-celtic/sisHa8OQxoZBpZUSY2eIp
oldfirm,2022/23,2023-04-08,Celtic,Rangers,3-2,Jota (Celtic); Kyogo Furuhashi (Celtic) x2; James Tavernier (Rangers) x2,https://www.fitbastats.com/celtic/game.php?gameid=96986 https://www.fitbastats.com/rangers/game.php?gameid=96986 https://www.bbc.co.uk/sport/football/65124955 https://www.rangers.co.uk/article/report-celtic-3-2-rangers/33A5vfwnW0O9D2r5aT7acz
oldfirm,2022/23,2023-05-13,Rangers,Celtic,3-0,John Souttar (Rangers); Todd Cantwell (Rangers); Fashion Sakala (Rangers),https://www.fitbastats.com/celtic/game.php?gameid=97101 https://www.fitbastats.com/rangers/game.php?gameid=97101 https://www.bbc.co.uk/sport/football/65505983 https://www.rangers.co.uk/article/report-rangers-3-0-celtic-scottish-premiership/4UR7iJfZyubyiMejOcrF1V
oldfirm,2023/24,2023-09-03,Rangers,Celtic,0-1,Kyogo Furuhashi (Celtic),https://www.fitbastats.com/celtic/game.php?gameid=97348 https://www.fitbastats.com/rangers/game.php?gameid=97348 https://www.bbc.co.uk/sport/football/66631549 https://www.rangers.co.uk/fixture/rangers-vs-celtic-scottish-premiership-2023-09-03/6VqW7pJZiJrklXfDytEaQu
oldfirm,2023/24,2023-12-30,Celtic,Rangers,2-1,Paulo Bernardo (Celtic); Kyogo Furuhashi (Celtic); James Tavernier (Rangers),https://www.fitbastats.com/celtic/game.php?gameid=97738 https://www.fitbastats.com/rangers/game.php?gameid=97738 https://www.bbc.co.uk/sport/football/67809536 https://www.rangers.co.uk/fixture/celtic-vs-rangers-scottish-premiership-2023-12-30/2490zxDw6GkGIbvBBmb7mZ
oldfirm,2023/24,2024-04-07,Rangers,Celtic,3-3,Matt O'Riley (Celtic); Daizen Maeda (Celtic); Adam Idah (Celtic); James Tavernier (Rangers); Abdallah Sima (Rangers); Rabbi Matondo (Rangers),https://www.fitbastats.com/celtic/game.php?gameid=98056 https://www.fitbastats.com/rangers/game.php?gameid=98056 https://www.bbc.co.uk/sport/football/68702099 https://www.rangers.co.uk/fixture/rangers-vs-celtic-scottish-premiership-2024-04-07/5A4rDwmLbn3UnnCpHilmCU
oldfirm,2023/24,2024-05-11,Celtic,Rangers,2-1,"Matt O'Riley (Celtic); John Lundstram (Celtic, og); Cyriel Dessers (Rangers)",https://www.fitbastats.com/celtic/game.php?gameid=98167 https://www.fitbastats.com/rangers/game.php?gameid=98167 https://www.bbc.co.uk/sport/football/live/c034y1n96p2t https://www.rangers.co.uk/fixture/celtic-vs-rangers-scottish-premiership-2024-05-11/1l8XO41IWjhzDCyqoKugoy
oldfirm,2024/25,2024-09-01,Celtic,Rangers,3-0,Callum McGregor (Celtic); Kyogo Furuhashi (Celtic); Daizen Maeda (Celtic),https://www.fitbastats.com/celtic/game.php?gameid=98404 https://www.fitbastats.com/rangers/game.php?gameid=98404 https://www.bbc.co.uk/sport/football/live/cvg4jy57pkjt https://www.rangers.co.uk/fixture/celtic-vs-rangers-scottish-premiership-2024-09-01/1cEynwFUTXM1p7K3myTras
oldfirm,2024/25,2025-01-02,Rangers,Celtic,3-0,Robin Pröpper (Rangers); Ianis Hagi (Rangers); Danilo (Rangers),https://www.fitbastats.com/celtic/game.php?gameid=99107 https://www.fitbastats.com/rangers/game.php?gameid=99107 https://www.bbc.co.uk/sport/football/live/cn85py2x51yt https://www.rangers.co.uk/fixture/rangers-vs-celtic-scottish-premiership-2025-01-02/2B2XDvamYVuay2C5Ay281w
oldfirm,2024/25,2025-03-16,Celtic,Rangers,2-3,Reo Hatate (Celtic); Daizen Maeda (Celtic); Nicolas Raskin (Rangers); Mohamed Diomande (Rangers); Hamza Igamane (Rangers),https://www.fitbastats.com/celtic/game.php?gameid=99430 https://www.fitbastats.com/rangers/game.php?gameid=99430 https://www.bbc.co.uk/sport/football/live/cx2r39k1xvyt https://www.rangers.co.uk/fixture/celtic-vs-rangers-scottish-premiership-2025-03-16/3XMIQFwlYLu54LTdH0mx5V
oldfirm,2024/25,2025-05-04,Rangers,Celtic,1-1,Adam Idah (Celtic); Cyriel Dessers (Rangers),https://www.fitbastats.com/celtic/game.php?gameid=99572 https://www.fitbastats.com/rangers/game.php?gameid=99572 https://www.bbc.co.uk/sport/football/live/c3v909r929vt https://www.rangers.co.uk/fixture/rangers-vs-celtic-scottish-premiership-2025-05-04/2tNEEjSp1kqe18958bewGq
oldfirm,2025/26,2025-08-31,Rangers,Celtic,0-0,,https://www.fitbastats.com/celtic/game.php?gameid=99842 https://www.fitbastats.com/rangers/game.php?gameid=99842 https://www.bbc.co.uk/sport/football/live/c3ezk2d3e1wt
oldfirm,2025/26,2026-01-03,Celtic,Rangers,1-3,Yang Hyun-jun (Celtic); Youssef Chermiti (Rangers) x2; Mikey Moore (Rangers),https://www.fitbastats.com/celtic/game.php?gameid=100490 https://www.fitbastats.com/rangers/game.php?gameid=100490 https://www.bbc.co.uk/sport/football/live/cm20290eg4et
oldfirm,2025/26,2026-03-01,Rangers,Celtic,2-2,Kieran Tierney (Celtic); Reo Hatate (Celtic); Youssef Chermiti (Rangers) x2,https://www.fitbastats.com/celtic/game.php?gameid=100729 https://www.fitbastats.com/rangers/game.php?gameid=100729 https://www.bbc.co.uk/sport/football/live/cr5lrgp4g18t
oldfirm,2025/26,2026-05-10,Celtic,Rangers,3-1,Yang Hyun-jun (Celtic); Daizen Maeda (Celtic) x2; Mikey Moore (Rangers),https://www.fitbastats.com/celtic/game.php?gameid=100940 https://www.fitbastats.com/rangers/game.php?gameid=100940 https://www.bbc.co.uk/sport/football/live/cj9p1dvvyxyt
edinburgh,2000/01,2000-07-30,Hearts,Hibernian,0-0,,https://www.londonhearts.com/scores/games/200007301.html https://www.fitbastats.com/hibs/game.php?gameid=16421
edinburgh,2000/01,2000-10-22,Hibernian,Hearts,6-2,Andy Kirk (Hearts); Colin Cameron (Hearts); Mixu Paatelainen (Hibernian) x3; David Zitelli (Hibernian); John O'Neil (Hibernian); Russell Latapy (Hibernian),https://www.londonhearts.com/scores/games/200010221.html https://www.fitbastats.com/hibs/game.php?gameid=16428
edinburgh,2000/01,2000-12-26,Hearts,Hibernian,1-1,Gary McSwegan (Hearts); Stuart Lovell (Hibernian),https://www.londonhearts.com/scores/games/200012261.html https://www.fitbastats.com/hibs/game.php?gameid=16435
edinburgh,2000/01,2001-05-13,Hibernian,Hearts,0-0,,https://www.londonhearts.com/scores/games/200105131.html https://www.fitbastats.com/hibs/game.php?gameid=16445
edinburgh,2001/02,2001-10-21,Hibernian,Hearts,2-1,Stephen Simmons (Hearts); Ulises de la Cruz (Hibernian) x2,https://www.londonhearts.com/scores/games/200110211.html https://www.fitbastats.com/hibs/game.php?gameid=16399
edinburgh,2001/02,2001-12-29,Hearts,Hibernian,1-1,Kevin McKenna (Hearts); John O'Neil (Hibernian),https://www.londonhearts.com/scores/games/200112291.html https://www.fitbastats.com/hibs/game.php?gameid=16405
edinburgh,2001/02,2002-03-16,Hibernian,Hearts,1-2,Scott Severin (Hearts); Steven Pressley (Hearts); Garry O'Connor (Hibernian),https://www.londonhearts.com/scores/games/200203161.html https://www.fitbastats.com/hibs/game.php?gameid=16412
edinburgh,2002/03,2002-08-11,Hearts,Hibernian,5-1,Andy Kirk (Hearts); Mark de Vries (Hearts) x4; Ian Murray (Hibernian),https://www.londonhearts.com/scores/games/200208111.html https://www.fitbastats.com/hibs/game.php?gameid=16364
edinburgh,2002/03,2002-11-03,Hibernian,Hearts,1-2,Kevin McKenna (Hearts); Phil Stamp (Hearts); Mixu Paatelainen (Hibernian),https://www.londonhearts.com/scores/games/200211031.html https://www.fitbastats.com/hibs/game.php?gameid=16371
edinburgh,2002/03,2003-01-02,Hearts,Hibernian,4-4,Steven Pressley (Hearts); Mark de Vries (Hearts); Graham Weir (Hearts) x2; Derek Townsley (Hibernian); Tam McManus (Hibernian); Craig James (Hibernian); Grant Brebner (Hibernian),https://www.londonhearts.com/scores/games/200301021.html https://www.fitbastats.com/hibs/game.php?gameid=16378
edinburgh,2003/04,2003-08-17,Hibernian,Hearts,1-0,Garry O'Connor (Hibernian),https://www.londonhearts.com/scores/games/200308171.html https://www.fitbastats.com/hibs/game.php?gameid=16333
edinburgh,2003/04,2003-11-23,Hearts,Hibernian,2-0,"Alen Orman (Hearts, og); Gary Smith (Hearts, og)",https://www.londonhearts.com/scores/games/200311231.html https://www.fitbastats.com/hibs/game.php?gameid=16340
edinburgh,2003/04,2004-02-15,Hibernian,Hearts,1-1,Steven Pressley (Hearts); Derek Riordan (Hibernian),https://www.londonhearts.com/scores/games/200402151.html https://www.fitbastats.com/hibs/game.php?gameid=16346
edinburgh,2004/05,2004-10-24,Hearts,Hibernian,2-1,Patrick Kisnorbo (Hearts); Joe Hamill (Hearts); Derek Riordan (Hibernian),https://www.londonhearts.com/scores/games/200410241.html https://www.fitbastats.com/hibs/game.php?gameid=16301
edinburgh,2004/05,2005-01-02,Hibernian,Hearts,1-1,Paul Hartley (Hearts); Derek Riordan (Hibernian),https://www.londonhearts.com/scores/games/200501021.html https://www.fitbastats.com/hibs/game.php?gameid=16307
edinburgh,2004/05,2005-04-13,Hearts,Hibernian,1-2,Lee Miller (Hearts); Garry O'Connor (Hibernian); Dean Shiels (Hibernian),https://www.londonhearts.com/scores/games/200504131.html https://www.fitbastats.com/hibs/game.php?gameid=16315
edinburgh,2004/05,2005-04-23,Hibernian,Hearts,2-2,Lee Miller (Hearts); Andy Webster (Hearts); Garry O'Connor (Hibernian); Derek Riordan (Hibernian),https://www.londonhearts.com/scores/games/200504231.html https://www.fitbastats.com/hibs/game.php?gameid=16316
edinburgh,2005/06,2005-08-07,Hearts,Hibernian,4-0,Rudi Skácel (Hearts); Paul Hartley (Hearts); Stephen Simmons (Hearts); Saulius Mikoliūnas (Hearts),https://www.londonhearts.com/scores/games/200508071.html https://www.fitbastats.com/hibs/game.php?gameid=16262
edinburgh,2005/06,2005-10-29,Hibernian,Hearts,2-0,Guillaume Beuzelin (Hibernian); Garry O'Connor (Hibernian),https://www.londonhearts.com/scores/games/200510291.html https://www.fitbastats.com/hibs/game.php?gameid=16270
edinburgh,2005/06,2006-01-28,Hearts,Hibernian,4-1,Paul Hartley (Hearts) x2; Rudi Skácel (Hearts); Calum Elliot (Hearts); Garry O'Connor (Hibernian),https://www.londonhearts.com/scores/games/200601281.html https://www.fitbastats.com/hibs/game.php?gameid=16278
edinburgh,2005/06,2006-04-22,Hibernian,Hearts,2-1,Roman Bednář (Hearts); Derek Riordan (Hibernian); Abdessalam Benjelloun (Hibernian),https://www.londonhearts.com/scores/games/200604221.html https://www.fitbastats.com/hibs/game.php?gameid=16286
edinburgh,2006/07,2006-10-15,Hibernian,Hearts,2-2,Andrius Velička (Hearts) x2; Merouane Zemmama (Hibernian); Chris Killen (Hibernian),https://www.londonhearts.com/scores/games/200610151.html https://www.fitbastats.com/hibs/game.php?gameid=16229
edinburgh,2006/07,2006-12-26,Hearts,Hibernian,3-2,Paul Hartley (Hearts); Edgaras Jankauskas (Hearts); Saulius Mikoliūnas (Hearts); Chris Killen (Hibernian); Dean Shiels (Hibernian),https://www.londonhearts.com/scores/games/200612261.html https://www.fitbastats.com/hibs/game.php?gameid=16237
edinburgh,2006/07,2007-04-01,Hibernian,Hearts,0-1,Marius Žaliūkas (Hearts),https://www.londonhearts.com/scores/games/200704011.html https://www.fitbastats.com/hibs/game.php?gameid=16245
edinburgh,2006/07,2007-05-12,Hearts,Hibernian,2-0,Michal Pospíšil (Hearts); Andrew Driver (Hearts),https://www.londonhearts.com/scores/games/200705121.html https://www.fitbastats.com/hibs/game.php?gameid=16249
edinburgh,2007/08,2007-08-06,Hearts,Hibernian,0-1,Brian Kerr (Hibernian),https://www.londonhearts.com/scores/games/200708061.html https://www.fitbastats.com/hibs/game.php?gameid=16190
edinburgh,2007/08,2007-11-04,Hibernian,Hearts,1-1,"Christian Nadé (Hearts); Christophe Berra (Hibernian, og)",https://www.londonhearts.com/scores/games/200711041.html https://www.fitbastats.com/hibs/game.php?gameid=16198
edinburgh,2007/08,2008-01-19,Hearts,Hibernian,1-0,Andrius Velička (Hearts),https://www.londonhearts.com/scores/games/200801191.html https://www.fitbastats.com/hibs/game.php?gameid=16206
edinburgh,2008/09,2008-10-19,Hibernian,Hearts,1-1,Bruno Aguiar (Hearts); Steven Fletcher (Hibernian),https://www.londonhearts.com/scores/games/200810191.html https://www.fitbastats.com/hibs/game.php?gameid=16166 https://news.bbc.co.uk/sport2/hi/football/scot_prem/7673949.stm
edinburgh,2008/09,2009-01-03,Hearts,Hibernian,0-0,,https://www.londonhearts.com/scores/games/200901031.html https://www.fitbastats.com/hibs/game.php?gameid=16174 https://news.bbc.co.uk/sport1/hi/football/scot_prem/7805978.stm
edinburgh,2008/09,2009-03-14,Hibernian,Hearts,1-0,Steven Fletcher (Hibernian),https://www.londonhearts.com/scores/games/200903141.html https://www.fitbastats.com/hibs/game.php?gameid=16179 https://news.bbc.co.uk/sport2/hi/football/scot_prem/7940922.stm
edinburgh,2008/09,2009-05-07,Hearts,Hibernian,0-1,Derek Riordan (Hibernian),https://www.londonhearts.com/scores/games/200905071.html https://www.fitbastats.com/hibs/game.php?gameid=16185 https://news.bbc.co.uk/sport2/hi/football/scot_prem/8033673.stm
edinburgh,2009/10,2009-11-07,Hearts,Hibernian,0-0,,https://www.londonhearts.com/scores/games/200911071.html https://www.fitbastats.com/hibs/game.php?gameid=16135 https://news.bbc.co.uk/sport1/hi/football/scot_prem/8340780.stm http://news.bbc.co.uk/sport1/hi/football/scot_prem/8340780.stm
edinburgh,2009/10,2010-01-03,Hibernian,Hearts,1-1,Gordon Smith (Hearts); Anthony Stokes (Hibernian),https://www.londonhearts.com/scores/games/201001031.html https://www.fitbastats.com/hibs/game.php?gameid=16141 https://news.bbc.co.uk/sport2/hi/football/scot_prem/8436134.stm http://news.bbc.co.uk/sport1/hi/football/scot_prem/8436134.stm
edinburgh,2009/10,2010-03-20,Hearts,Hibernian,2-1,Andrew Driver (Hearts); Gary Glen (Hearts); Derek Riordan (Hibernian),https://www.londonhearts.com/scores/games/201003201.html https://www.fitbastats.com/hibs/game.php?gameid=16148 https://news.bbc.co.uk/sport2/hi/football/scot_prem/8575709.stm http://news.bbc.co.uk/sport1/hi/football/scot_prem/8340780.stm
edinburgh,2009/10,2010-05-01,Hibernian,Hearts,1-2,Suso Santana (Hearts); David Obua (Hearts); Anthony Stokes (Hibernian),https://www.londonhearts.com/scores/games/201005011.html https://www.fitbastats.com/hibs/game.php?gameid=16153 https://news.bbc.co.uk/sport2/hi/football/scot_prem/8653030.stm http://news.bbc.co.uk/sport1/hi/football/scot_prem/8653030.stm
edinburgh,2010/11,2010-11-07,Hibernian,Hearts,0-2,David Templeton (Hearts); Stephen Elliott (Hearts),https://www.londonhearts.com/scores/games/201011071.html https://www.fitbastats.com/hibs/game.php?gameid=16105 https://news.bbc.co.uk/sport2/hi/football/scot_prem/9161881.stm
edinburgh,2010/11,2011-01-01,Hearts,Hibernian,1-0,Kevin Kyle (Hearts),https://www.londonhearts.com/scores/games/201101011.html https://www.fitbastats.com/hibs/game.php?gameid=16111 https://news.bbc.co.uk/sport2/hi/football/scot_prem/9330440.stm
edinburgh,2010/11,2011-04-03,Hibernian,Hearts,2-2,Ryan Stevenson (Hearts); Stephen Elliott (Hearts); Liam Miller (Hibernian); Ricardo Vaz Tê (Hibernian),https://www.londonhearts.com/scores/games/201104031.html https://www.fitbastats.com/hibs/game.php?gameid=16120 https://news.bbc.co.uk/sport2/hi/football/scot_prem/9442794.stm
edinburgh,2011/12,2011-08-28,Hearts,Hibernian,2-0,Ryan Stevenson (Hearts); Andy Webster (Hearts),https://www.londonhearts.com/scores/games/201108281.html https://www.fitbastats.com/hibs/game.php?gameid=16061 https://www.bbc.co.uk/sport/football/14606014
edinburgh,2011/12,2012-01-02,Hibernian,Hearts,1-3,"Ryan McGowan (Hearts); Andy Webster (Hearts); Rudi Skácel (Hearts); Marius Žaliūkas (Hibernian, og)",https://www.londonhearts.com/scores/games/201201021.html https://www.fitbastats.com/hibs/game.php?gameid=16074 https://news.bbc.co.uk/sport2/hi/football/scot_prem/16330946.stm
edinburgh,2011/12,2012-03-18,Hearts,Hibernian,2-0,Craig Beattie (Hearts); Suso Santana (Hearts),https://www.londonhearts.com/scores/games/201203181.html https://www.fitbastats.com/hibs/game.php?gameid=16080 https://www.bbc.co.uk/sport/football/17330239
edinburgh,2012/13,2012-08-12,Hibernian,Hearts,1-1,Andrew Driver (Hearts); Leigh Griffiths (Hibernian),https://www.londonhearts.com/scores/games/201208121.html https://www.fitbastats.com/hibs/game.php?gameid=84872 https://www.bbc.co.uk/sport/football/19133994
edinburgh,2012/13,2013-01-03,Hearts,Hibernian,0-0,,https://www.londonhearts.com/scores/games/201301031.html https://www.fitbastats.com/hibs/game.php?gameid=84888 https://www.bbc.co.uk/sport/football/20849343
edinburgh,2012/13,2013-03-10,Hibernian,Hearts,0-0,,https://www.londonhearts.com/scores/games/201303101.html https://www.fitbastats.com/hibs/game.php?gameid=84895 https://www.bbc.co.uk/sport/football/21646444
edinburgh,2012/13,2013-05-12,Hearts,Hibernian,1-2,Darren Barr (Hearts); Leigh Griffiths (Hibernian); Ross Caldwell (Hibernian),https://www.londonhearts.com/scores/games/201305121.html https://www.fitbastats.com/hibs/game.php?gameid=84899 https://www.bbc.co.uk/sport/football/22417744
edinburgh,2013/14,2013-08-11,Hearts,Hibernian,1-0,Callum Paterson (Hearts),https://www.londonhearts.com/scores/games/201308111.html https://www.fitbastats.com/hibs/game.php?gameid=85233 https://www.bbc.co.uk/sport/football/23565318
edinburgh,2013/14,2014-01-02,Hibernian,Hearts,2-1,David Smith (Hearts); James Collins (Hibernian); Liam Craig (Hibernian),https://www.londonhearts.com/scores/games/201401021.html https://www.fitbastats.com/hibs/game.php?gameid=85397 https://www.bbc.co.uk/sport/football/25516816
edinburgh,2013/14,2014-03-30,Hearts,Hibernian,2-0,Dale Carrick (Hearts); Billy King (Hearts),https://www.londonhearts.com/scores/games/201403301.html https://www.fitbastats.com/hibs/game.php?gameid=86036 https://www.bbc.co.uk/sport/football/26703719
edinburgh,2013/14,2014-04-27,Hibernian,Hearts,1-2,Callum Paterson (Hearts) x2; Jordon Forster (Hibernian),https://www.londonhearts.com/scores/games/201404271.html https://www.fitbastats.com/hibs/game.php?gameid=86060 https://www.bbc.co.uk/sport/football/27092925
edinburgh,2017/18,2017-10-24,Hibernian,Hearts,1-0,Simon Murray (Hibernian),https://www.londonhearts.com/scores/games/201710241.html https://www.fitbastats.com/hibs/game.php?gameid=91423 https://www.bbc.co.uk/sport/football/41646985
edinburgh,2017/18,2017-12-27,Hearts,Hibernian,0-0,,https://www.londonhearts.com/scores/games/201712271.html https://www.fitbastats.com/hibs/game.php?gameid=91629 https://www.bbc.co.uk/sport/football/42421303
edinburgh,2017/18,2018-03-09,Hibernian,Hearts,2-0,Scott Allan (Hibernian); Jamie Maclaren (Hibernian),https://www.londonhearts.com/scores/games/201803091.html https://www.fitbastats.com/hibs/game.php?gameid=91834 https://www.bbc.co.uk/sport/football/43251605
edinburgh,2017/18,2018-05-09,Hearts,Hibernian,2-1,Kyle Lafferty (Hearts); Steven Naismith (Hearts); Florian Kamberi (Hibernian),https://www.londonhearts.com/scores/games/201805091.html https://www.fitbastats.com/hibs/game.php?gameid=92217 https://www.bbc.co.uk/sport/football/43971314
edinburgh,2018/19,2018-10-31,Hearts,Hibernian,0-0,,https://www.londonhearts.com/scores/games/201810311.html https://www.fitbastats.com/hibs/game.php?gameid=92646 https://www.bbc.co.uk/sport/football/45961225
edinburgh,2018/19,2018-12-29,Hibernian,Hearts,0-1,Olly Lee (Hearts),https://www.londonhearts.com/scores/games/201812291.html https://www.fitbastats.com/hibs/game.php?gameid=92862 https://www.bbc.co.uk/sport/football/46656784
edinburgh,2018/19,2019-04-06,Hearts,Hibernian,1-2,Peter Haring (Hearts); Daryl Horgan (Hibernian) x2,https://www.londonhearts.com/scores/games/201904061.html https://www.fitbastats.com/hibs/game.php?gameid=93158 https://www.bbc.co.uk/sport/football/47756961
edinburgh,2018/19,2019-04-28,Hibernian,Hearts,1-1,"Uche Ikpeazu (Hearts); Christophe Berra (Hibernian, og)",https://www.londonhearts.com/scores/games/201904281.html https://www.fitbastats.com/hibs/game.php?gameid=93221 https://www.bbc.co.uk/sport/football/48000943
edinburgh,2019/20,2019-09-22,Hibernian,Hearts,1-2,Uche Ikpeazu (Hearts); Aaron Hickey (Hearts); Stevie Mallan (Hibernian),https://www.londonhearts.com/scores/games/201909221.html https://www.fitbastats.com/hibs/game.php?gameid=93599 https://www.bbc.co.uk/sport/football/49705125
edinburgh,2019/20,2019-12-26,Hearts,Hibernian,0-2,Martin Boyle (Hibernian) x2,https://www.londonhearts.com/scores/games/201912261.html https://www.fitbastats.com/hibs/game.php?gameid=93938 https://www.bbc.co.uk/sport/football/50847215
edinburgh,2019/20,2020-03-03,Hibernian,Hearts,1-3,Sean Clare (Hearts); Oliver Bozanic (Hearts); Conor Washington (Hearts); Melker Hallberg (Hibernian),https://www.londonhearts.com/scores/games/202003031.html https://www.fitbastats.com/hibs/game.php?gameid=94144 https://www.bbc.co.uk/sport/football/51623907
edinburgh,2021/22,2021-09-12,Hearts,Hibernian,0-0,,https://www.londonhearts.com/scores/games/202109121.html https://www.fitbastats.com/hibs/game.php?gameid=95234 https://www.bbc.co.uk/sport/football/58451976
edinburgh,2021/22,2022-02-01,Hibernian,Hearts,0-0,,https://www.londonhearts.com/scores/games/202202011.html https://www.fitbastats.com/hibs/game.php?gameid=95727 https://www.bbc.co.uk/sport/football/60121366
edinburgh,2021/22,2022-04-09,Hearts,Hibernian,3-1,Andy Halliday (Hearts) x2; Stephen Kingsley (Hearts); Drey Wright (Hibernian),https://www.londonhearts.com/scores/games/202204091.html https://www.fitbastats.com/hibs/game.php?gameid=95965 https://www.bbc.co.uk/sport/football/60903115
edinburgh,2022/23,2022-08-07,Hibernian,Hearts,1-1,Lawrence Shankland (Hearts); Martin Boyle (Hibernian),https://www.londonhearts.com/scores/games/202208071.html https://www.fitbastats.com/hibs/game.php?gameid=96197 https://www.bbc.co.uk/sport/football/62366370
edinburgh,2022/23,2023-01-02,Hearts,Hibernian,3-0,Lawrence Shankland (Hearts) x2; Stephen Humphrys (Hearts),https://www.londonhearts.com/scores/games/202301021.html https://www.fitbastats.com/hibs/game.php?gameid=96695 https://www.bbc.co.uk/sport/football/64092613
edinburgh,2022/23,2023-04-15,Hibernian,Hearts,1-0,Kevin Nisbet (Hibernian),https://www.londonhearts.com/scores/games/202304151.html https://www.fitbastats.com/hibs/game.php?gameid=97022 https://www.bbc.co.uk/sport/football/65239643 https://www.bbc.co.uk/sport/football/65217780
edinburgh,2022/23,2023-05-27,Hearts,Hibernian,1-1,Yutaro Oda (Hearts); Kevin Nisbet (Hibernian),https://www.londonhearts.com/scores/games/202305271.html https://www.fitbastats.com/hibs/game.php?gameid=97123 https://www.bbc.co.uk/sport/football/65654946
edinburgh,2023/24,2023-10-07,Hearts,Hibernian,2-2,"Alan Forrest (Hearts); Christian Doidge (Hearts, og); Elie Youan (Hibernian) x2",https://www.londonhearts.com/scores/games/202310071.html https://www.fitbastats.com/hibs/game.php?gameid=97457 https://www.bbc.co.uk/sport/football/66969131
edinburgh,2023/24,2023-12-27,Hibernian,Hearts,0-1,Lawrence Shankland (Hearts),https://www.londonhearts.com/scores/games/202312271.html https://www.fitbastats.com/hibs/game.php?gameid=97727 https://www.bbc.co.uk/sport/football/67768958
edinburgh,2023/24,2024-02-28,Hearts,Hibernian,1-1,Lawrence Shankland (Hearts); Emiliano Marcondes (Hibernian),https://www.londonhearts.com/scores/games/202402281.html https://www.fitbastats.com/hibs/game.php?gameid=97937 https://www.bbc.co.uk/sport/football/68355885 https://www.bbc.co.uk/sport/football/67202365
edinburgh,2024/25,2024-10-27,Hibernian,Hearts,1-1,James Wilson (Hearts); Mykola Kukharevych (Hibernian),https://www.londonhearts.com/scores/games/202410271.html https://www.fitbastats.com/hibs/game.php?gameid=98714 https://www.bbc.co.uk/sport/football/live/c238le7d3z5t https://www.hibernianfc.co.uk/news/2024/june/29/report--edinburgh-city-0-5-hibernian-fc/
edinburgh,2024/25,2024-12-26,Hearts,Hibernian,1-2,"Rocky Bushiri (Hearts, og); Kye Rowles (Hibernian, og); Dwight Gayle (Hibernian)",https://www.londonhearts.com/scores/games/202412261.html https://www.fitbastats.com/hibs/game.php?gameid=99078 https://www.bbc.co.uk/sport/football/live/cpw2vw1wq91t
edinburgh,2024/25,2025-03-02,Hibernian,Hearts,2-1,Jorge Grant (Hearts); Martin Boyle (Hibernian); Jack Iredale (Hibernian),https://www.londonhearts.com/scores/games/202503021.html https://www.fitbastats.com/hibs/game.php?gameid=99363 https://www.bbc.co.uk/sport/football/live/c9q4j1nwjprt
edinburgh,2025/26,2025-10-04,Hearts,Hibernian,1-0,Craig Halkett (Hearts),https://www.londonhearts.com/scores/games/202510041.html https://www.fitbastats.com/hibs/game.php?gameid=100010 https://www.bbc.co.uk/sport/football/live/c20vq80ge9vt#Report
edinburgh,2025/26,2025-12-27,Hibernian,Hearts,3-2,Lawrence Shankland (Hearts); Cammy Devlin (Hearts); Jamie McGrath (Hibernian); Josh Campbell (Hibernian); Kieron Bowie (Hibernian),https://www.londonhearts.com/scores/games/202512271.html https://www.fitbastats.com/hibs/game.php?gameid=100476 https://www.bbc.co.uk/sport/football/live/cq8d94402knt#ReportBBC
edinburgh,2025/26,2026-02-10,Hearts,Hibernian,1-0,Tómas Bent Magnússon (Hearts),https://www.londonhearts.com/scores/games/202602101.html https://www.fitbastats.com/hibs/game.php?gameid=100646 https://www.bbc.co.uk/sport/football/live/c93v0ejzd80t#Report
edinburgh,2025/26,2026-04-26,Hibernian,Hearts,1-2,"Warren O'Hora (Hearts, og); Blair Spittal (Hearts); Martin Boyle (Hibernian)",https://www.londonhearts.com/scores/games/202604261.html https://www.fitbastats.com/hibs/game.php?gameid=100901 https://www.bbc.co.uk/sport/football/live/c8dl35ez3l3t#Report
