season,pos,club,played,won,drawn,lost,gf,ga,deduction,pts
2000/01,1,Celtic,38,31,4,3,90,29,0,97
2000/01,2,Rangers,38,26,4,8,76,36,0,82
2000/01,3,Hibernian,38,18,12,8,57,35,0,66
2000/01,4,Kilmarnock,38,15,9,14,44,53,0,54
2000/01,5,Hearts,38,14,10,14,56,50,0,52
2000/01,6,Dundee,38,13,8,17,51,49,0,47
2000/01,7,Aberdeen,38,11,12,15,45,52,0,45
2000/01,8,Motherwell,38,12,7,19,42,56,0,43
2000/01,9,Dunfermline,38,11,9,18,34,54,0,42
2000/01,10,St Johnstone,38,9,13,16,40,56,0,40
2000/01,11,Dundee United,38,9,8,21,38,63,0,35
2000/01,12,St Mirren,38,8,6,24,32,72,0,30
2001/02,1,Celtic,38,33,4,1,94,18,0,103
2001/02,2,Rangers,38,25,10,3,82,27,0,85
2001/02,3,Livingston,38,16,10,12,50,47,0,58
2001/02,4,Aberdeen,38,16,7,15,51,49,0,55
2001/02,5,Hearts,38,14,6,18,52,57,0,48
2001/02,6,Dunfermline,38,12,9,17,41,64,0,45
2001/02,7,Kilmarnock,38,13,10,15,44,54,0,49
2001/02,8,Dundee United,38,12,10,16,38,59,0,46
2001/02,9,Dundee,38,12,8,18,41,55,0,44
2001/02,10,Hibernian,38,10,11,17,51,56,0,41
2001/02,11,Motherwell,38,11,7,20,49,69,0,40
2001/02,12,St Johnstone,38,5,6,27,24,62,0,21
2002/03,1,Rangers,38,31,4,3,101,28,0,97
2002/03,2,Celtic,38,31,4,3,98,26,0,97
2002/03,3,Hearts,38,18,9,11,57,51,0,63
2002/03,4,Kilmarnock,38,16,9,13,47,56,0,57
2002/03,5,Dunfermline,38,13,7,18,54,71,0,46
2002/03,6,Dundee,38,10,14,14,50,60,0,44
2002/03,7,Hibernian,38,15,6,17,56,64,0,51
2002/03,8,Aberdeen,38,13,10,15,41,54,0,49
2002/03,9,Livingston,38,9,8,21,48,62,0,35
2002/03,10,Partick Thistle,38,8,11,19,37,58,0,35
2002/03,11,Dundee United,38,7,11,20,35,68,0,32
2002/03,12,Motherwell,38,7,7,24,45,71,0,28
2003/04,1,Celtic,38,31,5,2,105,25,0,98
2003/04,2,Rangers,38,25,6,7,75,32,0,81
2003/04,3,Hearts,38,19,11,8,55,39,0,68
2003/04,4,Dunfermline,38,14,11,13,45,52,0,53
2003/04,5,Dundee United,38,13,10,15,47,60,0,49
2003/04,6,Motherwell,38,12,10,16,42,49,0,46
2003/04,7,Dundee,38,12,10,16,48,57,0,46
2003/04,8,Hibernian,38,11,11,16,41,60,0,44
2003/04,9,Livingston,38,10,13,15,48,57,0,43
2003/04,10,Kilmarnock,38,12,6,20,51,74,0,42
2003/04,11,Aberdeen,38,9,7,22,39,63,0,34
2003/04,12,Partick Thistle,38,6,8,24,39,67,0,26
2004/05,1,Rangers,38,29,6,3,78,22,0,93
2004/05,2,Celtic,38,30,2,6,85,35,0,92
2004/05,3,Hibernian,38,18,7,13,64,57,0,61
2004/05,4,Aberdeen,38,18,7,13,44,39,0,61
2004/05,5,Hearts,38,13,11,14,43,41,0,50
2004/05,6,Motherwell,38,13,9,16,46,49,0,48
2004/05,7,Kilmarnock,38,15,4,19,49,55,0,49
2004/05,8,Inverness CT,38,11,11,16,41,47,0,44
2004/05,9,Dundee United,38,8,12,18,41,59,0,36
2004/05,10,Livingston,38,9,8,21,34,61,0,35
2004/05,11,Dunfermline,38,8,10,20,34,60,0,34
2004/05,12,Dundee,38,8,9,21,37,71,0,33
2005/06,1,Celtic,38,28,7,3,93,37,0,91
2005/06,2,Hearts,38,22,8,8,71,31,0,74
2005/06,3,Rangers,38,21,10,7,67,37,0,73
2005/06,4,Hibernian,38,17,5,16,61,56,0,56
2005/06,5,Kilmarnock,38,15,10,13,63,64,0,55
2005/06,6,Aberdeen,38,13,15,10,46,40,0,54
2005/06,7,Inverness CT,38,15,13,10,51,38,0,58
2005/06,8,Motherwell,38,13,10,15,55,61,0,49
2005/06,9,Dundee United,38,7,12,19,41,66,0,33
2005/06,10,Falkirk,38,8,9,21,35,64,0,33
2005/06,11,Dunfermline,38,8,9,21,33,68,0,33
2005/06,12,Livingston,38,4,6,28,25,79,0,18
2006/07,1,Celtic,38,26,6,6,65,34,0,84
2006/07,2,Rangers,38,21,9,8,61,32,0,72
2006/07,3,Aberdeen,38,19,8,11,55,38,0,65
2006/07,4,Hearts,38,17,10,11,47,35,0,61
2006/07,5,Kilmarnock,38,16,7,15,47,54,0,55
2006/07,6,Hibernian,38,13,10,15,56,46,0,49
2006/07,7,Falkirk,38,15,5,18,49,47,0,50
2006/07,8,Inverness CT,38,11,13,14,42,48,0,46
2006/07,9,Dundee United,38,10,12,16,40,59,0,42
2006/07,10,Motherwell,38,10,8,20,41,61,0,38
2006/07,11,St Mirren,38,8,12,18,31,51,0,36
2006/07,12,Dunfermline,38,8,8,22,26,55,0,32
2007/08,1,Celtic,38,28,5,5,84,26,0,89
2007/08,2,Rangers,38,27,5,6,84,33,0,86
2007/08,3,Motherwell,38,18,6,14,50,46,0,60
2007/08,4,Aberdeen,38,15,8,15,50,58,0,53
2007/08,5,Dundee United,38,14,10,14,53,47,0,52
2007/08,6,Hibernian,38,14,10,14,49,45,0,52
2007/08,7,Falkirk,38,13,10,15,45,49,0,49
2007/08,8,Hearts,38,13,9,16,47,55,0,48
2007/08,9,Inverness CT,38,13,4,21,51,62,0,43
2007/08,10,St Mirren,38,10,11,17,26,54,0,41
2007/08,11,Kilmarnock,38,10,10,18,39,52,0,40
2007/08,12,Gretna,38,5,8,25,32,83,-10,13
2008/09,1,Rangers,38,26,8,4,77,28,0,86
2008/09,2,Celtic,38,24,10,4,80,33,0,82
2008/09,3,Hearts,38,16,11,11,40,37,0,59
2008/09,4,Aberdeen,38,14,11,13,41,40,0,53
2008/09,5,Dundee United,38,13,14,11,47,50,0,53
2008/09,6,Hibernian,38,11,14,13,42,46,0,47
2008/09,7,Motherwell,38,13,9,16,46,51,0,48
2008/09,8,Kilmarnock,38,12,8,18,38,48,0,44
2008/09,9,Hamilton,38,12,5,21,30,53,0,41
2008/09,10,Falkirk,38,9,11,18,37,52,0,38
2008/09,11,St Mirren,38,9,10,19,33,52,0,37
2008/09,12,Inverness CT,38,10,7,21,37,58,0,37
2009/10,1,Rangers,38,26,9,3,82,28,0,87
2009/10,2,Celtic,38,25,6,7,75,39,0,81
2009/10,3,Dundee United,38,17,12,9,55,47,0,63
2009/10,4,Hibernian,38,15,9,14,58,55,0,54
2009/10,5,Motherwell,38,13,14,11,52,54,0,53
2009/10,6,Hearts,38,13,9,16,35,46,0,48
2009/10,7,Hamilton,38,13,10,15,39,46,0,49
2009/10,8,St Johnstone,38,12,11,15,57,61,0,47
2009/10,9,Aberdeen,38,10,11,17,36,52,0,41
2009/10,10,St Mirren,38,7,13,18,36,49,0,34
2009/10,11,Kilmarnock,38,8,9,21,29,51,0,33
2009/10,12,Falkirk,38,6,13,19,31,57,0,31
2010/11,1,Rangers,38,30,3,5,88,29,0,93
2010/11,2,Celtic,38,29,5,4,85,22,0,92
2010/11,3,Hearts,38,18,9,11,53,45,0,63
2010/11,4,Dundee United,38,17,10,11,55,50,0,61
2010/11,5,Kilmarnock,38,13,10,15,53,55,0,49
2010/11,6,Motherwell,38,13,7,18,40,60,0,46
2010/11,7,Inverness CT,38,14,11,13,52,44,0,53
2010/11,8,St Johnstone,38,11,11,16,23,43,0,44
2010/11,9,Aberdeen,38,11,5,22,39,59,0,38
2010/11,10,Hibernian,38,10,7,21,39,61,0,37
2010/11,11,St Mirren,38,8,9,21,33,57,0,33
2010/11,12,Hamilton,38,5,11,22,24,59,0,26
2011/12,1,Celtic,38,30,3,5,84,21,0,93
2011/12,2,Rangers,38,26,5,7,77,28,-10,73
2011/12,3,Motherwell,38,18,8,12,49,44,0,62
2011/12,4,Dundee United,38,16,11,11,62,50,0,59
2011/12,5,Hearts,38,15,7,16,45,43,0,52
2011/12,6,St Johnstone,38,14,8,16,43,50,0,50
2011/12,7,Kilmarnock,38,11,14,13,44,61,0,47
2011/12,8,St Mirren,38,9,16,13,39,51,0,43
2011/12,9,Aberdeen,38,9,14,15,36,44,0,41
2011/12,10,Inverness CT,38,10,9,19,42,60,0,39
2011/12,11,Hibernian,38,8,9,21,40,67,0,33
2011/12,12,Dunfermline,38,5,10,23,40,82,0,25
2012/13,1,Celtic,38,24,7,7,92,35,0,79
2012/13,2,Motherwell,38,18,9,11,67,51,0,63
2012/13,3,St Johnstone,38,14,14,10,45,44,0,56
2012/13,4,Inverness CT,38,13,15,10,64,60,0,54
2012/13,5,Ross County,38,13,14,11,47,48,0,53
2012/13,6,Dundee United,38,11,14,13,51,62,0,47
2012/13,7,Hibernian,38,13,12,13,49,52,0,51
2012/13,8,Aberdeen,38,11,15,12,41,43,0,48
2012/13,9,Kilmarnock,38,11,12,15,52,53,0,45
2012/13,10,Hearts,38,11,11,16,40,49,0,44
2012/13,11,St Mirren,38,9,14,15,47,60,0,41
2012/13,12,Dundee,38,7,9,22,28,66,0,30
2013/14,1,Celtic,38,31,6,1,102,25,0,99
2013/14,2,Motherwell,38,22,4,12,64,60,0,70
2013/14,3,Aberdeen,38,20,8,10,53,38,0,68
2013/14,4,Dundee United,38,16,10,12,65,50,0,58
2013/14,5,Inverness CT,38,16,9,13,44,44,0,57
2013/14,6,St Johnstone,38,15,8,15,48,42,0,53
2013/14,7,Ross County,38,11,7,20,44,62,0,40
2013/14,8,St Mirren,38,10,9,19,39,58,0,39
2013/14,9,Kilmarnock,38,11,6,21,45,66,0,39
2013/14,10,Partick Thistle,38,8,14,16,46,65,0,38
2013/14,11,Hibernian,38,8,11,19,31,51,0,35
2013/14,12,Hearts,38,10,8,20,45,65,-15,23
2014/15,1,Celtic,38,29,5,4,84,17,0,92
2014/15,2,Aberdeen,38,23,6,9,57,33,0,75
2014/15,3,Inverness CT,38,19,8,11,52,42,0,65
2014/15,4,St Johnstone,38,16,9,13,34,34,0,57
2014/15,5,Dundee United,38,17,5,16,58,56,0,56
2014/15,6,Dundee,38,11,12,15,46,57,0,45
2014/15,7,Hamilton,38,15,8,15,50,53,0,53
2014/15,8,Partick Thistle,38,12,10,16,48,44,0,46
2014/15,9,Ross County,38,12,8,18,46,63,0,44
2014/15,10,Kilmarnock,38,11,8,19,44,59,0,41
2014/15,11,Motherwell,38,10,6,22,38,63,0,36
2014/15,12,St Mirren,38,9,3,26,30,66,0,30
2015/16,1,Celtic,38,26,8,4,93,31,0,86
2015/16,2,Aberdeen,38,22,5,11,62,48,0,71
2015/16,3,Hearts,38,18,11,9,59,40,0,65
2015/16,4,St Johnstone,38,16,8,14,58,55,0,56
2015/16,5,Motherwell,38,15,5,18,47,63,0,50
2015/16,6,Ross County,38,14,6,18,55,61,0,48
2015/16,7,Inverness CT,38,14,10,14,54,48,0,52
2015/16,8,Dundee,38,11,15,12,53,57,0,48
2015/16,9,Partick Thistle,38,12,10,16,41,50,0,46
2015/16,10,Hamilton,38,11,10,17,42,63,0,43
2015/16,11,Kilmarnock,38,9,9,20,41,64,0,36
2015/16,12,Dundee United,38,8,7,23,45,70,-3,28
2016/17,1,Celtic,38,34,4,0,106,25,0,106
2016/17,2,Aberdeen,38,24,4,10,74,35,0,76
2016/17,3,Rangers,38,19,10,9,56,44,0,67
2016/17,4,St Johnstone,38,17,7,14,50,46,0,58
2016/17,5,Hearts,38,12,10,16,55,52,0,46
2016/17,6,Partick Thistle,38,10,12,16,38,54,0,42
2016/17,7,Ross County,38,11,13,14,48,58,0,46
2016/17,8,Kilmarnock,38,9,14,15,36,56,0,41
2016/17,9,Motherwell,38,10,8,20,46,69,0,38
2016/17,10,Dundee,38,10,7,21,38,62,0,37
2016/17,11,Hamilton,38,7,14,17,37,56,0,35
2016/17,12,Inverness CT,38,7,13,18,44,71,0,34
2017/18,1,Celtic,38,24,10,4,73,25,0,82
2017/18,2,Aberdeen,38,22,7,9,56,37,0,73
2017/18,3,Rangers,38,21,7,10,76,50,0,70
2017/18,4,Hibernian,38,18,13,7,62,46,0,67
2017/18,5,Kilmarnock,38,16,11,11,49,47,0,59
2017/18,6,Hearts,38,12,13,13,39,39,0,49
2017/18,7,Motherwell,38,13,9,16,43,49,0,48
2017/18,8,St Johnstone,38,12,10,16,42,53,0,46
2017/18,9,Dundee,38,11,6,21,36,57,0,39
2017/18,10,Hamilton,38,9,6,23,47,68,0,33
2017/18,11,Partick Thistle,38,8,9,21,31,61,0,33
2017/18,12,Ross County,38,6,11,21,40,62,0,29
2018/19,1,Celtic,38,27,6,5,77,20,0,87
2018/19,2,Rangers,38,23,9,6,82,27,0,78
2018/19,3,Kilmarnock,38,19,10,9,50,31,0,67
2018/19,4,Aberdeen,38,20,7,11,57,44,0,67
2018/19,5,Hibernian,38,14,12,12,51,39,0,54
2018/19,6,Hearts,38,15,6,17,42,50,0,51
2018/19,7,St Johnstone,38,15,7,16,38,48,0,52
2018/19,8,Motherwell,38,15,6,17,46,56,0,51
2018/19,9,Livingston,38,11,11,16,42,44,0,44
2018/19,10,Hamilton,38,9,6,23,28,75,0,33
2018/19,11,St Mirren,38,8,8,22,34,66,0,32
2018/19,12,Dundee,38,5,6,27,31,78,0,21
2019/20,1,Celtic,30,26,2,2,89,19,0,80
2019/20,2,Rangers,29,21,4,4,64,19,0,67
2019/20,3,Motherwell,30,14,4,12,41,38,0,46
2019/20,4,Aberdeen,30,12,9,9,40,36,0,45
2019/20,5,Livingston,30,10,9,11,41,39,0,39
2019/20,6,St Johnstone,29,8,12,9,28,46,0,36
2019/20,7,Hibernian,30,9,10,11,42,49,0,37
2019/20,8,Kilmarnock,30,9,6,15,31,41,0,33
2019/20,9,St Mirren,30,7,8,15,24,41,0,29
2019/20,10,Ross County,30,7,8,15,29,60,0,29
2019/20,11,Hamilton,30,6,9,15,30,50,0,27
2019/20,12,Hearts,30,4,11,15,31,52,0,23
2020/21,1,Rangers,38,32,6,0,92,13,0,102
2020/21,2,Celtic,38,22,11,5,78,29,0,77
2020/21,3,Hibernian,38,18,9,11,48,35,0,63
2020/21,4,Aberdeen,38,15,11,12,36,38,0,56
2020/21,5,St Johnstone,38,11,12,15,36,46,0,45
2020/21,6,Livingston,38,12,9,17,42,54,0,45
2020/21,7,St Mirren,38,11,12,15,37,45,0,45
2020/21,8,Motherwell,38,12,9,17,39,55,0,45
2020/21,9,Dundee United,38,10,14,14,32,50,0,44
2020/21,10,Ross County,38,11,6,21,35,66,0,39
2020/21,11,Kilmarnock,38,10,6,22,43,54,0,36
2020/21,12,Hamilton,38,7,9,22,34,67,0,30
2021/22,1,Celtic,38,29,6,3,92,22,0,93
2021/22,2,Rangers,38,27,8,3,80,31,0,89
2021/22,3,Hearts,38,17,10,11,54,44,0,61
2021/22,4,Dundee United,38,12,12,14,37,44,0,48
2021/22,5,Motherwell,38,12,10,16,42,61,0,46
2021/22,6,Ross County,38,10,11,17,47,61,0,41
2021/22,7,Livingston,38,13,10,15,41,46,0,49
2021/22,8,Hibernian,38,11,12,15,38,42,0,45
2021/22,9,St Mirren,38,10,14,14,33,51,0,44
2021/22,10,Aberdeen,38,10,11,17,41,46,0,41
2021/22,11,St Johnstone,38,8,11,19,24,51,0,35
2021/22,12,Dundee,38,6,11,21,34,64,0,29
2022/23,1,Celtic,38,32,3,3,114,34,0,99
2022/23,2,Rangers,38,29,5,4,93,37,0,92
2022/23,3,Aberdeen,38,18,3,17,56,60,0,57
2022/23,4,Hearts,38,15,9,14,63,57,0,54
2022/23,5,Hibernian,38,15,7,16,57,59,0,52
2022/23,6,St Mirren,38,12,10,16,43,61,0,46
2022/23,7,Motherwell,38,14,8,16,53,51,0,50
2022/23,8,Livingston,38,13,7,18,36,60,0,46
2022/23,9,St Johnstone,38,12,7,19,41,59,0,43
2022/23,10,Kilmarnock,38,11,7,20,37,62,0,40
2022/23,11,Ross County,38,9,7,22,37,60,0,34
2022/23,12,Dundee United,38,8,7,23,40,70,0,31
2023/24,1,Celtic,38,29,6,3,95,30,0,93
2023/24,2,Rangers,38,27,4,7,87,32,0,85
2023/24,3,Hearts,38,20,8,10,54,42,0,68
2023/24,4,Kilmarnock,38,14,14,10,46,44,0,56
2023/24,5,St Mirren,38,13,8,17,46,52,0,47
2023/24,6,Dundee,38,10,12,16,49,68,0,42
2023/24,7,Aberdeen,38,12,12,14,48,52,0,48
2023/24,8,Hibernian,38,11,13,14,52,59,0,46
2023/24,9,Motherwell,38,10,13,15,56,59,0,43
2023/24,10,St Johnstone,38,8,11,19,29,54,0,35
2023/24,11,Ross County,38,8,11,19,38,67,0,35
2023/24,12,Livingston,38,5,10,23,29,70,0,25
2024/25,1,Celtic,38,29,5,4,112,26,0,92
2024/25,2,Rangers,38,22,9,7,80,41,0,75
2024/25,3,Hibernian,38,15,13,10,62,50,0,58
2024/25,4,Dundee United,38,15,8,15,45,54,0,53
2024/25,5,Aberdeen,38,15,8,15,48,61,0,53
2024/25,6,St Mirren,38,14,8,16,53,59,0,50
2024/25,7,Hearts,38,15,7,16,52,47,0,52
2024/25,8,Motherwell,38,14,7,17,46,63,0,49
2024/25,9,Kilmarnock,38,12,8,18,45,64,0,44
2024/25,10,Dundee,38,11,8,19,57,77,0,41
2024/25,11,Ross County,38,9,10,19,37,65,0,37
2024/25,12,St Johnstone,38,9,5,24,38,68,0,32
2025/26,1,Celtic,38,26,4,8,73,41,0,82
2025/26,2,Hearts,38,24,8,6,67,34,0,80
2025/26,3,Rangers,38,20,12,6,76,43,0,72
2025/26,4,Motherwell,38,16,13,9,59,36,0,61
2025/26,5,Hibernian,38,15,12,11,58,44,0,57
2025/26,6,Falkirk,38,14,7,17,50,62,0,49
2025/26,7,Dundee United,38,10,15,13,49,60,0,45
2025/26,8,Dundee,38,11,9,18,42,61,0,42
2025/26,9,Aberdeen,38,11,7,20,40,55,0,40
2025/26,10,Kilmarnock,38,10,10,18,50,68,0,40
2025/26,11,St Mirren,38,8,10,20,30,55,0,34
2025/26,12,Livingston,38,2,15,21,40,75,0,21
