tournament,player,transfermarkt_id,apps,goals
1998,David Seaman,3141,4,0
1998,Sol Campbell,3198,4,0
1998,Graeme Le Saux,3157,4,0
1998,Tony Adams,28238,4,0
1998,Gareth Southgate,3744,2,0
1998,Gary Neville,3403,3,0
1998,Paul Ince,3248,4,0
1998,David Beckham,3139,3,1
1998,Steve McManaman,3980,1,0
1998,Darren Anderton,3277,4,1
1998,Paul Merson,3250,1,0
1998,Paul Scholes,3397,4,1
1998,Rob Lee,14183,1,0
1998,David Batty,3295,4,0
1998,Alan Shearer,3110,4,2
1998,Teddy Sheringham,3392,2,0
1998,Michael Owen,1397,4,2
2002,David Seaman,3141,5,0
2002,Danny Mills,3743,5,0
2002,Ashley Cole,3182,5,0
2002,Rio Ferdinand,3235,5,1
2002,Sol Campbell,3198,5,1
2002,Wayne Bridge,3682,2,0
2002,David Beckham,3139,5,1
2002,Paul Scholes,3397,5,0
2002,Owen Hargreaves,201,2,0
2002,Joe Cole,3876,1,0
2002,Nicky Butt,3543,4,0
2002,Kieron Dyer,3118,3,0
2002,Trevor Sinclair,3253,4,0
2002,Robbie Fowler,3225,1,0
2002,Michael Owen,1397,5,2
2002,Emile Heskey,3142,5,1
2002,Teddy Sheringham,3392,4,0
2002,Darius Vassell,3236,3,0
2006,Paul Robinson,3630,5,0
2006,Gary Neville,3403,2,0
2006,Ashley Cole,3182,5,0
2006,Rio Ferdinand,3235,5,0
2006,John Terry,3160,5,0
2006,Sol Campbell,3198,1,0
2006,Jamie Carragher,3597,4,0
2006,Steven Gerrard,3109,5,2
2006,David Beckham,3139,5,1
2006,Frank Lampard,3163,5,0
2006,Joe Cole,3876,5,1
2006,Owen Hargreaves,201,4,0
2006,Michael Carrick,3878,1,0
2006,Stewart Downing,4063,3,0
2006,Wayne Rooney,3332,4,0
2006,Michael Owen,1397,3,0
2006,Aaron Lennon,14221,3,0
2006,Peter Crouch,4072,4,1
2010,David James,3646,3,0
2010,Rob Green,11680,1,0
2010,Glen Johnson,3881,4,0
2010,Ashley Cole,3182,4,0
2010,John Terry,3160,4,0
2010,Matthew Upson,3273,2,1
2010,Jamie Carragher,3597,2,0
2010,Ledley King,3360,1,0
2010,Steven Gerrard,3109,4,1
2010,Frank Lampard,3163,4,0
2010,Joe Cole,3876,2,0
2010,Gareth Barry,3291,3,0
2010,James Milner,3333,3,0
2010,Aaron Lennon,14221,2,0
2010,Peter Crouch,4072,2,0
2010,Wayne Rooney,3332,4,0
2010,Shaun Wright-Phillips,3467,3,0
2010,Jermain Defoe,3875,3,1
2010,Emile Heskey,3142,4,0
2014,Joe Hart,40204,2,0
2014,Ben Foster,13572,1,0
2014,Luke Shaw,183288,1,0
2014,Chris Smalling,103427,1,0
2014,Glen Johnson,3881,2,0
2014,Leighton Baines,13507,2,0
2014,Gary Cahill,27511,3,0
2014,Phil Jagielka,13520,2,0
2014,Phil Jones,117996,1,0
2014,Ross Barkley,131978,3,0
2014,Jordan Henderson,61651,2,0
2014,Steven Gerrard,3109,3,0
2014,Jack Wilshere,74223,2,0
2014,Frank Lampard,3163,1,0
2014,James Milner,3333,1,0
2014,Adam Lallana,43530,3,0
2014,Danny Welbeck,67063,2,0
2014,Raheem Sterling,134425,3,0
2014,Daniel Sturridge,47082,3,1
2014,Wayne Rooney,3332,3,1
2014,Rickie Lambert,49655,1,0
2018,Jordan Pickford,130164,7,0
2018,Trent Alexander-Arnold,314353,1,0
2018,John Stones,186590,7,2
2018,Harry Maguire,177907,7,1
2018,Eric Dier,175722,6,0
2018,Kyle Walker,95424,5,0
2018,Kieran Trippier,95810,6,1
2018,Danny Rose,50174,5,0
2018,Gary Cahill,27511,1,0
2018,Phil Jones,117996,2,0
2018,Ashley Young,14086,5,0
2018,Ruben Loftus-Cheek,202886,4,0
2018,Jesse Lingard,141660,6,1
2018,Jordan Henderson,61651,5,0
2018,Dele Alli,207929,5,1
2018,Fabian Delph,50362,4,0
2018,Harry Kane,132098,6,6
2018,Marcus Rashford,258923,6,0
2018,Raheem Sterling,134425,6,0
2018,Danny Welbeck,67063,1,0
2018,Jamie Vardy,197838,4,0
2022,Jordan Pickford,130164,5,0
2022,Trent Alexander-Arnold,314353,1,0
2022,John Stones,186590,5,0
2022,Harry Maguire,177907,5,0
2022,Luke Shaw,183288,5,0
2022,Eric Dier,175722,2,0
2022,Kyle Walker,95424,3,0
2022,Kieran Trippier,95810,3,0
2022,Jude Bellingham,581678,5,1
2022,Declan Rice,357662,5,0
2022,Phil Foden,406635,4,1
2022,Mason Mount,346483,4,0
2022,Kalvin Phillips,351749,2,0
2022,Jordan Henderson,61651,4,1
2022,Bukayo Saka,433177,4,3
2022,Harry Kane,132098,5,2
2022,Marcus Rashford,258923,5,3
2022,Jack Grealish,203460,5,1
2022,Callum Wilson,123682,2,0
2022,Raheem Sterling,134425,3,1
2026,Dean Henderson,258919,1,0
2026,Jordan Pickford,130164,7,0
2026,Marc Guehi,392757,8,0
2026,Nico O&#039;Reilly,743413,7,0
2026,Reece James,472423,5,0
2026,Jarell Quansah,632349,3,0
2026,Ezri Konsa,413403,8,1
2026,Djed Spence,483348,8,0
2026,Trevoh Chalobah,346314,1,0
2026,John Stones,186590,5,0
2026,Dan Burn,134270,3,0
2026,Jude Bellingham,581678,8,7
2026,Declan Rice,357662,7,1
2026,Morgan Rogers,503743,7,0
2026,Elliot Anderson,567576,8,0
2026,Eberechi Eze,479999,5,0
2026,Jordan Henderson,61651,1,0
2026,Bukayo Saka,433177,7,3
2026,Anthony Gordon,503733,6,1
2026,Harry Kane,132098,7,6
2026,Noni Madueke,503987,5,0
2026,Marcus Rashford,258923,6,1
2026,Ollie Watkins,324358,2,0
2026,Ivan Toney,251664,2,0
