code,part,pld,w,d,l,gf,ga
BRA,23,119,79,20,20,247,112
GER,21,116,70,22,24,243,135
ARG,19,96,54,17,25,171,109
ITA,18,83,45,21,17,128,77
FRA,17,81,45,14,22,156,95
ENG,17,82,38,23,21,124,80
ESP,17,75,38,18,19,122,76
NED,12,59,32,16,11,107,57
URU,15,62,25,15,22,92,80
BEL,15,57,24,12,21,83,81
MEX,18,65,21,15,29,72,104
SWE,13,55,20,14,21,87,83
RUS,11,45,19,10,16,77,54
POR,9,40,19,8,13,69,44
SRB,13,49,18,9,22,71,71
SUI,13,47,17,10,20,65,79
POL,9,38,17,6,15,49,50
CRO,7,34,15,8,11,49,40
HUN,9,32,15,3,14,87,57
AUT,8,33,13,5,15,49,56
USA,12,42,12,8,22,51,74
SVK,9,34,12,6,16,49,52
CZE,10,36,12,6,18,49,55
COL,7,27,12,5,10,37,31
CHI,9,33,11,7,15,40,49
PAR,9,32,8,12,12,33,44
KOR,12,41,8,10,23,41,81
DEN,6,23,9,6,8,31,29
MAR,7,29,8,9,12,30,33
JPN,8,29,8,8,13,33,38
ROU,7,21,8,5,8,30,32
CRC,6,21,6,5,10,22,39
CMR,8,26,5,8,13,22,47
GHA,5,19,6,4,9,20,26
SCO,9,26,5,7,14,26,45
NOR,4,14,6,3,5,20,19
SEN,4,16,6,3,7,26,26
ECU,5,17,6,3,8,16,18
NGA,6,21,6,3,12,23,30
AUS,7,24,5,6,13,20,40
TUR,3,13,6,1,6,23,22
PER,5,18,5,3,10,21,33
BUL,7,26,3,8,15,22,53
CIV,4,13,5,1,7,18,18
ALG,5,17,4,4,9,18,28
IRN,7,21,3,7,11,16,34
KSA,7,22,4,4,14,15,49
IRL,3,13,2,8,3,10,10
RSA,4,13,3,5,5,13,20
NIR,3,13,3,5,5,13,23
TUN,7,21,3,5,13,16,38
EGY,4,12,1,5,6,13,19
GRE,3,10,2,2,6,5,20
UKR,1,5,2,1,2,5,7
BIH,2,7,2,1,4,9,12
WAL,2,8,1,4,3,5,10
CAN,3,11,2,1,8,11,18
SVN,2,6,1,1,4,5,10
CUB,1,3,1,1,1,5,12
COD,2,7,1,1,5,5,19
PRK,2,7,1,1,5,6,21
NZL,3,9,0,4,5,8,24
CPV,1,4,0,3,1,4,5
JAM,1,3,1,0,2,3,9
HON,3,9,0,3,6,3,14
ANG,1,3,0,2,1,1,2
ISR,1,3,0,2,1,1,3
ISL,1,3,0,1,2,2,5
KUW,1,3,0,1,2,2,6
TRI,1,3,0,1,2,0,4
CUW,1,3,0,1,2,1,9
QAT,2,6,0,1,5,3,17
BOL,3,6,0,1,5,1,20
JOR,1,3,0,0,3,3,8
TOG,1,3,0,0,3,1,6
IDN,1,1,0,0,1,0,6
CHN,1,3,0,0,3,0,9
PAN,2,6,0,0,6,2,15
IRQ,2,6,0,0,6,2,16
HAI,2,6,0,0,6,4,22
SLV,2,6,0,0,6,1,22
