name,tm_id,born,caps_to_2026-07-19_tm,goals_to_2026-07-19_tm,caps_since_2000_tm,goals_since_2000_tm,caps_now_tm,goals_now_tm,first_cap_tm,last_cap_tm
Harry Kane,132098,28.07.1993,121,85,121,85,124,89,2015-03-27,2026-10-03
Wayne Rooney,3332,24.10.1985,120,53,120,53,120,53,2003-02-11,2018-11-15
David Beckham,3139,02.05.1975,115,17,88,16,115,17,1996-08-31,2009-10-14
Steven Gerrard,3109,30.05.1980,114,21,114,21,114,21,2000-05-30,2014-06-24
Ashley Cole,3182,20.12.1980,107,0,107,0,107,0,2001-03-28,2014-03-05
Frank Lampard,3163,20.06.1978,106,29,105,29,106,29,1999-10-10,2014-06-24
Kyle Walker,95424,28.05.1990,96,1,96,1,96,1,2011-11-12,2025-06-10
John Stones,186590,28.05.1994,94,3,94,3,94,3,2014-05-30,2026-07-15
Jordan Pickford,130164,07.03.1994,91,0,91,0,92,0,2017-11-10,2026-10-03
Jordan Henderson,61651,17.06.1990,90,3,90,3,90,3,2010-11-17,2026-06-27
Michael Owen,1397,14.12.1979,89,40,71,35,89,40,1998-02-10,2008-03-25
Gary Neville,3403,18.02.1975,85,0,51,0,85,0,1995-06-02,2007-02-06
Raheem Sterling,134425,08.12.1994,82,20,82,20,82,20,2012-11-14,2022-12-10
Rio Ferdinand,3235,07.11.1978,81,3,73,3,81,3,1997-11-14,2011-06-04
Gary Lineker,22256,30.11.1960,80,48,0,0,80,48,1984-05-25,1992-06-17
Declan Rice,357662,14.01.1999,80,8,80,8,80,8,2019-03-22,2026-07-18
John Barnes,87436,07.11.1963,79,11,0,0,79,11,1983-05-27,1995-09-05
Marcus Rashford,258923,31.10.1997,78,19,78,19,78,19,2016-05-27,2026-07-18
John Terry,3160,07.12.1980,78,6,78,6,78,6,2003-06-02,2012-09-07
Stuart Pearce,101317,24.04.1962,78,5,0,0,78,5,1987-05-19,1999-09-07
David Seaman,3141,19.09.1963,75,0,20,0,75,0,1988-11-16,2002-10-16
Joe Hart,40204,19.04.1987,75,0,75,0,75,0,2008-05-31,2017-11-14
Sol Campbell,3198,18.09.1974,73,1,44,1,73,1,1996-05-17,2007-11-21
Paul Scholes,3397,16.11.1974,66,14,46,5,66,14,1997-05-23,2004-06-24
Harry Maguire,177907,05.03.1993,66,7,66,7,66,7,2017-10-08,2026-03-31
Tony Adams,28238,10.10.1966,66,5,4,1,66,5,1987-02-17,2000-10-07
Alan Shearer,3110,13.08.1970,63,30,7,2,63,30,1992-02-18,2000-06-20
David Platt,101318,10.06.1966,62,27,0,0,62,27,1989-11-14,1996-06-26
Emile Heskey,3142,11.01.1978,62,7,58,7,62,7,1999-04-27,2010-06-27
Chris Waddle,101385,14.12.1960,62,6,0,0,62,6,1985-03-26,1991-10-16
Gary Cahill,27511,19.12.1985,61,5,61,5,61,5,2010-09-03,2018-06-28
James Milner,3333,04.01.1986,61,1,61,1,61,1,2009-08-12,2016-06-11
Peter Beardsley,102030,18.01.1961,59,9,0,0,59,9,1986-01-28,1996-05-23
Des Walker,10000,26.11.1965,59,0,0,0,59,0,1988-09-13,1993-11-16
Phil Neville,3404,21.01.1977,59,0,37,0,59,0,1996-05-23,2007-10-13
Jermain Defoe,3875,07.10.1982,57,20,57,20,57,20,2004-03-30,2017-06-10
Paul Gascoigne,3830,27.05.1967,57,10,0,0,57,10,1988-09-13,1998-05-29
Gareth Southgate,3744,03.09.1970,57,2,24,1,57,2,1995-12-11,2004-03-30
Bukayo Saka,433177,05.09.2001,56,17,56,17,59,19,2020-10-08,2026-10-03
Jude Bellingham,581678,29.06.2003,56,13,56,13,59,14,2020-11-12,2026-10-03
Joe Cole,3876,08.11.1981,56,10,56,10,56,10,2001-05-24,2010-06-27
Glen Johnson,3881,23.08.1984,54,1,54,1,54,1,2003-11-15,2014-06-19
Kieran Trippier,95810,19.09.1990,54,1,54,1,54,1,2017-06-13,2024-07-10
Gareth Barry,3291,23.02.1981,53,3,53,3,53,3,2000-05-30,2012-05-26
Paul Ince,3248,21.10.1967,53,2,5,0,53,2,1992-09-08,2000-06-20
David James,3646,01.08.1970,53,0,52,0,53,0,1997-03-28,2010-06-27
Teddy Sheringham,3392,02.04.1966,51,11,13,2,51,11,1993-05-28,2002-06-21
Phil Foden,406635,28.05.2000,49,4,49,4,49,4,2020-09-05,2026-03-31
Eric Dier,175722,15.01.1994,49,3,49,3,49,3,2015-11-13,2022-12-04
Theo Walcott,33713,16.03.1989,47,8,47,8,47,8,2006-05-29,2016-11-15
Gary Stevens,101384,27.03.1963,46,0,0,0,46,0,1985-06-05,1992-06-02
Mark Wright,101386,01.08.1963,45,1,0,0,45,1,1984-05-01,1996-05-17
Martin Keown,3184,24.07.1966,43,2,16,1,43,2,1992-02-18,2002-05-25
Peter Crouch,4072,30.01.1981,42,22,42,22,42,22,2005-05-30,2010-11-17
Danny Welbeck,67063,26.11.1990,42,16,42,16,42,16,2011-03-29,2018-09-11
David Batty,3295,02.12.1968,42,0,0,0,42,0,1991-05-20,1999-09-07
Owen Hargreaves,201,20.01.1981,42,0,42,0,42,0,2001-08-15,2008-05-27
Paul Robinson,3630,15.10.1979,41,0,41,0,41,0,2003-02-11,2007-10-17
Phil Jagielka,13520,17.08.1982,40,3,40,3,40,3,2008-05-31,2016-11-15
Ashley Young,14086,09.07.1985,39,7,39,7,39,7,2007-11-16,2018-07-11
Jack Grealish,203460,10.09.1995,39,4,39,4,39,4,2020-09-08,2024-10-13
Nicky Butt,3543,21.01.1975,39,0,31,0,39,0,1997-03-28,2004-11-16
Jamie Carragher,3597,28.01.1978,38,0,37,0,38,0,1999-04-27,2010-06-18
Marc Guehi,392757,13.07.2000,37,1,37,1,40,1,2022-03-26,2026-10-03
Shaun Wright-Phillips,3467,25.10.1981,36,6,36,6,36,6,2004-08-17,2010-10-12
Alex Oxlade-Chamberlain,143424,15.08.1993,35,7,35,7,35,7,2012-05-26,2019-11-17
Ian Wright,104637,03.11.1963,33,9,0,0,33,9,1991-02-06,1998-11-18
Mark Hateley,117192,07.11.1961,32,9,0,0,32,9,1984-06-01,1992-03-24
Darren Anderton,3277,03.03.1972,30,7,3,0,30,7,1994-03-08,2001-11-09
Daniel Sturridge,47082,01.09.1989,26,8,26,8,26,8,2011-11-15,2017-10-08
Jamie Vardy,197838,11.01.1987,26,7,26,7,26,7,2015-06-07,2018-07-11
Robbie Fowler,3225,09.04.1975,26,7,15,5,26,7,1996-03-26,2002-06-15
Anthony Gordon,503733,24.02.2001,25,4,25,4,28,7,2024-03-23,2026-10-03
Ollie Watkins,324358,30.12.1995,24,7,24,7,24,7,2021-03-25,2026-07-18
