nation,board,name,used,rsssf,wikipedia,transfermarkt_now,nft,note
bra,goals,Neymar,80,79 (to 18 Nov 2025),80,80,80,+1 in 2026
bra,goals,Pele,77,77,77,77,,
bra,goals,Ronaldo,62,62,62,62,62,
bra,goals,Romario,55,55,55,55,55,FIFA sometimes 56 (1997 Mexico goal given as own goal by others)
bra,goals,Zico,48,48,48,48,,
bra,goals,Bebeto,39,39,38 (records table) / 39 (infobox),40,,RSSSF match list 39
bra,goals,Rivaldo,35,35,35,35,35,
bra,goals,Jairzinho,33,33,33,35,,
bra,goals,Ronaldinho,33,33,33,,33,
bra,goals,Ademir,32,32,32,,,
bra,goals,Tostao,31,32,32,32,,includes 1 goal v FIFA XI 1968 (not FIFA official)
bra,goals,Zizinho,30,30,,30,,
bra,goals,Careca,29,29,,29,,
bra,goals,Kaka,29,29,29,29,29,
bra,caps,Cafu,142,142,142,143,143,TM/NFT include unofficial
bra,caps,Neymar,130,128 (to 18 Nov 2025),130,130,130,+2 in 2026
bra,caps,Dani Alves,126,126,126,126,126,
bra,caps,Roberto Carlos,125,125,125,127,125,
bra,caps,Thiago Silva,113,113,113,113,113,
bra,caps,Marquinhos,110,103 (to 18 Nov 2025),111 (25 Sep 2026),112 (Oct 2026),110 (to July),+7 in 2026 to 19 July
bra,caps,Lucio,105,105,105,105,105,
bra,caps,Taffarel,101,101,101,102,,
bra,caps,Robinho,100,100,100,100,100,
bra,caps,Ronaldo,98,98,98,99,98,pool 10th
bra,caps,Djalma Santos,98,98,98,98,,pool 10th
bra,caps,Ronaldinho,97,97,97,97,,
bra,caps,Gilmar,94,94,,93,,
arg,goals,Lionel Messi,125,115 (to 14 Nov 2025),125,125,125,+10 in 2026
arg,goals,Gabriel Batistuta,56,56,56,55,55,
arg,goals,Sergio Aguero,41,42,41,41,41,
arg,goals,Lautaro Martinez,40,36 (to 14 Nov 2025),42 (3 Oct 2026),42 (Oct 2026),40 (to July),+4 in 2026 to 19 July
arg,goals,Hernan Crespo,35,35,35,,35,
arg,goals,Diego Maradona,34,34,34,33,,
arg,goals,Gonzalo Higuain,31,32,31,31,31,
arg,goals,Angel Di Maria,31,31,31,31,31,
arg,goals,Luis Artime,24,24,24,,,
arg,goals,Leopoldo Luque,22,22,22,,,pool 10th
arg,goals,Daniel Passarella,22,22,22,21,,pool 10th
arg,goals,Herminio Masantonio,21,21,,,,
arg,goals,Jose Sanfilippo,21,21,,,,
arg,caps,Lionel Messi,207,196 (to 14 Nov 2025),207,207,207,+11 in 2026
arg,caps,Javier Mascherano,147,147,147,147,147,
arg,caps,Angel Di Maria,145,145,145,145,145,
arg,caps,Javier Zanetti,145,145,145,144,143,
arg,caps,Nicolas Otamendi,139,129 (to 14 Nov 2025),139,139,139,+10 in 2026
arg,caps,Roberto Ayala,115,115,115,114,112,
arg,caps,Diego Simeone,104,106,104 (records table),105,104,RSSSF adds 2 games v league selections 1995-96
arg,caps,Sergio Aguero,101,101,101,101,101,
arg,caps,Oscar Ruggeri,97,97,97,97,,
arg,caps,Sergio Romero,96,96,96,96,96,
arg,caps,Rodrigo De Paul,94,83 (to 14 Nov 2025),,94,94,
arg,caps,Diego Maradona,91,91,91,90,,
