tm_id,name,tm_caps,tm_goals,nft_caps,nft_goals,nft_nonfifa_caps,nft_nonfifa_goals,tm_by_year_caps_goals
68290,Neymar,130,80,130,80,0,0,2010:2/1;2011:13/7;2012:12/9;2013:19/10;2014:14/15;2015:9/4;2016:6/4;2017:8/3;2018:13/7;2019:5/1;2020:2/3;2021:13/6;2022:8/7;2023:4/2;2026:2/1
15951,Dani Alves,126,8,126,8,0,0,2006:1/0;2007:12/1;2008:5/0;2009:14/2;2010:12/2;2011:10/0;2012:5/0;2013:13/0;2014:7/1;2015:8/0;2016:12/1;2017:6/0;2018:2/0;2019:11/1;2021:1/0;2022:7/0
29241,Thiago Silva,113,7,113,7,0,0,2008:3/0;2009:3/0;2010:5/0;2011:13/0;2012:8/1;2013:12/1;2014:9/1;2015:6/1;2016:1/0;2017:7/1;2018:10/1;2019:12/1;2020:4/0;2021:9/0;2022:11/0
181767,Marquinhos,110,7,110,7,0,0,2013:1/0;2014:3/0;2015:5/0;2016:8/0;2017:7/0;2018:9/1;2019:14/0;2020:4/1;2021:13/2;2022:12/1;2023:8/2;2024:11/0;2025:8/0;2026:7/0
77,Lucio,105,4,105,4,1,1,2000:1/0;2001:12/0;2002:11/0;2003:9/0;2004:2/0;2005:13/2;2006:10/0;2007:8/1;2008:8/0;2009:14/1;2010:8/0;2011:9/0
15511,Robinho,100,28,100,28,1,0,2003:5/0;2004:1/0;2005:16/5;2006:10/0;2007:17/6;2008:11/5;2009:12/3;2010:11/6;2011:7/1;2013:2/1;2014:3/0;2015:4/1;2017:1/0
3194,Gilberto Silva,93,3,93,3,2,0,2001:1/0;2002:15/3;2003:8/0;2004:5/0;2005:5/0;2006:10/0;2007:16/0;2008:9/0;2009:16/0;2010:8/0
3366,Kaka,92,29,92,29,1,1,2002:5/1;2003:10/5;2004:8/3;2005:13/3;2006:11/5;2007:12/5;2008:3/1;2009:13/3;2010:7/1;2012:3/2;2013:2/0;2014:2/0;2015:2/0;2016:1/0
16306,Casemiro,91,10,91,10,0,0,2011:1/0;2012:4/0;2014:2/0;2015:2/0;2016:4/0;2017:7/0;2018:12/0;2019:14/3;2020:2/0;2021:11/1;2022:10/2;2023:6/1;2025:7/1;2026:9/2
22412,Julio Cesar,87,0,87,0,1,0,2004:9/0;2005:2/0;2007:8/0;2008:10/0;2009:17/0;2010:7/0;2011:10/0;2012:1/0;2013:13/0;2014:10/0
3373,Ronaldinho,84,26,,,,,2000:5/1;2001:4/1;2002:10/4;2003:8/2;2004:10/6;2005:12/6;2006:9/0;2007:11/5;2008:2/0;2009:3/0;2010:1/0;2011:5/1;2012:1/0;2013:3/0
105470,Alisson,83,0,,,,,2015:3/0;2016:12/0;2017:7/0;2018:12/0;2019:10/0;2021:7/0;2022:10/0;2023:2/0;2024:8/0;2025:5/0;2026:7/0
1599,Juan,79,7,79,7,2,0,2001:7/0;2002:3/0;2003:4/0;2004:13/1;2005:9/1;2006:11/0;2007:15/2;2008:5/0;2009:5/2;2010:7/1
18301,Maicon,76,7,76,7,0,0,2003:5/1;2004:6/0;2005:2/0;2006:5/0;2007:15/2;2008:9/1;2009:13/1;2010:8/1;2011:3/0;2013:4/1;2014:6/0
145707,Danilo,75,1,74,1,0,0,2011:2/0;2012:4/0;2014:5/0;2015:4/0;2017:1/0;2018:6/0;2019:3/1;2020:4/0;2021:15/0;2022:5/0;2023:5/0;2024:11/0;2025:2/0;2026:8/0
52769,Willian,70,9,70,9,0,0,2011:2/0;2013:2/1;2014:14/3;2015:14/2;2016:11/1;2017:10/1;2018:12/0;2019:5/1
80444,Philippe Coutinho,68,21,68,21,0,0,2010:1/0;2014:4/0;2015:7/1;2016:11/5;2017:9/2;2018:13/5;2019:16/4;2020:2/1;2022:5/3
444523,Lucas Paqueta,67,13,67,13,0,0,2018:2/0;2019:9/2;2020:2/0;2021:15/4;2022:11/2;2023:3/1;2024:13/2;2025:6/1;2026:6/1
363205,Gabriel Jesus,64,19,64,18,0,0,2016:6/5;2017:7/3;2018:12/3;2019:14/7;2020:2/0;2021:11/0;2022:7/1;2023:5/0
7518,Roberto Carlos,59,6,59,6,2,0,2000:9/0;2001:7/1;2002:11/1;2003:5/1;2004:12/0;2005:9/3;2006:6/0
5800,Dida,59,0,59,0,1,0,2000:10/0;2001:6/0;2002:5/0;2003:11/0;2004:9/0;2005:12/0;2006:6/0
44501,Marcelo,58,6,58,6,0,0,2006:1/1;2007:1/0;2008:2/0;2009:2/0;2011:2/1;2012:8/2;2013:12/0;2014:9/0;2015:5/0;2016:3/0;2017:5/2;2018:8/0
33357,Miranda,58,3,,,,,2009:6/0;2013:1/0;2014:6/0;2015:14/0;2016:10/1;2017:6/0;2018:11/2;2019:4/0
46741,David Luiz,57,3,57,3,0,0,2010:4/0;2011:6/0;2012:7/0;2013:16/0;2014:14/3;2015:8/0;2016:1/0;2017:1/0
5937,Cafu,57,1,57,1,1,0,2000:10/1;2001:6/0;2002:12/0;2003:7/0;2004:9/0;2005:8/0;2006:5/0
57229,Paulinho,56,13,56,13,0,0,2011:1/0;2012:7/2;2013:16/3;2014:8/0;2016:5/1;2017:9/5;2018:10/2
131789,Roberto Firmino,55,17,55,17,0,0,2014:2/1;2015:9/3;2016:2/1;2017:5/0;2018:11/3;2019:15/5;2020:4/3;2021:7/1
378710,Richarlison,54,20,54,20,0,0,2018:6/3;2019:13/3;2020:4/2;2021:9/2;2022:10/10;2023:6/0;2025:6/0
371998,Vinicius Junior,54,13,54,13,0,0,2019:1/0;2021:8/0;2022:11/2;2023:6/1;2024:11/2;2025:8/3;2026:9/5
26267,Fernandinho,53,2,53,2,0,0,2011:4/0;2012:1/0;2014:11/2;2015:11/0;2016:6/0;2017:8/0;2018:8/0;2019:4/0
54170,Ramires,51,4,52,4,0,0,2009:10/0;2010:10/2;2011:7/0;2012:6/1;2013:7/1;2014:11/0
70,Emerson,51,3,51,3,1,0,2000:8/2;2001:11/0;2002:4/0;2003:10/0;2005:13/1;2006:5/0
20053,Elano,50,9,50,9,0,0,2004:1/0;2005:1/0;2006:5/2;2007:13/2;2008:7/1;2009:14/1;2010:4/3;2011:5/0
80562,Hulk,49,11,49,11,0,0,2009:2/0;2011:6/0;2012:10/6;2013:14/2;2014:9/1;2015:4/2;2016:3/0;2021:1/0
5876,Adriano,48,27,48,27,1,1,2000:1/0;2003:6/3;2004:11/9;2005:12/10;2006:6/3;2007:1/0;2008:6/2;2009:4/0;2010:1/0
85314,Oscar,48,12,47,12,0,0,2011:2/0;2012:10/4;2013:16/4;2014:16/3;2015:4/1
520624,Bruno Guimaraes,48,3,48,3,0,0,2020:1/0;2021:2/0;2022:7/1;2023:8/0;2024:14/0;2025:9/1;2026:7/1
89,Ze Roberto,48,2,48,2,1,0,2000:10/0;2001:1/0;2002:1/0;2003:8/0;2004:7/0;2005:14/1;2006:7/1
15952,Julio Baptista,47,5,47,5,0,0,2001:2/0;2003:5/0;2004:7/0;2005:5/0;2006:3/0;2007:9/3;2008:6/0;2009:8/2;2010:2/0
5807,Roque Junior,47,2,47,2,2,0,2000:4/2;2001:10/0;2002:9/0;2003:5/0;2004:11/0;2005:8/0
79960,Alex Sandro,46,2,46,2,0,0,2011:2/0;2012:4/0;2017:4/0;2018:3/1;2019:10/0;2021:12/1;2022:5/0;2025:3/0;2026:3/0
19082,Luis Fabiano,45,28,45,28,0,0,2003:3/1;2004:9/5;2007:2/2;2008:9/6;2009:13/11;2010:7/3;2012:1/0;2013:1/0
3140,Ronaldo,44,26,44,26,1,0,2002:12/11;2003:8/3;2004:11/6;2005:5/1;2006:7/5;2011:1/0
13230,Luisao,44,3,44,3,0,0,2001:1/0;2003:8/0;2004:7/1;2005:3/0;2006:2/1;2007:1/0;2008:6/0;2009:11/1;2010:3/0;2011:2/0
21725,Filipe Luis,44,2,44,2,0,0,2009:1/0;2013:3/0;2014:6/0;2015:11/1;2016:8/1;2017:2/0;2018:7/0;2019:6/0
411295,Raphinha,41,11,41,11,0,0,2021:5/2;2022:11/3;2023:4/1;2024:11/4;2025:5/1;2026:5/0
10471,Luiz Gustavo,41,2,41,2,0,0,2011:2/0;2013:14/1;2014:15/0;2015:7/1;2016:3/0
31005,Fred,39,18,39,18,1,2,2005:2/2;2006:5/2;2007:2/0;2011:9/2;2012:1/1;2013:11/9;2014:9/2
5343,Edmilson,39,1,39,1,1,0,2000:2/0;2001:10/0;2002:9/1;2003:3/0;2004:7/0;2005:1/0;2006:4/0;2007:3/0
401530,Eder Militao,38,2,38,2,0,0,2018:1/0;2019:7/0;2021:11/1;2022:8/0;2023:3/1;2024:5/0;2025:3/0
412363,Rodrygo,37,9,37,9,0,0,2019:2/0;2020:1/0;2022:9/1;2023:8/3;2024:11/3;2025:6/2
77100,Lucas Moura,37,4,38,4,0,0,2011:10/1;2012:12/2;2013:9/1;2015:2/0;2016:1/0;2018:1/0;2024:2/0
3372,Rivaldo,36,17,36,17,0,0,2000:11/8;2001:8/3;2002:10/5;2003:7/1
5354,Juninho Pernambucano,36,6,36,6,2,2,2000:3/0;2001:4/0;2003:4/0;2004:10/0;2005:10/4;2006:5/2
225693,Fabinho,36,0,36,0,0,0,2015:3/0;2016:1/0;2018:3/0;2019:5/0;2021:10/0;2022:7/0;2025:1/0;2026:6/0
18537,Alex,35,6,35,6,0,0,2000:7/1;2001:5/2;2002:1/0;2003:6/1;2004:13/1;2005:3/1
18734,Gilberto,35,1,35,1,0,0,2003:2/0;2005:6/0;2006:5/1;2007:15/0;2008:4/0;2010:3/0
74600,Elias,35,0,35,0,0,0,2010:3/0;2011:9/0;2012:1/0;2014:4/0;2015:14/0;2016:4/0
4248,Diego,34,4,34,4,0,0,2003:7/2;2004:5/0;2006:1/0;2007:12/1;2008:8/1;2017:1/0
53058,Renato Augusto,33,6,33,6,0,0,2011:3/0;2015:2/1;2016:12/4;2017:10/0;2018:6/1
37579,Alexandre Pato,27,10,27,10,0,0,2008:4/1;2009:4/0;2010:3/3;2011:7/2;2012:4/3;2013:5/1
22750,Nilmar,24,9,24,9,1,1,2003:4/0;2004:1/1;2008:1/0;2009:8/7;2010:9/1;2011:1/0
130295,Edilson,20,6,,,,,2000:2/0;2001:7/4;2002:11/2
34156,Jotm,20,5,20,5,0,0,2007:1/0;2008:2/0;2013:11/5;2014:6/0
15468,Ricardo Oliveira,16,5,15,5,0,0,2004:3/1;2005:6/2;2006:1/0;2007:1/0;2015:3/1;2016:2/1
7942,Romario,8,11,8,11,0,0,2000:2/7;2001:5/3;2005:1/1
