name,tm_id,nft_id,caps_to_2026-07-19_tm,goals_to_2026-07-19_tm,caps_to_2026-07-19_nft,goals_to_2026-07-19_nft,caps_since_2000_tm,goals_since_2000_tm,caps_since_2000_nft,goals_since_2000_nft,caps_now_tm,goals_now_tm
Luka Modric,27992,13117,202,29,202,29,202,29,202,29,205,30
Ivan Perisic,42460,42531,158,39,158,39,158,39,158,39,161,39
Darijo Srna,14942,1733,134,22,134,22,134,22,134,22,134,22
Andrej Kramaric,46580,56826,119,36,119,36,119,36,119,36,119,36
Mateo Kovacic,51471,51885,117,5,117,5,117,5,117,5,120,5
Stipe Pletikosa,14937,1718,114,0,114,0,111,0,111,0,114,0
Ivan Rakitic,32467,23188,106,15,106,15,106,15,106,15,106,15
Josip Simunic,354,1709,105,3,105,3,105,3,105,3,105,3
Domagoj Vida,46083,38338,105,4,105,4,105,4,105,4,105,4
Ivica Olic,7427,1691,104,20,104,20,104,20,104,20,104,20
Vedran Corluka,34393,15451,103,4,103,4,103,4,103,4,103,4
Dario Simic,2540,1701,101,4,100,3,67,2,67,2,101,4
Marcelo Brozovic,156617,55708,99,7,99,7,99,7,99,7,99,7
Mario Pasalic,205938,56828,89,12,89,12,89,12,89,12,92,12
Mario Mandzukic,34572,21467,89,33,89,33,89,33,89,33,89,33
Robert Kovac,75,1703,84,0,84,0,79,0,79,0,84,0
Niko Kovac,315,1730,83,14,83,14,77,14,77,14,83,14
Robert Jarni,29556,,81,1,,,24,0,,,81,1
Niko Kranjcar,16746,1692,81,15,81,15,81,15,81,15,81,15
Dominik Livakovic,205927,66367,79,0,79,0,79,0,79,0,82,0
Dejan Lovren,37838,33780,78,5,78,5,78,5,78,5,78,5
Davor Suker,1407,,69,45,,,15,3,,,69,45
Nikola Vlasic,293200,68056,66,11,66,11,66,11,66,11,68,11
Eduardo,24633,9609,64,29,64,29,64,29,64,29,64,29
Aljosa Asanovic,103806,,62,3,,,4,0,,,62,3
Zvonimir Soldo,610,,61,3,,,17,1,,,61,3
Drazen Ladic,103809,,59,0,,,1,0,,,59,0
Jerko Leko,9799,1726,59,1,59,1,59,1,59,1,59,1
Danijel Pranjic,25617,8341,58,1,58,1,58,1,58,1,58,1
Igor Tudor,5752,1710,55,3,55,3,41,3,41,3,55,3
Ognjen Vukojevic,27954,23775,55,4,55,4,55,4,55,4,55,4
Milan Badelj,40633,38337,55,2,55,2,55,2,55,2,55,2
Igor Stimac,103812,,53,2,,,10,0,,,53,2
Goran Vlaovic,9766,,53,15,,,12,2,,,53,15
Josko Gvardiol,475959,82851,52,4,52,4,52,4,52,4,55,4
Sime Vrsaljko,76061,41851,52,0,52,0,52,0,52,0,52,0
Zvonimir Boban,89545,,51,12,,,0,0,,,51,12
Ivan Strinic,39799,38240,49,0,49,0,49,0,49,0,49,0
Stjepan Tomas,13937,1705,49,1,49,1,44,0,44,0,49,1
Robert Prosinecki,8013,,49,10,,,15,2,,,49,10
Mario Stanic,3164,,49,7,,,17,1,,,49,7
Marko Babic,62,1722,49,3,49,3,49,3,49,3,49,3
Milan Rapaic,12567,1720,49,5,49,5,38,5,38,5,49,5
Mladen Petric,2874,1696,45,13,45,13,45,13,45,13,45,13
Danijel Subasic,27941,27785,44,0,44,0,44,0,44,0,44,0
Slaven Bilic,41137,,44,3,,,0,0,,,44,3
Ante Rebic,187587,53309,42,3,42,3,42,3,42,3,42,3
Bruno Petkovic,256358,73888,42,11,42,11,42,11,42,11,42,11
Nikola Kalinic,36371,23776,42,15,42,15,42,15,42,15,42,15
Ante Budimir,46413,79677,41,7,41,7,41,7,41,7,43,7
Ivan Klasnic,690,1700,41,12,41,12,41,12,41,12,41,12
Josip Juranovic,362977,66402,40,0,40,0,40,0,40,0,40,0
Alen Boksic,3571,,40,9,,,11,2,,,40,9
Boris Zivkovic,94,1714,39,2,39,2,38,2,38,2,39,2
Duje Caleta-Car,238266,71316,38,1,38,1,38,1,38,1,38,1
Lovro Majer,387106,68061,38,9,38,9,38,9,38,9,38,9
Josip Sutalo,371001,87905,37,0,37,0,37,0,37,0,39,0
Nikica Jelavic,25742,33781,36,6,36,6,36,6,36,6,36,6
Josip Stanisic,483046,,35,0,,,35,0,,,37,0
Borna Barisic,39125,,35,1,,,35,1,,,35,1
Bosko Balaban,3285,1693,35,10,35,10,35,10,35,10,35,10
Josip Brekalo,293169,,35,4,,,35,4,,,35,4
Dado Prso,4178,1687,32,9,32,9,32,9,32,9,32,9
