nft_player_id,name,caps_2000_to_19jul2026,goals_2000_to_19jul2026,caps_2000_2025,goals_2000_2025,caps_fifa_only_incl_sep2026,goals_fifa_only_incl_sep2026
3381,Gianluigi Buffon,164,0,164,0,163,0
36478,Leonardo Bonucci,121,8,121,8,121,8
8093,Daniele De Rossi,117,21,117,21,116,21
9710,Giorgio Chiellini,117,8,117,8,117,8
3384,Andrea Pirlo,116,13,116,13,116,13
3372,Fabio Cannavaro,105,2,105,2,104,2
3394,Gianluca Zambrotta,95,2,95,2,94,2
65011,Gianluigi Donnarumma,83,0,79,0,84,0
3383,Gennaro Gattuso,73,1,73,1,73,1
9709,Andrea Barzagli,73,0,73,0,72,0
72115,Nicolo Barella,70,10,68,10,71,10
23543,Riccardo Montolivo,66,2,66,2,66,2
3362,Alessandro Del Piero,64,17,64,17,64,17
8058,Alberto Gilardino,57,19,57,19,56,19
54817,Ciro Immobile,57,17,57,17,57,17
63534,Jorginho,57,5,57,5,57,5
3364,Alessandro Nesta,56,0,56,0,56,0
3393,Mauro Camoranesi,55,5,55,5,54,5
32791,Claudio Marchisio,55,5,55,5,55,5
48322,Marco Verratti,55,3,55,3,55,3
48707,Lorenzo Insigne,54,10,54,10,54,10
34586,Antonio Candreva,54,7,54,7,54,7
75860,Giovanni Di Lorenzo,53,5,53,5,54,5
68347,Federico Chiesa,52,7,52,7,51,7
3353,Francesco Totti,49,9,49,9,49,9
49298,Alessandro Florenzi,49,2,49,2,49,2
3400,Fabio Grosso,48,4,48,4,48,4
3389,Simone Perrotta,48,2,48,2,48,2
69082,Bryan Cristante,48,2,47,2,48,2
8294,Luca Toni,47,16,47,16,47,16
82783,Giacomo Raspadori,46,11,45,11,46,11
55641,Matteo Darmian,46,2,46,2,46,2
65023,Andrea Belotti,44,13,44,13,44,13
80319,Alessandro Bastoni,43,3,41,3,43,3
3391,Antonio Di Natale,42,11,42,11,41,10
3371,Marco Materazzi,41,2,41,2,40,2
3352,Filippo Inzaghi,40,19,40,19,40,19
11666,Vincenzo Iaquinta,40,6,40,6,40,6
51868,Mattia De Sciglio,40,0,40,0,40,0
3354,Antonio Cassano,39,10,39,10,39,10
63533,Federico Bernardeschi,39,6,39,6,39,6
17445,Alberto Aquilani,38,5,38,5,37,5
87730,Federico Dimarco,38,3,36,3,38,3
3397,Stefano Fiore,38,2,38,2,38,2
68302,Lorenzo Pellegrini,37,6,37,6,36,6
3368,Christian Panucci,37,3,37,3,37,3
39532,Mario Balotelli,36,14,36,14,36,14
79297,Manuel Locatelli,36,3,34,3,36,3
42840,Marco Parolo,36,0,36,0,36,0
87727,Davide Frattesi,34,8,33,8,35,8
3377,Massimo Oddo,34,1,34,1,33,1
57756,Francesco Acerbi,34,1,34,1,34,1
3382,Massimo Ambrosini,34,0,34,0,34,0
27731,Christian Maggio,34,0,34,0,34,0
48323,Stephan El Shaarawy,32,7,32,7,32,7
75861,Sandro Tonali,32,4,30,3,33,4
3359,Christian Vieri,30,13,30,13,30,13
27733,Giuseppe Rossi,30,7,30,7,30,7
11285,Thiago Motta,30,1,30,1,30,1
68349,Domenico Berardi,29,8,29,8,28,8
47923,Emanuele Giaccherini,29,4,29,4,29,4
71944,Emerson Palmieri,29,0,29,0,29,0
90478,Mateo Retegui,28,11,26,11,28,11
21477,Fabio Quagliarella,28,8,28,8,28,8
39624,Salvatore Sirigu,28,0,28,0,28,0
67699,Leonardo Spinazzola,27,0,26,0,27,0
72694,Moise Kean,26,13,24,11,27,13
58768,Eder Martins,26,6,26,6,26,6
32790,Domenico Criscito,26,0,26,0,26,0
30620,Giampaolo Pazzini,25,4,25,4,25,4
3387,Damiano Tommasi,23,1,23,1,23,1
41817,Sebastian Giovinco,23,1,23,1,23,1
10722,Paolo Maldini,23,0,23,0,23,0
27732,Simone Pepe,23,0,23,0,23,0
45530,Ignazio Abate,22,1,22,1,22,1
83795,Gianluca Scamacca,22,1,22,1,22,1
3380,Francesco Toldo,22,0,22,0,22,0
15250,Angelo Palombo,22,0,22,0,21,0
68353,Matteo Politano,21,5,19,5,20,4
40664,Andrea Ranocchia,21,0,21,0,21,0
57472,Graziano Pelle,20,9,20,9,20,9
3355,Marco Delvecchio,20,4,20,4,20,4
74049,Gianluca Mancini,20,2,18,2,21,2
94261,Andrea Cambiaso,19,3,19,3,19,3
73971,Nicolo Zaniolo,19,2,19,2,19,2
3356,Vincenzo Montella,18,3,18,3,18,3
56848,Simone Zaza,18,2,18,2,18,2
3388,Luigi Di Biagio,18,1,18,1,18,1
52432,Giacomo Bonaventura,18,1,18,1,18,1
3375,Mark Iuliano,17,1,17,1,17,1
3392,Cristiano Zanetti,17,1,17,1,17,1
9092,Cristian Zaccardo,17,1,17,1,16,1
40667,Alessandro Diamanti,17,1,17,1,17,1
68356,Cristiano Biraghi,17,1,17,1,16,1
10719,Francesco Coco,17,0,17,0,17,0
3367,Daniele Bonera,17,0,17,0,16,0
80321,Matteo Pessina,16,5,16,5,16,5
3373,Nicola Legrottaglie,16,1,16,1,16,1
3365,Giuseppe Pancaro,16,0,16,0,16,0
40665,Federico Balzaretti,16,0,16,0,16,0
3385,Simone Barone,15,1,15,1,15,1
15909,Antonio Nocerino,15,0,15,0,15,0
45185,Pablo Osvaldo,14,4,14,4,14,4
3361,Marco Di Vaio,14,2,14,2,14,2
39529,Davide Astori,14,1,14,1,14,1
11284,Demetrio Albertini,14,0,14,0,14,0
51869,Alessio Cerci,14,0,14,0,14,0
65848,Davide Zappacosta,14,0,14,0,14,0
82219,Rafael Toloi,14,0,14,0,14,0
94879,Riccardo Calafiori,14,0,12,0,15,0
3363,Bernardo Corradi,13,2,13,2,13,2
48325,Manolo Gabbiadini,13,2,13,2,13,2
65453,Alessio Romagnoli,13,2,13,2,13,2
76261,Riccardo Orsolini,13,2,13,2,13,2
8291,Aimo Diana,13,1,13,1,13,1
87165,Mattia Zaccagni,13,1,13,1,13,1
87728,Wilfried Gnonto,13,1,13,1,13,1
10693,Angelo Di Livio,13,0,13,0,13,0
39847,Luca Antonelli,13,0,13,0,13,0
44276,Angelo Ogbonna,13,0,13,0,13,0
3395,Alessio Tacchinardi,12,0,12,0,12,0
91384,Alessandro Buongiorno,12,0,12,0,12,0
92633,Destiny Udogie,12,0,12,0,12,0
10720,Gianluca Pessotto,11,0,11,0,11,0
3366,Matteo Ferrari,11,0,11,0,11,0
9712,Stefano Mauri,11,0,11,0,10,0
13178,Manuel Pasqual,11,0,11,0,10,0
31637,Federico Marchetti,11,0,11,0,11,0
31638,Mattia Cassani,11,0,11,0,11,0
87731,Samuele Ricci,11,0,11,0,11,0
3360,Fabrizio Miccoli,10,2,10,2,10,2
15166,Andrea Dossena,10,0,10,0,10,0
100909,Pio Esposito,9,5,5,3,10,5
72693,Vincenzo Grifo,9,4,9,4,9,4
72692,Stefano Sensi,9,3,9,3,9,3
12896,Marco Amelia,9,0,9,0,8,0
57717,Roberto Soriano,9,0,9,0,9,0
48320,Mattia Destro,8,1,8,1,8,1
8292,Manuele Blasi,8,0,8,0,8,0
14345,Alessandro Gamberini,8,0,8,0,8,0
31640,Davide Santon,8,0,8,0,8,0
67698,Roberto Gagliardini,8,0,8,0,7,0
87928,Federico Gatti,8,0,6,0,8,0
87988,Giorgio Scalvini,8,0,8,0,9,0
3399,Cristiano Doni,7,1,7,1,7,1
41819,Alessandro Matri,7,1,7,1,7,1
24801,Marco Borriello,7,0,7,0,7,0
65022,Daniele Rugani,7,0,7,0,7,0
67701,Danilo D'Ambrosio,7,0,7,0,6,0
72245,Kevin Lasagna,7,0,7,0,7,0
80324,Davide Calabria,7,0,7,0,7,0
89282,Nicolo Fagioli,7,0,7,0,7,0
13034,Cristiano Lucarelli,6,3,6,3,6,3
3374,Alessandro Birindelli,6,0,6,0,6,0
3390,Carlo Nervo,6,0,6,0,6,0
3386,Marco Marchionni,6,0,6,0,6,0
3376,Giuseppe Favalli,6,0,6,0,6,0
9093,Mauro Esposito,6,0,6,0,6,0
9998,Morgan De Sanctis,6,0,6,0,6,0
13023,David Di Michele,6,0,6,0,6,0
22697,Emiliano Viviano,6,0,6,0,6,0
39965,Lorenzo De Silvestri,6,0,6,0,6,0
94485,Raoul Bellanova,6,0,6,0,6,0
96035,Daniel Maldini,6,0,6,0,7,0
14480,Antonio Conte,5,1,5,1,5,1
48318,Andrea Poli,5,1,5,1,5,1
57754,Stefano Okaka,5,1,5,1,5,1
3370,Daniele Adani,5,0,5,0,5,0
3396,Luciano Zauri,5,0,5,0,5,0
7816,Angelo Peruzzi,5,0,5,0,5,0
14832,Marco Cassetti,5,0,5,0,5,0
30618,Salvatore Bocchetti,5,0,5,0,5,0
28682,Gaetano D'Agostino,5,0,5,0,5,0
57753,Andrea Bertolacci,5,0,5,0,5,0
94484,Guglielmo Vicario,5,0,5,0,5,0
96036,Lorenzo Lucca,5,0,5,0,5,0
10721,Ciro Ferrara,4,0,4,0,4,0
10711,Valerio Bertotto,4,0,4,0,4,0
10691,Matteo Brighi,4,0,4,0,4,0
8290,Christian Abbiati,4,0,4,0,4,0
64592,Stefano Sturaro,4,0,4,0,4,0
67702,Simone Verdi,4,0,4,0,4,0
76190,Gaetano Castrovilli,4,0,4,0,4,0
96491,Nicolo Rovella,4,0,4,0,4,0
95898,Niccolo Pisilli,4,0,1,0,4,0
23410,Pasquale Foggia,3,1,3,1,3,1
48317,Federico Peluso,3,1,3,1,3,1
68343,Mattia Caldara,3,1,3,1,2,0
10716,Simone Inzaghi,3,0,3,0,3,0
10697,Fabio Liverani,3,0,3,0,3,0
3358,Massimo Marazzina,3,0,3,0,3,0
8293,Fabio Bazzani,3,0,3,0,3,0
9708,Flavio Roma,3,0,3,0,3,0
12059,Giandomenico Mesto,3,0,3,0,3,0
10704,Antonio Langella,3,0,3,0,3,0
14346,Franco Semioli,3,0,3,0,3,0
15251,Tommaso Rocchi,3,0,3,0,2,0
17237,Raffaele Palladino,3,0,3,0,3,0
54820,Gabriel Paletta,3,0,3,0,3,0
59594,Nicola Sansone,3,0,3,0,3,0
72116,Cristiano Piccini,3,0,3,0,3,0
71943,Manuel Lazzari,3,0,3,0,3,0
76262,Alex Meret,3,0,3,0,3,0
74051,Armando Izzo,3,0,3,0,3,0
87729,Tommaso Pobega,3,0,3,0,3,0
68344,Gian Marco Ferrari,2,2,2,2,1,1
67700,Andrea Petagna,2,1,2,1,1,0
79665,Francesco Caputo,2,1,2,1,2,1
10681,Eusebio Di Francesco,2,0,2,0,2,0
10715,Cristian Zenoni,2,0,2,0,2,0
3357,Massimo Maccarone,2,0,2,0,2,0
3379,Ivan Pelizzoli,2,0,2,0,2,0
3398,Sergio Volpi,2,0,2,0,2,0
9713,Andrea Caracciolo,2,0,2,0,2,0
14833,Carmine Coppola,2,0,2,0,2,0
13303,Franco Brienza,2,0,2,0,2,0
34585,Davide Biondini,2,0,2,0,2,0
31642,Daniele Galloppa,2,0,2,0,2,0
39528,Cristian Molinaro,2,0,2,0,2,0
36479,Andrea Cossu,2,0,2,0,2,0
57755,Mattia Perin,2,0,2,0,2,0
57752,Emiliano Moretti,2,0,2,0,2,0
58992,Franco Vazquez,2,0,2,0,2,0
68345,Andrea Conti,2,0,2,0,1,0
68346,Daniele Baselli,2,0,2,0,1,0
68355,Gianluca Caprari,2,0,2,0,1,0
79667,Alessio Cragno,2,0,2,0,2,0
95671,Marco Brescianini,2,0,2,0,2,0
95116,Michael Folorunsho,2,0,2,0,2,0
99869,Diego Coppola,2,0,2,0,3,0
105126,Davide Bartesaghi,2,0,0,0,2,0
105127,Fabio Chiarodia,2,0,0,0,2,0
105128,Pietro Comuzzo,2,0,0,0,2,0
105143,Honest Ahanor,2,0,0,0,2,0
105138,Filippo Mane,2,0,0,0,2,0
103822,Marco Palestra,2,0,0,0,2,0
105130,Luca Lipani,2,0,0,0,2,0
105131,Cher Ndour,2,0,0,0,2,0
105129,Costantino Favasuli,2,0,0,0,2,0
105137,Matteo Dagasso,2,0,0,0,2,0
105132,Luca Koleosho,2,0,0,0,2,0
105139,Francesco Camarda,2,0,0,0,2,0
105136,Seydou Fini,2,0,0,0,2,0
68348,Gianluca Lapadula,1,3,1,3,0,0
31644,Sergio Pellissier,1,1,1,1,1,1
74050,Leonardo Pavoletti,1,1,1,1,1,1
10694,Paolo Negro,1,0,1,0,1,0
10676,Paolo Vanoli,1,0,1,0,1,0
14133,Diego Fuser,1,0,1,0,1,0
10708,Tomas Locatelli,1,0,1,0,1,0
10714,Damiano Zenoni,1,0,1,0,1,0
11216,Alessandro Pierini,1,0,1,0,1,0
10688,Enrico Chiesa,1,0,1,0,1,0
10685,Luigi Sartor,1,0,1,0,1,0
17203,Antonino Asta,1,0,1,0,1,0
3369,Marcello Castellini,1,0,1,0,1,0
9711,Alessandro Parisi,1,0,1,0,1,0
3378,Stefano Bettarini,1,0,1,0,1,0
14074,Roberto Baggio,1,0,1,0,1,0
14831,Dario Dainelli,1,0,1,0,1,0
12340,Roberto Baronio,1,0,1,0,1,0
27691,Giampiero Pinzi,1,0,1,0,1,0
15246,Giulio Falcone,1,0,1,0,1,0
15247,Christian Terlizzi,1,0,1,0,1,0
15249,Massimo Gobbi,1,0,1,0,1,0
15248,Gennaro Delvecchio,1,0,1,0,1,0
17447,Cristian Brocchi,1,0,1,0,0,0
15683,Emiliano Bonazzoli,1,0,1,0,0,0
21476,Max Tonetto,1,0,1,0,1,0
24085,Alessandro Rosina,1,0,1,0,1,0
31643,Giuseppe Mascara,1,0,1,0,1,0
39527,Marco Motta,1,0,1,0,1,0
40666,Cristian Ledesma,1,0,1,0,1,0
39533,Amauri,1,0,1,0,1,0
40178,Daniele Gastaldello,1,0,1,0,1,0
48321,Diego Fabbrini,1,0,1,0,1,0
48315,Ezequiel Schelotto,1,0,1,0,1,0
46739,Fabio Borini,1,0,1,0,1,0
52434,Marco Sau,1,0,1,0,1,0
58991,Mirko Valdifiori,1,0,1,0,1,0
68342,Simone Scuffet,1,0,1,0,0,0
68352,Danilo Cataldi,1,0,1,0,0,0
68354,Diego Falcinelli,1,0,1,0,0,0
71273,Rolando Mandragora,1,0,1,0,1,0
70789,Patrick Cutrone,1,0,1,0,1,0
76191,Pierluigi Gollini,1,0,1,0,1,0
80323,Luca Pellegrini,1,0,1,0,1,0
80322,Pietro Pellegri,1,0,1,0,1,0
87987,Luiz Felipe,1,0,1,0,1,0
88839,Pasquale Mazzocchi,1,0,1,0,1,0
87929,Salvatore Esposito,1,0,1,0,1,0
89412,Fabio Miretti,1,0,1,0,1,0
89283,Simone Pafundi,1,0,1,0,1,0
87732,Matteo Cancellieri,1,0,1,0,1,0
86869,Joao Pedro,1,0,1,0,1,0
89284,Andrea Pinamonti,1,0,1,0,1,0
87818,Alessio Zerbin,1,0,1,0,1,0
99979,Luca Ranieri,1,0,1,0,1,0
101436,Nicolo Cambiaghi,1,0,1,0,2,0
101437,Roberto Piccoli,1,0,1,0,1,0
105135,Niccolo Fortini,1,0,0,0,1,0
105313,Luca Reggiani,1,0,0,0,1,0
105315,Giacomo Faticanti,1,0,0,0,1,0
105133,Luigi Cherubini,1,0,0,0,1,0
105312,Jeff Ekhator,1,0,0,0,1,0
105142,Samuele Inacio,1,0,0,0,1,0
