player,nation,confederation,goals,caps
Cristiano Ronaldo,Portugal,UEFA,146,233
Lionel Messi,Argentina,CONMEBOL,125,207
Ali Daei,Iran,AFC,108,148
Sunil Chhetri,India,AFC,95,157
Romelu Lukaku,Belgium,UEFA,93,132
Mokhtar Dahari,Malaysia,AFC,89,142
Robert Lewandowski,Poland,UEFA,89,167
Ali Mabkhout,UAE,AFC,85,115
Harry Kane,England,UEFA,85,121
Ferenc Puskas,Hungary/Spain,UEFA,84,89
Neymar,Brazil,CONMEBOL,80,130
Godfrey Chitalu,Zambia,CAF,79,111
Hussein Saeed,Iraq,AFC,78,137
Pele,Brazil,CONMEBOL,77,92
Vivian Woodward,England,UEFA,75,53
Sandor Kocsis,Hungary,UEFA,75,68
Kunishige Kamamoto,Japan,AFC,75,76
Bashar Abdullah,Kuwait,AFC,75,134
Edin Dzeko,Bosnia and Herzegovina,UEFA,73,151
Majed Abdullah,Saudi Arabia,AFC,72,117
Kinnah Phiri,Malawi,CAF,71,117
Kiatisuk Senamuang,Thailand,AFC,71,134
Miroslav Klose,Germany,UEFA,71,137
Piyapong Pue-on,Thailand,AFC,70,100
Stern John,Trinidad and Tobago,CONCACAF,70,115
Luis Suarez,Uruguay,CONMEBOL,69,143
Hossam Hassan,Egypt,CAF,69,177
Gerd Muller,West Germany,UEFA,68,62
Mohamed Salah,Egypt,CAF,68,121
Carlos Ruiz,Guatemala,CONCACAF,68,133
Robbie Keane,Republic of Ireland,UEFA,68,146
Kylian Mbappe,France,UEFA,66,106
Didier Drogba,Côte d'Ivoire,CAF,65,105
Aleksandar Mitrovic,Serbia,UEFA,64,106
Teerasil Dangda,Thailand,AFC,64,130
Jasem Al-Huwaidi,Kuwait,AFC,63,83
Erling Haaland,Norway,UEFA,62,55
Ronaldo Nazario,Brazil,CONMEBOL,62,98
Ahmed Radhi,Iraq,AFC,62,121
Zlatan Ibrahimovic,Sweden,UEFA,62,122
Abdul Ghani Minhat,Malaya/Malaysia,AFC,61,71
Mehdi Taremi,Iran,AFC,60,108
Almoez Ali,Qatar,AFC,60,129
Imre Schlosser,Hungary,UEFA,59,68
David Villa,Spain,UEFA,59,98
Ali Ashfaq,Maldives,AFC,58,101
Yousef Nasser,Kuwait,AFC,58,131
Cha Bum-kun,South Korea,AFC,58,136
Edinson Cavani,Uruguay,CONMEBOL,58,136
Sardar Azmoun,Iran,AFC,57,91
Carlos Pavon,Honduras,CONCACAF,57,101
Olivier Giroud,France,UEFA,57,137
Clint Dempsey,United States of America,CONCACAF,57,141
Younis Mahmoud,Iraq,AFC,57,148
Landon Donovan,United States of America,CONCACAF,57,157
Gabriel Batistuta,Argentina,CONMEBOL,56,78
Samuel Eto'o,Cameroon,CAF,56,118
Heung-min Son,South Korea,AFC,56,147
Bader Al-Mutawa,KUW,AFC,56,202
Romario,Brazil,CONMEBOL,55,70
Kazuyoshi Miura,Japan,AFC,55,89
Jan Koller,Czech Republic,UEFA,55,91
Iswadi Idris,Indonesia,AFC,55,97
Fandi Ahmad,Singapore,AFC,55,101
Joachim Streich,East Germany,UEFA,55,102
Memphis Depay,Netherlands,UEFA,55,112
Sadio Mane,Senegal,CAF,55,132
Wayne Rooney,England,UEFA,53,120
Poul Nielsen,Denmark,UEFA,52,38
Phil Younghusband,Philippines,AFC,52,108
Javier Hernandez,Mexico,CONCACAF,52,109
Jon Dahl Tomasson,Denmark,UEFA,52,112
Adnan Al Talyani,UAE,AFC,52,161
Lajos Tichy,Hungary,UEFA,51,72
Le Cong Vinh,Vietnam,AFC,51,83
Asamoah Gyan,Ghana,CAF,51,109
Hakan Sukur,Turkey,UEFA,51,112
Thierry Henry,France,UEFA,51,123
Alexis Sanchez,Chile,CONMEBOL,51,168
Karim Bagheri,Iran,AFC,50,87
Robin van Persie,Netherlands,UEFA,50,102
Hwang Sun-hong,South Korea,AFC,50,103
Tim Cahill,Australia,AFC,50,108
Shinji Okazaki,Japan,AFC,50,119
Salomon Rondon,Venezuela,CONMEBOL,50,122
Zainal Abidin Hassan,Malaysia,AFC,50,129
