player,wikipedia_name,caps_wikipedia,caps_transfermarkt_to_2026-07-19,caps_rsssf_to_2026-02-01,last_cap,pl_clubs,pl_apps
Cristiano Ronaldo,Cristiano Ronaldo,233,233,226,2026-7-6,Man Utd,236
Luka Modric,Luka Modrić,202,202,194,2026-7-2,Spurs,127
Maynor Figueroa,Maynor Figueroa,175,181,181,2022-2-2,Wigan; Hull,214
Alexis Sanchez,Alexis Sánchez,168,168,,2025-6-10,Arsenal; Man Utd,154
Cobi Jones,Cobi Jones,164,163,164,2004-10-9,Coventry,21
Gary Medel,Gary Medel,161,161,161,2023-11-16,Cardiff,34
Ivan Perisic,Ivan Perišić,158,158,150,2026-7-2,Spurs,39
Jan Vertonghen,Jan Vertonghen,157,157,157,2024-7-1,Spurs,232
Landon Donovan,Landon Donovan,155,157,157,2014-10-10,Everton,17
Granit Xhaka,Granit Xhaka,152,152,143,2026-7-11,Arsenal; Sunderland,259
Christian Eriksen,Christian Eriksen,151,151,147,2026-6-6,Spurs; Brentford; Man Utd,310
Edin Dzeko,Edin Džeko,151,151,146,2026-7-1,Man City,130
Claudio Bravo,Claudio Bravo,150,150,150,2024-6-25,Man City,29
Michael Bradley,Michael Bradley,150,151,151,2019-10-15,Aston Villa,3
Heung-min Son,Son Heung-min,149,,140,2026-6-24,Spurs,333
Paulo da Silva,Paulo da Silva,148,146,148,2017-10-10,Sunderland,17
Ali Al-Habsi,Ali Al-Habsi,147,96,147,2019-11-18,Bolton; Wigan,111
Javier Mascherano,Javier Mascherano,147,147,147,2018-6-30,Liverpool; West Ham,99
Anders Svensson,Anders Svensson,146,147,148,2013-11-19,Southampton,127
Joao Moutinho,João Moutinho,146,146,146,2022-6-9,Wolves,175
Robbie Keane,Robbie Keane,146,146,146,2016-8-31,Coventry; Leeds; Spurs; Liverpool; West Ham; Aston Villa,349
Angel Di Maria,Ángel Di María,145,145,,2024-7-14,Man Utd,27
Bryan Ruiz,Bryan Ruiz,145,147,147,2022-11-23,Fulham,68
Hugo Lloris,Hugo Lloris,145,145,145,2022-12-18,Spurs,361
Joel Campbell,Joel Campbell,145,150,150,2025-11-18,Arsenal,23
Mauricio Isla,Mauricio Isla,144,144,144,2024-9-10,QPR,26
Luis Suarez,Luis Suárez,143,143,,2024-9-6,Liverpool,110
Clint Dempsey,Clint Dempsey,140,141,141,2017-10-10,Fulham; Spurs,218
Idrissa Gueye,Idrissa Gueye,140,135,130,2026-7-1,Aston Villa; Everton,254
Giorgos Karagounis,Giorgos Karagounis,139,,139,2014-6-29,Fulham,39
Nicolas Otamendi,Nicolás Otamendi,139,139,129,2026-7-19,Man City,136
Steven Davis,Steven Davis,139,140,140,2022-9-27,Aston Villa; Fulham; Southampton,306
Jari Litmanen,Jari Litmanen,137,137,137,2010-11-17,Liverpool,26
Marko Arnautovic,Marko Arnautović,137,137,130,2026-7-2,Stoke; West Ham,184
Olivier Giroud,Olivier Giroud,137,137,137,2024-7-9,Arsenal; Chelsea,255
Rigobert Song,Rigobert Song,137,118,137,2010-6-24,Liverpool; West Ham,58
Edinson Cavani,Edinson Cavani,136,136,136,2022-12-2,Man Utd,41
Ahmed Fathy,Ahmed Fathy,135,49,,2021-11-16,Sheffield Utd,3
Sadio Mane,Sadio Mané,134,130,,2026-7-1,Southampton; Liverpool,263
Shay Given,Shay Given,134,134,134,2016-5-31,Blackburn; Newcastle; Man City; Aston Villa; Stoke,451
Andreas Isaksson,Andreas Isaksson,133,133,133,2016-6-22,Man City,19
Seb Larsson,Sebastian Larsson,133,133,133,2021-6-29,Arsenal; Birmingham; Sunderland,282
Teemu Pukki,Teemu Pukki,133,133,133,2025-11-17,Norwich,73
Romelu Lukaku,Romelu Lukaku,132,132,124,2026-7-10,Chelsea; West Brom; Everton; Man Utd,278
James Rodriguez,James Rodríguez,131,131,,2026-7-7,Everton,23
Kim Kallstrom,Kim Källström,131,131,,2016-6-22,Arsenal,3
Lee Young-pyo,Lee Young-pyo,131,,127,2011-1-28,Spurs,70
David Ospina,David Ospina,130,131,129,2026-6-1,Arsenal,29
Edwin van der Sar,Edwin van der Sar,130,130,130,2008-10-15,Fulham; Man Utd,313
Lukas Podolski,Lukas Podolski,130,130,130,2017-3-22,Arsenal,60
Ragnar Klavan,Ragnar Klavan,129,130,130,2024-3-21,Liverpool,39
Raul Jimenez,Raúl Jiménez,128,130,,2026-7-5,Wolves; Fulham,233
Dennis Rommedahl,Dennis Rommedahl,127,127,126,2013-6-11,Charlton,75
Maya Yoshida,Maya Yoshida,127,127,126,2026-5-31,Southampton,154
Toby Alderweireld,Toby Alderweireld,127,127,127,2022-12-1,Southampton; Spurs,200
Andriy Yarmolenko,Andriy Yarmolenko,126,126,125,2026-5-31,West Ham,66
DaMarcus Beasley,DaMarcus Beasley,126,126,126,2017-9-5,Man City,18
Eden Hazard,Eden Hazard,126,126,126,2022-12-1,Chelsea,245
David Silva,David Silva,125,125,125,2018-7-1,Man City,309
Keylor Navas,Keylor Navas,125,126,126,2025-11-18,Nottingham Forest,17
Xherdan Shaqiri,Xherdan Shaqiri,125,125,125,2024-7-6,Stoke; Liverpool,129
Jordan Ayew,Jordan Ayew,124,122,117,2026-7-3,Aston Villa; Swansea; Crystal Palace; Leicester,305
Kevin De Bruyne,Kevin De Bruyne,124,124,115,2026-7-10,Chelsea; Man City,288
Petr Cech,Petr Čech,124,124,124,2016-6-21,Chelsea; Arsenal,443
Carlos Salcido,Carlos Salcido,123,124,124,2014-6-29,Fulham,23
Didier Zokora,Didier Zokora,123,107,123,2014-6-19,Spurs,88
Thierry Henry,Thierry Henry,123,123,123,2010-6-22,Arsenal,258
Kolo Toure,Kolo Touré,122,107,,2015-2-8,Arsenal; Man City; Liverpool,353
Salomon Rondon,Salomón Rondón,122,123,,2026-3-30,West Brom; Newcastle; Everton,167
Zlatan Ibrahimovic,Zlatan Ibrahimović,122,122,122,2023-3-24,Man Utd,33
Bastian Schweinsteiger,Bastian Schweinsteiger,121,121,121,2016-8-31,Man Utd,18
Harry Kane,Harry Kane,121,121,112,2026-7-15,Norwich; Spurs,320
Mohamed Salah,Mohamed Salah,121,119,115,2026-7-7,Chelsea; Liverpool,328
Peter Schmeichel,Peter Schmeichel,121,121,129,2001-4-25,Man Utd; Aston Villa; Man City,310
Tim Howard,Tim Howard,121,121,121,2017-10-10,Man Utd; Everton,399
Andre Ayew,André Ayew,120,113,120,2024-1-26,Swansea; West Ham; Nottingham Forest,102
Eduardo Vargas,Eduardo Vargas,120,120,120,2025-3-25,QPR,21
Kasper Schmeichel,Kasper Schmeichel,120,120,120,2025-11-18,Man City; Leicester,284
Mart Poom,Mart Poom,120,120,120,2009-6-10,Derby; Sunderland; Arsenal,138
Riyad Mahrez,Riyad Mahrez,120,119,112,2026-7-2,Leicester; Man City,284
Wayne Rooney,Wayne Rooney,120,120,120,2018-11-15,Everton; Man Utd,491
Andrej Kramaric,Andrej Kramarić,119,119,112,2026-7-2,Leicester,15
Shinji Okazaki,Shinji Okazaki,119,119,119,2019-6-24,Leicester,114
Theodoros Zagorakis,Theodoros Zagorakis,119,120,120,2007-8-22,Leicester,50
Bruno Ecuele Manga,Bruno Ecuele Manga,118,107,118,2025-12-28,Cardiff,38
Geremi,Geremi,118,103,118,2010-6-24,Middlesbrough; Chelsea; Newcastle,147
John O'Shea,John O'Shea,118,118,118,2018-6-2,Man Utd; Sunderland,445
Samuel Eto'o,Samuel Eto'o,118,114,118,2014-6-13,Chelsea; Everton,35
Karel Poborsky,Karel Poborský,117,117,,2006-6-22,Man Utd,32
Noureddine Naybet,Noureddine Naybet,117,95,115,2006-1-28,Spurs,30
Olof Mellberg,Olof Mellberg,117,117,117,2012-6-19,Aston Villa,232
Juan Cuadrado,Juan Cuadrado,116,116,116,2023-9-7,Chelsea,13
Marcel Desailly,Marcel Desailly,116,116,116,2004-6-17,Chelsea,158
Martin Caceres,Martín Cáceres,116,116,,2022-11-24,Southampton,1
Mateo Kovacic,Mateo Kovačić,116,117,111,2026-7-2,Chelsea; Man City,209
Roland Nilsson,Roland Nilsson,116,116,116,2000-10-11,Sheffield Wed; Coventry,130
David Beckham,David Beckham,115,115,115,2009-10-14,Man Utd,265
Gheorghe Popescu,Gheorghe Popescu,115,116,115,2003-3-29,Spurs,23
Gonzalo Jara,Gonzalo Jara,115,115,115,2019-7-6,West Brom,34
Thibaut Courtois,Thibaut Courtois,115,115,107,2026-7-10,Chelsea,126
Jozy Altidore,Jozy Altidore,114,115,115,2019-7-7,Hull; Sunderland,70
Steven Gerrard,Steven Gerrard,114,114,114,2014-6-24,Liverpool,504
Xabi Alonso,Xabi Alonso,114,114,114,2014-6-23,Liverpool,143
Bernardo Silva,Bernardo Silva,113,113,107,2026-7-6,Man City,304
Chancel Mbemba,Chancel Mbemba,113,111,106,2026-7-1,Newcastle,42
Max Gradel,Max Gradel,113,108,110,2024-3-23,Bournemouth,25
Razvan Rat,Răzvan Raț,113,113,113,2016-6-15,West Ham,15
Thiago Silva,Thiago Silva,113,113,113,2022-12-9,Chelsea,113
Aaron Hughes,Aaron Hughes,112,112,112,2018-6-3,Newcastle; Aston Villa; Fulham,455
Diego Forlan,Diego Forlán,112,112,,2014-6-28,Man Utd,63
Hakan Sukur,Hakan Şükür,112,112,,2007-10-17,Blackburn,9
Jon Dahl Tomasson,Jon Dahl Tomasson,112,111,112,2010-6-24,Newcastle,23
Juraj Kucka,Juraj Kucka,112,112,112,2024-9-8,Watford,26
Ki Sung-yueng,Ki Sung-yueng,112,,110,2019-1-7,Swansea; Sunderland; Newcastle,187
Li Weifeng,Li Weifeng,112,,112,2011-11-15,Everton,1
Memphis Depay,Memphis Depay,112,112,108,2026-6-25,Man Utd,33
Nani,Nani,112,111,,2017-7-2,Man Utd,147
Roque Santa Cruz,Roque Santa Cruz,112,110,112,2016-11-10,Blackburn; Man City,86
Andriy Shevchenko,Andriy Shevchenko,111,111,111,2012-6-19,Chelsea,48
Claudio Reyna,Claudio Reyna,111,111,112,2006-6-22,Sunderland; Man City,105
Dusan Tadic,Dušan Tadić,111,111,111,2024-6-25,Southampton,134
Gareth Bale,Gareth Bale,111,111,111,2022-11-29,Spurs,166
Zheng Zhi,Zheng Zhi,111,,111,2019-11-14,Charlton,12
Ahmed Musa,Ahmed Musa,110,111,110,2025-5-28,Leicester,21
Aron Gunnarsson,Aron Gunnarsson,110,110,107,2026-6-9,Cardiff,51
Cesc Fabregas,Cesc Fàbregas,110,110,110,2016-6-27,Arsenal; Chelsea,350
Fernando Torres,Fernando Torres,110,110,110,2014-6-23,Liverpool; Chelsea,212
John Arne Riise,John Arne Riise,110,110,110,2013-3-22,Liverpool; Fulham,321
Kevin Kilbane,Kevin Kilbane,110,110,110,2011-6-4,Sunderland; Everton; Wigan; Hull,325
Asamoah Gyan,Asamoah Gyan,109,108,109,2019-7-8,Sunderland,34
Chris Gunter,Chris Gunter,109,109,109,2022-6-14,Spurs; Reading,25
Enner Valencia,Enner Valencia,109,109,103,2026-6-30,West Ham; Everton,75
Javier Hernandez,Javier Hernández,109,109,,2019-9-6,Man Utd; West Ham,158
Jean Beausejour,Jean Beausejour,109,109,109,2020-11-17,Birmingham; Wigan,67
Mark Schwarzer,Mark Schwarzer,109,100,109,2013-9-7,Middlesbrough; Fulham; Chelsea; Leicester,514
Mauricio Solis,Mauricio Solís,109,110,110,2006-6-20,Derby,11
Niclas Alexandersson,Niclas Alexandersson,109,108,109,2008-6-10,Sheffield Wed; Everton,133
Rafael van der Vaart,Rafael van der Vaart,109,109,109,2013-11-19,Spurs,63
Wayne Hennessey,Wayne Hennessey,109,109,109,2023-10-11,Wolves; Crystal Palace; Burnley; Nottingham Forest,187
Carlos Bocanegra,Carlos Bocanegra,108,110,110,2012-11-14,Fulham,116
Daley Blind,Daley Blind,108,108,108,2024-7-2,Man Utd,90
Jurgen Klinsmann,Jürgen Klinsmann,108,107,,1998-7-4,Spurs,56
Ricardo Gardner,Ricardo Gardner,108,104,111,2012-12-12,Bolton,251
Rui Patricio,Rui Patrício,108,108,,2024-3-21,Wolves,112
Stephan Lichtsteiner,Stephan Lichtsteiner,108,108,108,2019-11-15,Arsenal,14
Stern John,Stern John,108,111,115,2011-11-11,Birmingham; Sunderland,63
Thomas Helveg,Thomas Helveg,108,108,108,2007-10-17,Norwich,20
Tim Cahill,Tim Cahill,108,105,108,2018-11-20,Everton,226
Aaron Mokoena,Aaron Mokoena,107,96,107,2010-10-10,Blackburn; Portsmouth,124
Andre Carrillo,André Carrillo,107,108,103,2026-6-8,Watford,28
Ashley Cole,Ashley Cole,107,107,107,2014-3-5,Arsenal; Chelsea,385
Gabor Kiraly,Gábor Király,107,108,108,2016-11-15,Crystal Palace; Aston Villa,37
Jonny Evans,Jonny Evans,107,108,107,2024-6-8,Sunderland; Man Utd; West Brom; Leicester,386
Lee Dong-gook,Lee Dong-gook,107,,105,2017-9-5,Middlesbrough,23
Marcelo Moreno,Marcelo Moreno,107,107,,2023-11-21,Wigan,12
Patrick Vieira,Patrick Vieira,107,107,107,2009-6-2,Arsenal; Man City,307
Aleksandar Mitrovic,Aleksandar Mitrović,106,106,104,2026-3-31,Newcastle; Fulham,129
Frank Lampard,Frank Lampard,106,106,106,2014-6-24,West Ham; Chelsea; Man City,609
Giovani dos Santos,Giovani dos Santos,106,107,107,2018-6-23,Spurs,17
Giovanni van Bronckhorst,Giovanni van Bronckhorst,106,106,106,2010-7-11,Arsenal,41
Henrik Larsson,Henrik Larsson,106,106,106,2009-10-10,Man Utd,7
Imants Bleidelis,Imants Bleidelis,106,107,106,2007-11-21,Southampton,2
Kalidou Koulibaly,Kalidou Koulibaly,106,105,103,2026-6-22,Chelsea,23
Mohamed Elneny,Mohamed Elneny,106,103,,2025-12-9,Arsenal,91
Branislav Ivanovic,Branislav Ivanović,105,104,,2018-6-22,Chelsea; West Brom,274
Didier Drogba,Didier Drogba,105,95,105,2014-6-24,Chelsea,254
Islam Slimani,Islam Slimani,105,105,105,2025-12-9,Leicester; Newcastle,40
Jonatan Johansson,Jonatan Johansson,105,105,105,2010-9-7,Charlton,148
Mat Ryan,Mathew Ryan,105,105,101,2026-7-3,Brighton; Arsenal,124
Radhi Jaidi,Radhi Jaïdi,105,95,105,2009-6-6,Bolton; Birmingham,61
Sami Hyypia,Sami Hyypiä,105,105,,2010-10-12,Liverpool,318
Stiliyan Petrov,Stiliyan Petrov,105,105,105,2011-10-11,Aston Villa,185
Tomas Rosicky,Tomáš Rosický,105,105,105,2016-6-17,Arsenal,170
Yuri Zhirkov,Yuri Zhirkov,105,,105,2021-6-12,Chelsea,29
Dirk Kuyt,Dirk Kuyt,104,104,,2014-9-4,Liverpool,208
Martin Skrtel,Martin Škrtel,104,104,104,2019-10-13,Liverpool,242
Per Mertesacker,Per Mertesacker,104,104,104,2014-7-13,Arsenal,156
Radamel Falcao,Radamel Falcao,104,105,104,2023-3-28,Man Utd; Chelsea,36
Didier Deschamps,Didier Deschamps,103,103,103,2000-9-2,Chelsea,27
James McClean,James McClean,103,103,103,2023-11-21,Sunderland; West Brom,158
Vedran Corluka,Vedran Ćorluka,103,103,103,2018-7-11,Man City; Spurs,119
Edson Alvarez,Edson Álvarez,102,103,,2026-7-5,West Ham,59
Gerard Pique,Gerard Piqué,102,102,,2018-7-1,Man Utd,12
Johann Berg Gudmundsson,Jóhann Berg Guðmundsson,102,,,2026-2-25,Burnley,162
Marcel Sabitzer,Marcel Sabitzer,102,102,,2026-7-2,Man Utd,11
Park Ji-sung,Park Ji-sung,102,,100,2011-1-25,Man Utd; QPR,153
Robin van Persie,Robin van Persie,102,102,102,2017-8-31,Arsenal; Man Utd,280
Savo Milosevic,Savo Milošević,102,67,102,2008-11-19,Aston Villa,90
Steve Staunton,Steve Staunton,102,103,102,2002-6-16,Aston Villa; Liverpool,288
Yaya Toure,Yaya Touré,102,92,,2015-3-29,Man City,230
Alireza Jahanbakhsh,Alireza Jahanbakhsh,101,99,,2026-6-26,Brighton,50
Andranik Teymourian,Andranik Teymourian,101,102,101,2016-10-11,Bolton; Fulham,21
Cristian Riveros,Cristian Riveros,101,98,101,2018-3-27,Sunderland,12
Emre Belozoglu,Emre Belözoğlu,101,101,,2019-10-11,Newcastle,58
Joseph Yobo,Joseph Yobo,101,97,101,2014-6-30,Everton; Norwich,228
Kamil Grosicki,Kamil Grosicki,101,101,100,2026-3-31,Hull; West Brom,18
Kasey Keller,Kasey Keller,101,102,102,2007-7-2,Leicester; Spurs; Southampton; Fulham,201
Sergio Aguero,Sergio Agüero,101,101,,2021-7-3,Man City,275
Thomas Sorensen,Thomas Sørensen,101,,101,2012-5-26,Sunderland; Aston Villa; Stoke,364
Ulises de la Cruz,Ulises de la Cruz,101,97,101,2010-5-16,Aston Villa; Reading,104
Yossi Benayoun,Yossi Benayoun,101,102,101,2017-10-9,West Ham; Liverpool; Chelsea; Arsenal,194
Aleksandar Dragovic,Aleksandar Dragović,100,100,100,2022-3-29,Leicester,11
Angelos Basinas,Angelos Basinas,100,100,100,2009-4-1,Portsmouth,15
Ben Davies,Ben Davies,100,100,100,2025-10-13,Swansea; Spurs,316
Damien Duff,Damien Duff,100,100,100,2012-6-18,Blackburn; Chelsea; Newcastle; Fulham,392
Goce Sedloski,Goce Sedloski,100,100,100,2010-5-29,Sheffield Wed,4
Grzegorz Krychowiak,Grzegorz Krychowiak,100,100,100,2023-9-10,West Brom,27
Henning Berg,Henning Berg,100,100,100,2004-5-27,Blackburn; Man Utd,275
Igors Stepanovs,Igors Stepanovs,100,101,100,2011-8-10,Arsenal,17
Joe-Max Moore,Joe-Max Moore,100,98,100,2002-6-14,Everton,52
Robinho,Robinho,100,100,,2017-1-26,Man City,41
Trezeguet,Trézéguet,100,100,,2026-7-7,Aston Villa,56
