season,date,player,player_club,opponent,goals,perfect
1992/93,1992-08-25,Eric Cantona,Leeds United,Tottenham Hotspur,3,
1992/93,1992-11-09,Mark Robins,Norwich City,Oldham Athletic,3,yes
1992/93,1992-12-05,John Hendrie,Middlesbrough,Blackburn Rovers,3,
1992/93,1992-12-28,Andy Sinton,Queens Park Rangers,Everton,3,
1992/93,1993-01-16,Brian Deane,Sheffield United,Ipswich Town,3,
1992/93,1993-02-20,Teddy Sheringham,Tottenham Hotspur,Leeds United,3,
1992/93,1993-04-10,Gordon Strachan,Leeds United,Blackburn Rovers,3,
1992/93,1993-04-10,Les Ferdinand,Queens Park Rangers,Nottingham Forest,3,
1992/93,1993-04-12,Chris Bart-Williams,Sheffield Wednesday,Southampton,3,
1992/93,1993-04-12,Les Ferdinand,Queens Park Rangers,Everton,3,
1992/93,1993-04-14,Chris Sutton,Norwich City,Leeds United,3,
1992/93,1993-04-17,Mark Walters,Liverpool,Coventry City,3,
1992/93,1993-05-08,Rod Wallace,Leeds United,Coventry City,3,
1992/93,1993-05-08,Matt Le Tissier,Southampton,Oldham Athletic,3,
1993/94,1993-08-14,Mick Quinn,Coventry City,Arsenal,3,
1993/94,1993-08-21,Tony Cottee,Everton,Sheffield United,3,
1993/94,1993-09-11,Kevin Campbell,Arsenal,Ipswich Town,3,
1993/94,1993-09-25,Efan Ekoku,Norwich City,Everton,4,yes
1993/94,1993-10-23,Alan Shearer,Blackburn Rovers,Leeds United,3,
1993/94,1993-10-30,Peter Beardsley,Newcastle United,Wimbledon,3,
1993/94,1993-10-30,Robbie Fowler,Liverpool,Southampton,3,yes
1993/94,1993-11-20,Bradley Allen,Queens Park Rangers,Everton,3,
1993/94,1993-11-21,Andy Cole,Newcastle United,Liverpool,3,
1993/94,1993-12-27,Kevin Campbell,Arsenal,Swindon Town,3,
1993/94,1994-01-15,Tony Cottee,Everton,Swindon Town,3,
1993/94,1994-02-05,Jan Aage Fjortoft,Swindon Town,Coventry City,3,
1993/94,1994-02-12,Dean Saunders,Aston Villa,Swindon Town,3,
1993/94,1994-02-14,Matt Le Tissier,Southampton,Liverpool,3,
1993/94,1994-02-23,Andy Cole,Newcastle United,Coventry City,3,
1993/94,1994-03-05,Ian Wright,Arsenal,Ipswich Town,3,
1993/94,1994-03-19,Ian Wright,Arsenal,Southampton,3,
1993/94,1994-04-09,Matt Le Tissier,Southampton,Norwich City,3,yes
1993/94,1994-04-26,Dean Holdsworth,Wimbledon,Oldham Athletic,3,
1994/95,1994-08-27,Chris Sutton,Blackburn Rovers,Coventry City,3,yes
1994/95,1994-08-28,Robbie Fowler,Liverpool,Arsenal,3,
1994/95,1994-11-10,Andrei Kanchelskis,Manchester United,Manchester City,3,
1994/95,1994-11-26,Alan Shearer,Blackburn Rovers,Queens Park Rangers,3,
1994/95,1994-12-03,Teddy Sheringham,Tottenham Hotspur,Newcastle United,3,
1994/95,1994-12-17,Tony Cottee,West Ham United,Manchester City,3,
1994/95,1995-01-02,Alan Shearer,Blackburn Rovers,West Ham United,3,
1994/95,1995-01-28,Alan Shearer,Blackburn Rovers,Ipswich Town,3,
1994/95,1995-02-11,Tommy Johnson,Aston Villa,Wimbledon,3,yes
1994/95,1995-03-04,Andy Cole,Manchester United,Ipswich Town,5,yes
1994/95,1995-03-14,Peter Ndlovu,Coventry City,Liverpool,3,
1994/95,1995-04-05,Tony Yeboah,Leeds United,Ipswich Town,3,
1994/95,1995-04-15,Ian Wright,Arsenal,Ipswich Town,3,
1995/96,1995-08-19,Matt Le Tissier,Southampton,Nottingham Forest,3,
1995/96,1995-09-23,Robbie Fowler,Liverpool,Bolton Wanderers,4,
1995/96,1995-09-23,Alan Shearer,Blackburn Rovers,Coventry City,3,
1995/96,1995-09-23,Tony Yeboah,Leeds United,Wimbledon,3,
1995/96,1995-10-21,Les Ferdinand,Newcastle United,Wimbledon,3,
1995/96,1995-10-28,Gary McAllister,Leeds United,Coventry City,3,
1995/96,1995-11-18,Alan Shearer,Blackburn Rovers,Nottingham Forest,3,
1995/96,1995-12-02,Alan Shearer,Blackburn Rovers,West Ham United,3,
1995/96,1995-12-04,Dion Dublin,Coventry City,Sheffield Wednesday,3,
1995/96,1995-12-16,Savo Milosevic,Aston Villa,Coventry City,3,
1995/96,1995-12-23,Robbie Fowler,Liverpool,Arsenal,3,yes
1995/96,1996-02-03,Alan Shearer,Blackburn Rovers,Bolton Wanderers,3,
1995/96,1996-02-04,Gavin Peacock,Chelsea,Middlesbrough,3,
1995/96,1996-03-16,Alan Shearer,Blackburn Rovers,Tottenham Hotspur,3,
1995/96,1996-04-13,Mark Hughes,Chelsea,Leeds United,3,
1995/96,1996-04-27,Andrei Kanchelskis,Everton,Sheffield Wednesday,3,
1996/97,1996-08-17,Kevin Campbell,Nottingham Forest,Coventry City,3,
1996/97,1996-08-17,Fabrizio Ravanelli,Middlesbrough,Liverpool,3,
1996/97,1996-09-16,Ian Wright,Arsenal,Sheffield Wednesday,3,
1996/97,1996-09-30,Dwight Yorke,Aston Villa,Newcastle United,3,
1996/97,1996-11-16,Gary Speed,Everton,Southampton,3,
1996/97,1996-12-14,Robbie Fowler,Liverpool,Middlesbrough,4,
1996/97,1997-02-02,Alan Shearer,Newcastle United,Leicester City,3,
1996/97,1997-02-22,Ian Marshall,Leicester City,Derby County,3,
1996/97,1997-03-04,Steffen Iversen,Tottenham Hotspur,Sunderland,3,
1996/97,1997-03-05,Fabrizio Ravanelli,Middlesbrough,Derby County,3,
1996/97,1997-03-15,Kevin Gallacher,Blackburn Rovers,Wimbledon,3,
1996/97,1997-05-03,Paul Kitson,West Ham United,Sheffield Wednesday,3,
1997/98,1997-08-09,Dion Dublin,Coventry City,Chelsea,3,
1997/98,1997-08-13,Chris Sutton,Blackburn Rovers,Aston Villa,3,
1997/98,1997-08-24,Gianluca Vialli,Chelsea,Barnsley,4,yes
1997/98,1997-08-27,Dennis Bergkamp,Arsenal,Leicester City,3,
1997/98,1997-09-13,Ian Wright,Arsenal,Bolton Wanderers,3,
1997/98,1997-10-05,Patrik Berger,Liverpool,Chelsea,3,
1997/98,1997-10-25,Andy Cole,Manchester United,Barnsley,3,
1997/98,1997-11-08,Andy Booth,Sheffield Wednesday,Bolton Wanderers,3,
1997/98,1997-11-29,Gianfranco Zola,Chelsea,Derby County,3,
1997/98,1997-12-06,Tore Andre Flo,Chelsea,Tottenham Hotspur,3,
1997/98,1997-12-28,Duncan Ferguson,Everton,Bolton Wanderers,3,
1997/98,1998-01-17,Kevin Gallacher,Blackburn Rovers,Aston Villa,3,
1997/98,1998-02-14,Michael Owen,Liverpool,Sheffield Wednesday,3,
1997/98,1998-02-28,Chris Sutton,Blackburn Rovers,Leicester City,3,
1997/98,1998-04-25,Darren Huckerby,Coventry City,Leeds United,3,
1997/98,1998-05-02,Jurgen Klinsmann,Tottenham Hotspur,Wimbledon,4,
1998/99,1998-08-22,Clive Mendonca,Charlton Athletic,Southampton,3,
1998/99,1998-08-30,Michael Owen,Liverpool,Newcastle United,3,
1998/99,1998-10-24,Michael Owen,Liverpool,Nottingham Forest,4,
1998/99,1998-11-14,Dion Dublin,Aston Villa,Southampton,3,
1998/99,1998-11-21,Robbie Fowler,Liverpool,Aston Villa,3,
1998/99,1998-12-28,Chris Armstrong,Tottenham Hotspur,Everton,3,
1998/99,1999-01-09,Darren Huckerby,Coventry City,Nottingham Forest,3,
1998/99,1999-01-16,Robbie Fowler,Liverpool,Southampton,3,yes
1998/99,1999-01-16,Dwight Yorke,Manchester United,Leicester City,3,
1998/99,1999-02-06,Ole Gunnar Solskjaer,Manchester United,Nottingham Forest,4,
1998/99,1999-02-20,Nicolas Anelka,Arsenal,Leicester City,3,
1998/99,1999-05-08,Kevin Campbell,Everton,West Ham United,3,
1999/00,1999-08-11,Michael Bridges,Leeds United,Southampton,3,
1999/00,1999-08-30,Andy Cole,Manchester United,Newcastle United,4,
1999/00,1999-09-18,Kevin Phillips,Sunderland,Derby County,3,
1999/00,1999-09-19,Alan Shearer,Newcastle United,Sheffield Wednesday,5,
1999/00,1999-10-23,Kanu,Arsenal,Chelsea,3,
1999/00,1999-11-21,Marc Overmars,Arsenal,Middlesbrough,3,
1999/00,1999-12-04,Ole Gunnar Solskjaer,Manchester United,Everton,4,yes
1999/00,2000-02-26,Nick Barmby,Everton,West Ham United,3,
1999/00,2000-03-05,Stan Collymore,Leicester City,Sunderland,3,
1999/00,2000-03-11,Steffen Iversen,Tottenham Hotspur,Southampton,3,
1999/00,2000-03-11,Dwight Yorke,Manchester United,Derby County,3,
1999/00,2000-04-01,Paul Scholes,Manchester United,West Ham United,3,
1999/00,2000-04-21,Dean Windass,Bradford City,Derby County,3,
2000/01,2000-08-23,Paulo Wanchope,Manchester City,Sunderland,3,
2000/01,2000-09-06,Michael Owen,Liverpool,Aston Villa,3,
2000/01,2000-10-15,Emile Heskey,Liverpool,Derby County,3,yes
2000/01,2000-10-21,Jimmy Floyd Hasselbaink,Chelsea,Coventry City,4,
2000/01,2000-10-28,Teddy Sheringham,Manchester United,Southampton,3,
2000/01,2000-11-04,Mark Viduka,Leeds United,Liverpool,4,
2000/01,2000-11-25,Les Ferdinand,Tottenham Hotspur,Leicester City,3,yes
2000/01,2000-12-10,Ray Parlour,Arsenal,Newcastle United,3,
2000/01,2000-12-26,Thierry Henry,Arsenal,Leicester City,3,
2000/01,2000-12-26,Kevin Phillips,Sunderland,Bradford City,3,
2000/01,2001-02-25,Dwight Yorke,Manchester United,Arsenal,3,
2000/01,2001-03-03,Sylvain Wiltord,Arsenal,West Ham United,3,
2000/01,2001-04-07,Marcus Stewart,Ipswich Town,Southampton,3,
2000/01,2001-05-05,Michael Owen,Liverpool,Newcastle United,3,
2001/02,2001-10-20,Robbie Fowler,Liverpool,Leicester City,3,
2001/02,2001-11-19,Paul Kitson,West Ham United,Charlton Athletic,3,
2001/02,2001-12-22,Ruud van Nistelrooy,Manchester United,Southampton,3,
2001/02,2001-12-26,Robbie Fowler,Leeds United,Bolton Wanderers,3,
2001/02,2002-01-29,Ole Gunnar Solskjaer,Manchester United,Bolton Wanderers,3,
2001/02,2002-03-13,Jimmy Floyd Hasselbaink,Chelsea,Tottenham Hotspur,3,yes
2001/02,2002-04-06,Fredi Bobic,Bolton Wanderers,Ipswich Town,3,
2002/03,2002-09-28,Michael Owen,Liverpool,Manchester City,3,
2002/03,2002-10-27,James Beattie,Southampton,Fulham,3,
2002/03,2002-11-23,Ruud van Nistelrooy,Manchester United,Newcastle United,3,
2002/03,2003-01-12,Robbie Keane,Tottenham Hotspur,Everton,3,
2002/03,2003-01-19,Thierry Henry,Arsenal,West Ham United,3,yes
2002/03,2003-03-22,Ruud van Nistelrooy,Manchester United,Fulham,3,
2002/03,2003-04-05,Mark Viduka,Leeds United,Charlton Athletic,3,
2002/03,2003-04-12,Paul Scholes,Manchester United,Newcastle United,3,
2002/03,2003-04-26,Michael Owen,Liverpool,West Bromwich Albion,4,
2002/03,2003-05-03,Ruud van Nistelrooy,Manchester United,Charlton Athletic,3,
2002/03,2003-05-07,Jermaine Pennant,Arsenal,Southampton,3,
2002/03,2003-05-07,Robert Pires,Arsenal,Southampton,3,
2002/03,2003-05-11,Freddie Ljungberg,Arsenal,Sunderland,3,
2003/04,2003-08-26,Teddy Sheringham,Portsmouth,Bolton Wanderers,3,
2003/04,2003-09-14,Nicolas Anelka,Manchester City,Aston Villa,3,
2003/04,2003-09-27,Ruud van Nistelrooy,Manchester United,Leicester City,3,
2003/04,2003-09-28,Kevin Lisbie,Charlton Athletic,Liverpool,3,
2003/04,2003-09-28,Steve Watson,Everton,Leeds United,3,
2003/04,2003-12-06,Robbie Keane,Tottenham Hotspur,Wolverhampton Wanderers,3,
2003/04,2004-03-27,Jimmy Floyd Hasselbaink,Chelsea,Wolverhampton Wanderers,3,
2003/04,2004-04-09,Thierry Henry,Arsenal,Liverpool,3,
2003/04,2004-04-16,Thierry Henry,Arsenal,Leeds United,4,
2003/04,2004-05-15,Yakubu,Portsmouth,Middlesbrough,4,
2004/05,2004-08-30,Yakubu,Portsmouth,Fulham,3,
2004/05,2004-10-16,Jimmy Floyd Hasselbaink,Middlesbrough,Blackburn Rovers,3,
2004/05,2004-10-23,Eidur Gudjohnsen,Chelsea,Blackburn Rovers,3,
2004/05,2004-11-13,Milan Baros,Liverpool,Crystal Palace,3,
2004/05,2004-12-18,Jermain Defoe,Tottenham Hotspur,Southampton,3,
2004/05,2005-03-05,Thierry Henry,Arsenal,Portsmouth,3,
2004/05,2005-03-19,Robert Earnshaw,West Bromwich Albion,Charlton Athletic,3,
2004/05,2005-04-02,Thierry Henry,Arsenal,Norwich City,3,
2005/06,2005-09-12,Marlon Harewood,West Ham United,Aston Villa,3,
2005/06,2005-12-16,Henri Camara,Wigan Athletic,Charlton Athletic,3,
2005/06,2005-12-17,Michael Owen,Newcastle United,West Ham United,3,
2005/06,2006-01-14,Thierry Henry,Arsenal,Middlesbrough,3,
2005/06,2006-02-01,David Bentley,Blackburn Rovers,Manchester United,3,
2005/06,2006-02-04,Luke Moore,Aston Villa,Middlesbrough,3,
2005/06,2006-05-07,Thierry Henry,Arsenal,Wigan Athletic,3,
2006/07,2006-10-28,Wayne Rooney,Manchester United,Bolton Wanderers,3,
2006/07,2006-11-11,Didier Drogba,Chelsea,Watford,3,
2006/07,2007-03-31,Peter Crouch,Liverpool,Arsenal,3,yes
2007/08,2007-09-22,Emmanuel Adebayor,Arsenal,Derby County,3,
2007/08,2007-09-29,Benjani,Portsmouth,Reading,3,
2007/08,2007-12-08,Yakubu,Everton,Fulham,3,yes
2007/08,2007-12-15,Roque Santa Cruz,Blackburn Rovers,Wigan Athletic,3,
2007/08,2007-12-15,Marcus Bent,Wigan Athletic,Blackburn Rovers,3,
2007/08,2007-12-29,Dimitar Berbatov,Tottenham Hotspur,Reading,4,
2007/08,2008-01-12,Cristiano Ronaldo,Manchester United,Newcastle United,3,
2007/08,2008-01-19,Benjani,Portsmouth,Derby County,3,
2007/08,2008-02-09,John Carew,Aston Villa,Newcastle United,3,
2007/08,2008-02-23,Fernando Torres,Liverpool,Middlesbrough,3,
2007/08,2008-03-01,Mikael Forssell,Birmingham City,Tottenham Hotspur,3,yes
2007/08,2008-03-05,Fernando Torres,Liverpool,West Ham United,3,
2007/08,2008-03-12,Frank Lampard,Chelsea,Derby County,4,
2007/08,2008-04-28,Emmanuel Adebayor,Arsenal,Derby County,3,
2007/08,2008-05-11,Afonso Alves,Middlesbrough,Manchester City,3,
2008/09,2008-08-17,Gabriel Agbonlahor,Aston Villa,Manchester City,3,yes
2008/09,2008-09-13,Emmanuel Adebayor,Arsenal,Blackburn Rovers,3,yes
2008/09,2008-10-26,Robinho,Manchester City,Stoke City,3,
2008/09,2008-11-01,Nicolas Anelka,Chelsea,Sunderland,3,
2008/09,2009-03-22,Steven Gerrard,Liverpool,Aston Villa,3,
2008/09,2009-04-21,Andrey Arshavin,Arsenal,Liverpool,4,
2009/10,2009-08-19,Jermain Defoe,Tottenham Hotspur,Hull City,3,
2009/10,2009-09-12,Yossi Benayoun,Liverpool,Burnley,3,
2009/10,2009-09-26,Fernando Torres,Liverpool,Hull City,3,
2009/10,2009-09-26,Robbie Keane,Tottenham Hotspur,Burnley,4,
2009/10,2009-10-31,Aruna Dindane,Portsmouth,Wigan Athletic,3,
2009/10,2009-11-22,Jermain Defoe,Tottenham Hotspur,Wigan Athletic,5,
2009/10,2009-11-28,Wayne Rooney,Manchester United,Portsmouth,3,
2009/10,2010-01-11,Carlos Tevez,Manchester City,Blackburn Rovers,3,
2009/10,2010-01-23,Wayne Rooney,Manchester United,Hull City,4,
2009/10,2010-03-09,Darren Bent,Sunderland,Bolton Wanderers,3,
2009/10,2010-03-27,Frank Lampard,Chelsea,Aston Villa,4,
2009/10,2010-03-29,Carlos Tevez,Manchester City,Wigan Athletic,3,
2009/10,2010-04-25,Salomon Kalou,Chelsea,Stoke City,3,yes
2009/10,2010-05-09,Didier Drogba,Chelsea,Wigan Athletic,3,yes
2010/11,2010-08-14,Didier Drogba,Chelsea,West Bromwich Albion,3,
2010/11,2010-08-21,Theo Walcott,Arsenal,Blackpool,3,
2010/11,2010-08-22,Andy Carroll,Newcastle United,Aston Villa,3,
2010/11,2010-09-19,Dimitar Berbatov,Manchester United,Liverpool,3,
2010/11,2010-10-31,Kevin Nolan,Newcastle United,Sunderland,3,
2010/11,2010-11-27,Dimitar Berbatov,Manchester United,Blackburn Rovers,5,
2010/11,2010-12-28,Mario Balotelli,Manchester City,Aston Villa,3,
2010/11,2011-01-05,Leon Best,Newcastle United,West Ham United,3,
2010/11,2011-01-22,Dimitar Berbatov,Manchester United,Birmingham City,3,
2010/11,2011-01-22,Robin van Persie,Arsenal,Wigan Athletic,3,
2010/11,2011-02-05,Carlos Tevez,Manchester City,West Bromwich Albion,3,
2010/11,2011-02-05,Louis Saha,Everton,Blackpool,4,yes
2010/11,2011-03-06,Dirk Kuyt,Liverpool,Manchester United,3,
2010/11,2011-04-02,Wayne Rooney,Manchester United,West Ham United,3,
2010/11,2011-04-23,Maxi Rodriguez,Liverpool,Birmingham City,3,
2010/11,2011-05-09,Maxi Rodriguez,Liverpool,Fulham,3,
2010/11,2011-05-22,Somen Tchoyi,West Bromwich Albion,Newcastle United,3,
2011/12,2011-08-28,Edin Dzeko,Manchester City,Tottenham Hotspur,4,yes
2011/12,2011-08-28,Wayne Rooney,Manchester United,Arsenal,3,
2011/12,2011-09-10,Sergio Aguero,Manchester City,Wigan Athletic,3,
2011/12,2011-09-10,Wayne Rooney,Manchester United,Bolton Wanderers,3,
2011/12,2011-09-24,Demba Ba,Newcastle United,Blackburn Rovers,3,
2011/12,2011-10-02,Frank Lampard,Chelsea,Bolton Wanderers,3,
2011/12,2011-10-02,Andy Johnson,Fulham,Queens Park Rangers,3,
2011/12,2011-10-29,Robin van Persie,Arsenal,Chelsea,3,
2011/12,2011-10-31,Demba Ba,Newcastle United,Stoke City,3,yes
2011/12,2011-12-03,Yakubu,Blackburn Rovers,Swansea City,4,yes
2011/12,2011-12-26,Dimitar Berbatov,Manchester United,Wigan Athletic,3,
2011/12,2012-01-20,Clint Dempsey,Fulham,Newcastle United,3,
2011/12,2012-02-04,Robin van Persie,Arsenal,Blackburn Rovers,3,
2011/12,2012-02-12,Peter Odemwingie,West Bromwich Albion,Wolverhampton Wanderers,3,
2011/12,2012-03-04,Pavel Pogrebnyak,Fulham,Wolverhampton Wanderers,3,yes
2011/12,2012-03-13,Steven Gerrard,Liverpool,Everton,3,
2011/12,2012-04-14,Carlos Tevez,Manchester City,Norwich City,3,
2011/12,2012-04-28,Luis Suarez,Liverpool,Norwich City,3,
2011/12,2012-04-29,Fernando Torres,Chelsea,Queens Park Rangers,3,
2012/13,2012-09-02,Robin van Persie,Manchester United,Southampton,3,
2012/13,2012-09-29,Luis Suarez,Liverpool,Norwich City,3,
2012/13,2012-11-24,Jordi Gomez,Wigan Athletic,Reading,3,yes
2012/13,2012-12-17,Santi Cazorla,Arsenal,Reading,3,
2012/13,2012-12-26,Gareth Bale,Tottenham Hotspur,Aston Villa,3,
2012/13,2012-12-29,Theo Walcott,Arsenal,Newcastle United,3,
2012/13,2013-03-02,Shinji Kagawa,Manchester United,Norwich City,3,
2012/13,2013-03-02,Luis Suarez,Liverpool,Wigan Athletic,3,
2012/13,2013-04-22,Robin van Persie,Manchester United,Aston Villa,3,
2012/13,2013-04-29,Christian Benteke,Aston Villa,Sunderland,3,
2012/13,2013-05-12,Daniel Sturridge,Liverpool,Fulham,3,
2012/13,2013-05-19,Kevin Nolan,West Ham United,Reading,3,yes
2012/13,2013-05-19,Romelu Lukaku,West Bromwich Albion,Manchester United,3,yes
2013/14,2013-10-26,Luis Suarez,Liverpool,West Bromwich Albion,3,
2013/14,2013-12-04,Luis Suarez,Liverpool,Norwich City,4,
2013/14,2014-01-11,Adam Johnson,Sunderland,Fulham,3,
2013/14,2014-01-19,Samuel Eto'o,Chelsea,Manchester United,3,
2013/14,2014-02-08,Eden Hazard,Chelsea,Newcastle United,3,
2013/14,2014-03-01,Andre Schurrle,Chelsea,Fulham,3,
2013/14,2014-03-22,Yaya Toure,Manchester City,Fulham,3,
2013/14,2014-03-22,Luis Suarez,Liverpool,Cardiff City,3,
2014/15,2014-09-13,Diego Costa,Chelsea,Swansea City,3,
2014/15,2014-10-18,Sergio Aguero,Manchester City,Tottenham Hotspur,4,
2014/15,2014-12-20,Charlie Austin,Queens Park Rangers,West Bromwich Albion,3,
2014/15,2015-01-31,Jon Walters,Stoke City,Queens Park Rangers,3,yes
2014/15,2015-03-21,Harry Kane,Tottenham Hotspur,Leicester City,3,
2014/15,2015-04-07,Christian Benteke,Aston Villa,Queens Park Rangers,3,
2014/15,2015-04-11,Yannick Bolasie,Crystal Palace,Sunderland,3,
2014/15,2015-05-10,Sergio Aguero,Manchester City,Queens Park Rangers,3,
2014/15,2015-05-16,Sadio Mane,Southampton,Aston Villa,3,
2014/15,2015-05-24,Theo Walcott,Arsenal,West Bromwich Albion,3,
2015/16,2015-08-22,Callum Wilson,Bournemouth,West Ham United,3,
2015/16,2015-09-12,Steven Naismith,Everton,Chelsea,3,yes
2015/16,2015-09-26,Alexis Sanchez,Arsenal,Leicester City,3,
2015/16,2015-10-03,Sergio Aguero,Manchester City,Newcastle United,5,
2015/16,2015-10-17,Raheem Sterling,Manchester City,Bournemouth,3,
2015/16,2015-10-18,Georginio Wijnaldum,Newcastle United,Norwich City,4,
2015/16,2015-10-25,Harry Kane,Tottenham Hotspur,Bournemouth,3,
2015/16,2015-11-01,Arouna Kone,Everton,Sunderland,3,
2015/16,2015-12-05,Riyad Mahrez,Leicester City,Swansea City,3,yes
2015/16,2016-01-13,Jermain Defoe,Sunderland,Swansea City,3,
2015/16,2016-04-09,Andy Carroll,West Ham United,Arsenal,3,
2015/16,2016-04-16,Sergio Aguero,Manchester City,Chelsea,3,
2015/16,2016-05-01,Sadio Mane,Southampton,Manchester City,3,
2015/16,2016-05-15,Olivier Giroud,Arsenal,Aston Villa,3,
2016/17,2016-09-12,Romelu Lukaku,Everton,Sunderland,3,
2016/17,2016-12-03,Alexis Sanchez,Arsenal,West Ham United,3,
2016/17,2016-12-10,Jamie Vardy,Leicester City,Manchester City,3,
2016/17,2016-12-14,Salomon Rondon,West Bromwich Albion,Swansea City,3,
2016/17,2016-12-31,Andre Gray,Burnley,Sunderland,3,
2016/17,2017-01-14,Harry Kane,Tottenham Hotspur,West Bromwich Albion,3,
2016/17,2017-02-04,Romelu Lukaku,Everton,Bournemouth,4,
2016/17,2017-02-26,Harry Kane,Tottenham Hotspur,Stoke City,3,
2016/17,2017-03-11,Josh King,Bournemouth,West Ham United,3,
2016/17,2017-05-18,Harry Kane,Tottenham Hotspur,Leicester City,4,
2016/17,2017-05-21,Harry Kane,Tottenham Hotspur,Hull City,3,
2017/18,2017-09-16,Sergio Aguero,Manchester City,Watford,3,
2017/18,2017-09-23,Alvaro Morata,Chelsea,Stoke City,3,
2017/18,2017-11-18,Callum Wilson,Bournemouth,Huddersfield Town,3,
2017/18,2017-11-29,Wayne Rooney,Everton,West Ham United,3,
2017/18,2017-12-23,Harry Kane,Tottenham Hotspur,Burnley,3,
2017/18,2017-12-26,Harry Kane,Tottenham Hotspur,Southampton,3,
2017/18,2018-01-20,Sergio Aguero,Manchester City,Newcastle United,3,yes
2017/18,2018-02-03,Aaron Ramsey,Arsenal,Everton,3,
2017/18,2018-02-10,Sergio Aguero,Manchester City,Leicester City,4,
2017/18,2018-03-17,Mohamed Salah,Liverpool,Watford,4,
2018/19,2018-08-19,Sergio Aguero,Manchester City,Huddersfield Town,3,
2018/19,2018-09-15,Eden Hazard,Chelsea,Cardiff City,3,
2018/19,2018-12-08,Mohamed Salah,Liverpool,Bournemouth,3,
2018/19,2018-12-29,Roberto Firmino,Liverpool,Arsenal,3,
2018/19,2019-01-19,Diogo Jota,Wolverhampton Wanderers,Leicester City,3,
2018/19,2019-02-03,Sergio Aguero,Manchester City,Arsenal,3,
2018/19,2019-02-10,Sergio Aguero,Manchester City,Chelsea,3,
2018/19,2019-02-22,Gerard Deulofeu,Watford,Cardiff City,3,
2018/19,2019-03-09,Raheem Sterling,Manchester City,Watford,3,
2018/19,2019-04-13,Lucas Moura,Tottenham Hotspur,Huddersfield Town,3,
2018/19,2019-04-20,Ayoze Perez,Newcastle United,Southampton,3,
2019/20,2019-08-10,Raheem Sterling,Manchester City,West Ham United,3,
2019/20,2019-08-17,Teemu Pukki,Norwich City,Newcastle United,3,
2019/20,2019-08-17,Tammy Abraham,Chelsea,Wolverhampton Wanderers,3,
2019/20,2019-09-21,Bernardo Silva,Manchester City,Watford,3,
2019/20,2019-10-25,Ayoze Perez,Leicester City,Southampton,3,
2019/20,2019-10-25,Jamie Vardy,Leicester City,Southampton,3,
2019/20,2019-10-26,Christian Pulisic,Chelsea,Burnley,3,yes
2019/20,2020-01-12,Sergio Aguero,Manchester City,Aston Villa,3,
2019/20,2020-06-24,Anthony Martial,Manchester United,Sheffield United,3,
2019/20,2020-07-11,Michail Antonio,West Ham United,Norwich City,4,
2019/20,2020-07-11,Raheem Sterling,Manchester City,Brighton & Hove Albion,3,
2020/21,2020-09-12,Mohamed Salah,Liverpool,Leeds United,3,
2020/21,2020-09-19,Dominic Calvert-Lewin,Everton,West Bromwich Albion,3,
2020/21,2020-09-20,Son Heung-min,Tottenham Hotspur,Southampton,4,
2020/21,2020-09-27,Jamie Vardy,Leicester City,Manchester City,3,
2020/21,2020-10-04,Ollie Watkins,Aston Villa,Liverpool,3,yes
2020/21,2020-10-23,Patrick Bamford,Leeds United,Aston Villa,3,
2020/21,2020-11-28,Riyad Mahrez,Manchester City,Burnley,3,
2020/21,2021-02-14,Pierre-Emerick Aubameyang,Arsenal,Leeds United,3,
2020/21,2021-03-14,Kelechi Iheanacho,Leicester City,Sheffield United,3,
2020/21,2021-04-25,Chris Wood,Burnley,Wolverhampton Wanderers,3,
2020/21,2021-05-02,Gareth Bale,Tottenham Hotspur,Sheffield United,3,
2020/21,2021-05-14,Ferran Torres,Manchester City,Newcastle United,3,
2021/22,2021-08-14,Bruno Fernandes,Manchester United,Leeds United,3,
2021/22,2021-10-16,Roberto Firmino,Liverpool,Watford,3,
2021/22,2021-10-23,Mason Mount,Chelsea,Norwich City,3,
2021/22,2021-10-23,Josh King,Watford,Everton,3,
2021/22,2021-10-24,Mohamed Salah,Liverpool,Manchester United,3,
2021/22,2022-01-16,Jack Harrison,Leeds United,West Ham United,3,
2021/22,2022-02-12,Raheem Sterling,Manchester City,Norwich City,3,yes
2021/22,2022-03-05,Ivan Toney,Brentford,Norwich City,3,
2021/22,2022-03-12,Cristiano Ronaldo,Manchester United,Tottenham Hotspur,3,
2021/22,2022-04-09,Son Heung-min,Tottenham Hotspur,Aston Villa,3,
2021/22,2022-04-16,Cristiano Ronaldo,Manchester United,Norwich City,3,
2021/22,2022-04-23,Gabriel Jesus,Manchester City,Watford,4,
2021/22,2022-05-11,Kevin De Bruyne,Manchester City,Wolverhampton Wanderers,4,
2022/23,2022-08-27,Erling Haaland,Manchester City,Crystal Palace,3,
2022/23,2022-08-31,Erling Haaland,Manchester City,Nottingham Forest,3,yes
2022/23,2022-09-03,Ivan Toney,Brentford,Leeds United,3,
2022/23,2022-09-17,Son Heung-min,Tottenham Hotspur,Leicester City,3,
2022/23,2022-10-01,Leandro Trossard,Brighton & Hove Albion,Liverpool,3,
2022/23,2022-10-02,Erling Haaland,Manchester City,Manchester United,3,
2022/23,2022-10-02,Phil Foden,Manchester City,Manchester United,3,
2022/23,2023-01-22,Erling Haaland,Manchester City,Wolverhampton Wanderers,3,
2023/24,2023-09-02,Son Heung-min,Tottenham Hotspur,Burnley,3,
2023/24,2023-09-02,Erling Haaland,Manchester City,Fulham,3,
2023/24,2023-09-02,Evan Ferguson,Brighton & Hove Albion,Newcastle United,3,
2023/24,2023-09-30,Ollie Watkins,Aston Villa,Brighton & Hove Albion,3,
2023/24,2023-10-28,Eddie Nketiah,Arsenal,Sheffield United,3,
2023/24,2023-11-06,Nicolas Jackson,Chelsea,Tottenham Hotspur,3,
2023/24,2023-12-23,Dominic Solanke,Bournemouth,Nottingham Forest,3,
2023/24,2023-12-26,Chris Wood,Nottingham Forest,Newcastle United,3,
2023/24,2024-01-30,Elijah Adebayo,Luton Town,Brighton & Hove Albion,3,
2023/24,2024-02-04,Matheus Cunha,Wolverhampton Wanderers,Chelsea,3,
2023/24,2024-02-05,Phil Foden,Manchester City,Brentford,3,
2023/24,2024-02-26,Jarrod Bowen,West Ham United,Brentford,3,
2023/24,2024-04-03,Phil Foden,Manchester City,Aston Villa,3,
2023/24,2024-04-04,Cole Palmer,Chelsea,Manchester United,3,
2023/24,2024-04-15,Cole Palmer,Chelsea,Everton,4,yes
2023/24,2024-05-04,Erling Haaland,Manchester City,Wolverhampton Wanderers,4,
2023/24,2024-05-19,Jean-Philippe Mateta,Crystal Palace,Aston Villa,3,
2024/25,2024-08-24,Erling Haaland,Manchester City,Ipswich Town,3,
2024/25,2024-08-25,Noni Madueke,Chelsea,Wolverhampton Wanderers,3,
2024/25,2024-08-31,Erling Haaland,Manchester City,West Ham United,3,
2024/25,2024-09-28,Cole Palmer,Chelsea,Brighton & Hove Albion,4,
2024/25,2024-11-30,Kevin Schade,Brentford,Leicester City,3,
2024/25,2024-11-30,Justin Kluivert,Bournemouth,Wolverhampton Wanderers,3,
2024/25,2024-12-21,Alexander Isak,Newcastle United,Ipswich Town,3,
2024/25,2025-01-16,Amad Diallo,Manchester United,Southampton,3,
2024/25,2025-01-18,Justin Kluivert,Bournemouth,Newcastle United,3,
2024/25,2025-01-25,Dango Ouattara,Bournemouth,Nottingham Forest,3,
2024/25,2025-02-01,Chris Wood,Nottingham Forest,Brighton & Hove Albion,3,
2024/25,2025-02-15,Omar Marmoush,Manchester City,Newcastle United,3,
2025/26,2025-10-18,Jean-Philippe Mateta,Crystal Palace,Bournemouth,3,
2025/26,2025-11-23,Eberechi Eze,Arsenal,Tottenham Hotspur,3,
2025/26,2025-12-27,Kevin Schade,Brentford,Bournemouth,3,yes
2025/26,2026-01-04,Igor Thiago,Brentford,Everton,3,
2025/26,2026-02-07,Cole Palmer,Chelsea,Wolverhampton Wanderers,3,
2025/26,2026-03-04,Joao Pedro,Chelsea,Aston Villa,3,
2025/26,2026-04-19,Morgan Gibbs-White,Nottingham Forest,Burnley,3,
